-- phpMyAdmin SQL Dump
-- version 4.0.10deb1
-- http://www.phpmyadmin.net
--
-- Host: localhost
-- Erstellungszeit: 20. Jan 2016 um 15:03
-- Server Version: 10.0.19-MariaDB-1~trusty-log
-- PHP-Version: 5.5.9-1ubuntu4.14

SET SQL_MODE = "NO_AUTO_VALUE_ON_ZERO";
SET time_zone = "+00:00";


/*!40101 SET @OLD_CHARACTER_SET_CLIENT=@@CHARACTER_SET_CLIENT */;
/*!40101 SET @OLD_CHARACTER_SET_RESULTS=@@CHARACTER_SET_RESULTS */;
/*!40101 SET @OLD_COLLATION_CONNECTION=@@COLLATION_CONNECTION */;
/*!40101 SET NAMES utf8 */;

--
-- Datenbank: `survey`
--

-- --------------------------------------------------------

--
-- Tabellenstruktur für Tabelle `adresses`
--

CREATE TABLE IF NOT EXISTS `adresses` (
  `adressID` int(3) unsigned NOT NULL AUTO_INCREMENT,
  `adress` varchar(120) CHARACTER SET latin1 COLLATE latin1_german1_ci NOT NULL,
  `cityID` int(3) unsigned NOT NULL,
  PRIMARY KEY (`adressID`),
  KEY `cityID` (`cityID`)
) ENGINE=InnoDB  DEFAULT CHARSET=latin1 AUTO_INCREMENT=103 ;

--
-- Daten für Tabelle `adresses`
--

INSERT INTO `adresses` (`adressID`, `adress`, `cityID`) VALUES
(23, 'Waldhausener Str. 88, 41061 Mönchengladbach', 2),
(24, 'Aachener Str. 21-23, 41061 Mönchengladbach', 2),
(25, 'Sandradstraße 9, 41061 Mönchengladbach', 2),
(26, 'Alter Markt 48, 41061 Mönchengladbach', 2),
(27, 'Rathausstraße 11A, 41061 Mönchengladbach', 2),
(28, 'Krichelstraße 22, 41061 Mönchengladbach', 2),
(29, 'Marktstieg 20, 41061 Mönchengladbach', 2),
(30, 'Erzbergerstraße 147, 41061 Mönchengladbach', 2),
(31, 'Humboldtstraße 6, 41061 Mönchengladbach', 2),
(32, 'Neustraße 22, 41061 Mönchengladbach', 2),
(33, 'Roermonder Str. 9, 41068 Mönchengladbach', 2),
(34, 'Ritterstraße 49, 41238 Mönchengladbach', 2),
(35, 'Rheydter Str. 242, 41065 Mönchengladbach', 2),
(36, 'Hehnerholt 170, 41069 Mönchengladbach', 2),
(37, 'Albertusstraße 44a, 41061 Mönchengladbach', 2),
(38, 'Eickener Str. 132, 41063 Mönchengladbach', 2),
(39, 'Stephanstraße 1, 41061 Mönchengladbach', 2),
(40, 'Gabelsbergerstraße 81, 41065 Mönchengladbach', 2),
(41, 'Friedrich-Ebert-Straße 276, 41236 Mönchengladbach', 2),
(42, 'Brucknerallee 35, 41236 Mönchengladbach', 2),
(43, 'Kyffhäuserstraße 17, 50674 Köln', 1),
(44, 'Vogelsanger Str. 140, 50823 Köln', 1),
(45, 'Rathenaupl. 7, 50674 Köln', 1),
(46, 'Chargesheimerplatz 1, 50667 Köln', 1),
(47, 'Friesenstraße 82, 50670 Köln', 1),
(48, 'Engelbertstraße 63, 50674 Köln', 1),
(49, 'Roonstraße 94, 50674 Köln', 1),
(50, 'Marzellenstraße 17, 50668 Köln', 1),
(51, 'Mathiasstraße 5, 50676 Köln', 1),
(52, 'Schaafenstraße 45, 50676 Köln', 1),
(53, 'Wallstraße 91, 51063 Köln', 1),
(54, 'Körnerstraße 67, 50823 Köln', 1),
(55, 'Glasstraße 2, 50823 Köln', 1),
(56, 'Wahlenstraße 2, 50823 Köln', 1),
(57, 'Luxemburger Str. 315, 50939 Köln', 1),
(58, 'Schildergasse 57, 50667 Köln', 1),
(59, 'Venloer Str. 196, 50823 Köln', 1),
(60, 'Mülheimer Freiheit 54, 51063 Köln', 1),
(61, 'Richmodstraße 13, 50667 Köln', 1),
(62, 'Rösrather Str. 759, 51107 Köln', 1),
(63, 'Ulmenstraße 16, 09112 Chemnitz', 3),
(64, 'Brückenstraße 17, 09111 Chemnitz', 3),
(65, 'Brückenstraße 4, 09111 Chemnitz', 3),
(66, 'Leipziger Str. 193-199, 09114 Chemnitz', 3),
(67, 'Zschopauer Str. 48, 09111 Chemnitz', 3),
(68, 'Innere Klosterstraße 10, 09111 Chemnitz', 3),
(69, 'Hohe Str. 33, 09112 Chemnitz', 3),
(70, 'Wildparkstraße 11, 09247 Chemnitz', 3),
(71, 'Hübschmannstraße 13, 09112 Chemnitz', 3),
(72, 'Theaterstraße 7, 09111 Chemnitz', 3),
(73, 'Düsseldorfer Pl. 1, 09111 Chemnitz', 3),
(74, 'Schönherrstraße 8, 09113 Chemnitz', 3),
(75, 'Brühl 36, 09111 Chemnitz', 3),
(76, 'Oberfrohnaer Str. 118, 09117 Chemnitz', 3),
(77, 'Markersdorfer Str. 112, 09123 Chemnitz', 3),
(78, 'Schloßstraße 12, 09111 Chemnitz', 3),
(79, 'Schloßteichstraße 20, 09113 Chemnitz', 3),
(80, 'Anton-Herrmann-Straße 2, 09123 Chemnitz', 3),
(81, 'Zietenstraße 40, 09130 Chemnitz', 3),
(82, 'Ferdinandstraße 42, 09128 Chemnitz', 3),
(83, 'Heuduckstraße 67, 66117 Saarbrücken', 4),
(84, 'Blumenstraße 10, 66111 Saarbrücken', 4),
(85, 'Schwarzenbergstraße 15, 66123 Saarbrücken', 4),
(86, 'Sankt-Johanner-Markt 24, 66111 Saarbrücken', 4),
(87, 'Brühlstraße 31, 66119 Saarbrücken', 4),
(88, 'Nauwieserstraße 19, 66111 Saarbrücken', 4),
(89, 'Sankt-Johanner-Markt 5, 66111 Saarbrücken', 4),
(90, 'Berliner Promenade 5, 66111 Saarbrücken', 4),
(91, 'Hohenzollernstraße 78, 66117 Saarbrücken', 4),
(92, 'Mainzer Str. 78, 66121 Saarbrücken', 4),
(93, 'Eisenbahnstraße 6, 66117 Saarbrücken', 4),
(94, 'Bleichstraße 7, 66111 Saarbrücken', 4),
(95, 'An der Römerbrücke 3, 66121 Saarbrücken', 4),
(96, 'St. Johanner Markt 17-19, 66111 Saarbrücken', 4),
(97, 'Fröschengasse 6, 66111 Saarbrücken', 4),
(98, 'Ludwigstraße 12, 66115 Saarbrücken', 4),
(99, 'Obertorstraße 3, 66111 Saarbrücken', 4),
(100, 'Mainzer Str. 8, 66111 Saarbrücken', 4),
(101, 'Saarstraße 8, 66111 Saarbrücken', 4),
(102, 'Saargemünder Str. 83, 66119 Saarbrücken', 4);

-- --------------------------------------------------------

--
-- Tabellenstruktur für Tabelle `anzahlen`
--

CREATE TABLE IF NOT EXISTS `anzahlen` (
  `anzahlID` int(3) unsigned NOT NULL AUTO_INCREMENT,
  `a_min` int(5) unsigned NOT NULL COMMENT 'inklusive',
  `a_max` int(5) unsigned NOT NULL COMMENT 'inklusive',
  PRIMARY KEY (`anzahlID`)
) ENGINE=InnoDB  DEFAULT CHARSET=latin1 AUTO_INCREMENT=4 ;

--
-- Daten für Tabelle `anzahlen`
--

INSERT INTO `anzahlen` (`anzahlID`, `a_min`, `a_max`) VALUES
(1, 70, 120),
(2, 20, 50),
(3, 5, 15);

-- --------------------------------------------------------

--
-- Tabellenstruktur für Tabelle `cities`
--

CREATE TABLE IF NOT EXISTS `cities` (
  `cityID` int(3) unsigned NOT NULL AUTO_INCREMENT,
  `cityName` varchar(30) CHARACTER SET latin1 COLLATE latin1_german1_ci NOT NULL,
  PRIMARY KEY (`cityID`)
) ENGINE=InnoDB  DEFAULT CHARSET=latin1 AUTO_INCREMENT=5 ;

--
-- Daten für Tabelle `cities`
--

INSERT INTO `cities` (`cityID`, `cityName`) VALUES
(1, 'Köln'),
(2, 'Mönchengladbach'),
(3, 'Chemnitz'),
(4, 'Saarbrücken');

-- --------------------------------------------------------

--
-- Tabellenstruktur für Tabelle `concretetasks`
--

CREATE TABLE IF NOT EXISTS `concretetasks` (
  `vpID` varchar(10) CHARACTER SET latin1 COLLATE latin1_german1_ci NOT NULL,
  `tempPos` int(3) unsigned NOT NULL,
  `locPos` int(3) unsigned NOT NULL,
  `levelID` int(3) unsigned NOT NULL,
  `note` decimal(2,1) unsigned NOT NULL,
  `anzahl` int(5) unsigned NOT NULL,
  `prozent` int(3) unsigned NOT NULL,
  `nameID` int(3) unsigned NOT NULL,
  `photoID` int(3) unsigned DEFAULT NULL,
  `adressID` int(3) unsigned NOT NULL,
  `sex` char(1) NOT NULL,
  PRIMARY KEY (`vpID`,`tempPos`,`locPos`),
  KEY `levelID` (`levelID`),
  KEY `nameID` (`nameID`),
  KEY `photoID` (`photoID`),
  KEY `adressID` (`adressID`),
  KEY `tempPos` (`tempPos`),
  KEY `locPos` (`locPos`)
) ENGINE=InnoDB DEFAULT CHARSET=latin1;

--
-- Daten für Tabelle `concretetasks`
--

INSERT INTO `concretetasks` (`vpID`, `tempPos`, `locPos`, `levelID`, `note`, `anzahl`, `prozent`, `nameID`, `photoID`, `adressID`, `sex`) VALUES
('adwe19', 1, 1, 19, '1.3', 98, 99, 83, 30, 64, 'm'),
('adwe19', 1, 2, 19, '1.0', 75, 96, 303, 16, 82, 'f'),
('adwe19', 1, 3, 7, '1.7', 94, 91, 52, NULL, 70, 'm'),
('adwe19', 1, 4, 7, '1.4', 108, 94, 59, NULL, 72, 'm'),
('adwe19', 2, 1, 13, '1.9', 105, 75, 174, 33, 24, 'm'),
('adwe19', 2, 2, 18, '1.5', 5, 91, 429, 11, 27, 'f'),
('adwe19', 2, 3, 13, '2.3', 75, 68, 344, 13, 36, 'f'),
('adwe19', 2, 4, 18, '1.8', 11, 80, 244, 29, 25, 'm'),
('adwe19', 3, 1, 10, '1.3', 75, 96, 288, NULL, 57, 'f'),
('adwe19', 3, 2, 10, '1.1', 104, 99, 229, NULL, 52, 'm'),
('adwe19', 3, 3, 21, '1.1', 13, 99, 210, 37, 44, 'm'),
('adwe19', 3, 4, 21, '1.0', 5, 100, 102, 36, 56, 'm'),
('adwe19', 4, 1, 12, '1.3', 7, 96, 176, NULL, 101, 'm'),
('adwe19', 4, 2, 5, '1.9', 47, 75, 377, NULL, 91, 'f'),
('adwe19', 4, 3, 5, '2.0', 42, 71, 294, NULL, 84, 'f'),
('adwe19', 4, 4, 12, '1.0', 7, 97, 364, NULL, 94, 'f'),
('adwe19', 5, 1, 13, '2.0', 101, 74, 83, 33, 102, 'm'),
('adwe19', 5, 2, 21, '1.0', 14, 95, 412, 16, 98, 'f'),
('adwe19', 5, 3, 21, '1.1', 11, 100, 330, 24, 96, 'f'),
('adwe19', 5, 4, 13, '1.9', 74, 73, 305, 14, 91, 'f'),
('adwe19', 6, 1, 17, '1.4', 26, 84, 273, 15, 54, 'f'),
('adwe19', 6, 2, 21, '1.1', 13, 99, 233, 33, 55, 'm'),
('adwe19', 6, 3, 21, '1.2', 15, 100, 337, 13, 51, 'f'),
('adwe19', 6, 4, 17, '1.6', 32, 81, 396, 22, 46, 'f'),
('adwe19', 7, 1, 8, '1.4', 34, 88, 191, NULL, 34, 'm'),
('adwe19', 7, 2, 8, '1.4', 26, 89, 228, NULL, 38, 'm'),
('adwe19', 7, 3, 4, '2.3', 117, 78, 386, NULL, 25, 'f'),
('adwe19', 7, 4, 4, '1.9', 109, 77, 183, NULL, 24, 'm'),
('adwe19', 8, 1, 20, '1.0', 33, 100, 292, 11, 51, 'f'),
('adwe19', 8, 2, 10, '1.3', 106, 98, 283, NULL, 62, 'f'),
('adwe19', 8, 3, 20, '1.0', 23, 99, 338, 15, 60, 'f'),
('adwe19', 8, 4, 10, '1.3', 96, 96, 260, NULL, 55, 'f'),
('adwe19', 9, 1, 7, '1.8', 72, 85, 442, NULL, 49, 'f'),
('adwe19', 9, 2, 11, '1.0', 26, 99, 80, NULL, 47, 'm'),
('adwe19', 9, 3, 7, '1.8', 96, 84, 128, NULL, 44, 'm'),
('adwe19', 9, 4, 11, '1.1', 28, 98, 294, NULL, 60, 'f'),
('adwe19', 10, 1, 17, '1.4', 29, 82, 201, 41, 63, 'm'),
('adwe19', 10, 2, 5, '2.2', 32, 77, 297, NULL, 76, 'f'),
('adwe19', 10, 3, 5, '2.4', 47, 70, 210, NULL, 67, 'm'),
('adwe19', 10, 4, 17, '1.5', 29, 86, 232, 38, 68, 'm'),
('adwe19', 11, 1, 4, '2.1', 87, 72, 356, NULL, 90, 'f'),
('adwe19', 11, 2, 4, '2.2', 105, 75, 419, NULL, 89, 'f'),
('adwe19', 11, 3, 14, '2.3', 24, 77, 402, 21, 96, 'f'),
('adwe19', 11, 4, 14, '2.0', 43, 73, 220, 39, 97, 'm'),
('adwe19', 12, 1, 9, '1.7', 14, 94, 69, NULL, 32, 'm'),
('adwe19', 12, 2, 5, '2.2', 47, 72, 375, NULL, 39, 'f'),
('adwe19', 12, 3, 9, '1.5', 15, 92, 385, NULL, 41, 'f'),
('adwe19', 12, 4, 5, '1.9', 32, 77, 163, NULL, 36, 'm'),
('adwe19', 13, 1, 16, '1.6', 96, 91, 102, 29, 23, 'm'),
('adwe19', 13, 2, 20, '1.1', 50, 99, 110, 36, 29, 'm'),
('adwe19', 13, 3, 16, '1.4', 102, 82, 406, 14, 42, 'f'),
('adwe19', 13, 4, 20, '1.3', 40, 95, 419, 20, 25, 'f'),
('adwe19', 14, 1, 18, '1.8', 10, 82, 339, 18, 88, 'f'),
('adwe19', 14, 2, 8, '1.5', 31, 84, 135, NULL, 87, 'm'),
('adwe19', 14, 3, 8, '1.7', 28, 85, 187, NULL, 92, 'm'),
('adwe19', 14, 4, 18, '1.4', 8, 81, 251, 23, 93, 'f'),
('adwe19', 15, 1, 14, '2.3', 36, 71, 373, 20, 33, 'f'),
('adwe19', 15, 2, 18, '1.8', 7, 94, 281, 21, 23, 'f'),
('adwe19', 15, 3, 18, '1.5', 8, 81, 278, 11, 36, 'f'),
('adwe19', 15, 4, 14, '2.0', 28, 67, 276, 13, 27, 'f'),
('adwe19', 16, 1, 11, '1.0', 42, 97, 52, NULL, 25, 'm'),
('adwe19', 16, 2, 21, '1.3', 7, 96, 396, 21, 24, 'f'),
('adwe19', 16, 3, 11, '1.0', 27, 100, 225, NULL, 35, 'm'),
('adwe19', 16, 4, 21, '1.0', 13, 99, 312, 16, 40, 'f'),
('adwe19', 17, 1, 4, '2.0', 105, 74, 107, NULL, 32, 'm'),
('adwe19', 17, 2, 9, '1.6', 5, 94, 90, NULL, 29, 'm'),
('adwe19', 17, 3, 4, '2.1', 89, 74, 196, NULL, 25, 'm'),
('adwe19', 17, 4, 9, '1.7', 15, 92, 363, NULL, 30, 'f'),
('adwe19', 18, 1, 7, '1.5', 108, 83, 71, NULL, 91, 'm'),
('adwe19', 18, 2, 12, '1.1', 15, 96, 375, NULL, 90, 'f'),
('adwe19', 18, 3, 12, '1.0', 9, 96, 377, NULL, 101, 'f'),
('adwe19', 18, 4, 7, '1.5', 101, 86, 299, NULL, 86, 'f'),
('adwe19', 19, 1, 6, '2.3', 14, 70, 419, NULL, 79, 'f'),
('adwe19', 19, 2, 21, '1.3', 9, 99, 276, 12, 81, 'f'),
('adwe19', 19, 3, 21, '1.1', 7, 97, 259, 11, 77, 'f'),
('adwe19', 19, 4, 6, '2.0', 12, 79, 390, NULL, 64, 'f'),
('adwe19', 20, 1, 21, '1.0', 5, 97, 155, 26, 41, 'm'),
('adwe19', 20, 2, 21, '1.2', 15, 100, 218, 31, 39, 'm'),
('adwe19', 20, 3, 9, '1.5', 12, 92, 197, NULL, 33, 'm'),
('adwe19', 20, 4, 9, '1.4', 8, 84, 397, NULL, 26, 'f'),
('adwe19', 21, 1, 4, '2.2', 104, 67, 124, NULL, 62, 'm'),
('adwe19', 21, 2, 4, '2.0', 113, 79, 284, NULL, 61, 'f'),
('adwe19', 21, 3, 19, '1.3', 116, 95, 233, 27, 50, 'm'),
('adwe19', 21, 4, 19, '1.1', 114, 95, 378, 21, 60, 'f'),
('adwe19', 22, 1, 8, '1.4', 31, 94, 376, NULL, 59, 'f'),
('adwe19', 22, 2, 20, '1.3', 48, 96, 420, 19, 44, 'f'),
('adwe19', 22, 3, 8, '1.8', 33, 82, 194, NULL, 60, 'm'),
('adwe19', 22, 4, 20, '1.0', 26, 98, 435, 17, 51, 'f'),
('adwe19', 23, 1, 7, '1.7', 92, 85, 183, NULL, 97, 'm'),
('adwe19', 23, 2, 7, '1.8', 110, 93, 345, NULL, 100, 'f'),
('adwe19', 23, 3, 18, '1.6', 15, 90, 357, 23, 86, 'f'),
('adwe19', 23, 4, 18, '1.5', 7, 81, 101, 38, 89, 'm'),
('adwe19', 24, 1, 20, '1.2', 26, 96, 208, 41, 53, 'm'),
('adwe19', 24, 2, 13, '2.2', 109, 69, 132, 27, 54, 'm'),
('adwe19', 24, 3, 13, '2.3', 79, 77, 275, 15, 56, 'f'),
('adwe19', 24, 4, 20, '1.1', 46, 100, 146, 33, 45, 'm'),
('adwe19', 25, 1, 5, '2.2', 24, 74, 266, NULL, 102, 'f'),
('adwe19', 25, 2, 20, '1.0', 29, 97, 284, 19, 92, 'f'),
('adwe19', 25, 3, 5, '2.0', 29, 66, 394, NULL, 88, 'f'),
('adwe19', 25, 4, 20, '1.2', 20, 97, 232, 35, 91, 'm'),
('adwe19', 26, 1, 12, '1.3', 12, 98, 402, NULL, 58, 'f'),
('adwe19', 26, 2, 8, '1.6', 47, 86, 263, NULL, 54, 'f'),
('adwe19', 26, 3, 12, '1.2', 7, 95, 131, NULL, 44, 'm'),
('adwe19', 26, 4, 8, '1.5', 29, 85, 187, NULL, 48, 'm'),
('adwe19', 27, 1, 14, '1.9', 24, 76, 116, 32, 50, 'm'),
('adwe19', 27, 2, 21, '1.1', 11, 100, 143, 25, 44, 'm'),
('adwe19', 27, 3, 21, '1.2', 15, 96, 189, 36, 54, 'm'),
('adwe19', 27, 4, 14, '2.0', 38, 72, 448, 20, 49, 'f'),
('adwe19', 28, 1, 18, '1.8', 10, 89, 194, 33, 60, 'm'),
('adwe19', 28, 2, 6, '2.1', 9, 76, 107, NULL, 58, 'm'),
('adwe19', 28, 3, 18, '1.8', 10, 87, 371, 20, 52, 'f'),
('adwe19', 28, 4, 6, '2.1', 7, 75, 394, NULL, 47, 'f'),
('adwe19', 29, 1, 11, '1.3', 49, 100, 274, NULL, 51, 'f'),
('adwe19', 29, 2, 11, '1.1', 46, 97, 118, NULL, 52, 'm'),
('adwe19', 29, 3, 4, '2.0', 81, 76, 256, NULL, 50, 'f'),
('adwe19', 29, 4, 4, '2.3', 81, 73, 104, NULL, 48, 'm'),
('adwe19', 30, 1, 4, '2.4', 102, 67, 324, NULL, 35, 'f'),
('adwe19', 30, 2, 4, '2.2', 100, 70, 420, NULL, 40, 'f'),
('adwe19', 30, 3, 12, '1.1', 8, 95, 412, NULL, 23, 'f'),
('adwe19', 30, 4, 12, '1.0', 11, 95, 68, NULL, 29, 'm'),
('adwe19', 31, 1, 4, '1.9', 85, 79, 59, NULL, 97, 'm'),
('adwe19', 31, 2, 4, '2.1', 78, 68, 58, NULL, 83, 'm'),
('adwe19', 31, 3, 15, '2.4', 6, 72, 167, 41, 87, 'm'),
('adwe19', 31, 4, 15, '2.2', 12, 67, 378, 24, 86, 'f'),
('adwe19', 32, 1, 15, '2.0', 6, 79, 333, 22, 25, 'f'),
('adwe19', 32, 2, 5, '2.4', 25, 69, 442, NULL, 41, 'f'),
('adwe19', 32, 3, 5, '2.0', 41, 78, 160, NULL, 37, 'm'),
('adwe19', 32, 4, 5, '1.9', 24, 68, 281, NULL, 26, 'f'),
('adwe19', 33, 1, 17, '1.4', 45, 86, 197, 38, 80, 'm'),
('adwe19', 33, 2, 17, '1.7', 49, 89, 335, 20, 77, 'f'),
('adwe19', 33, 3, 7, '1.8', 119, 86, 375, NULL, 75, 'f'),
('adwe19', 33, 4, 7, '1.8', 97, 94, 320, NULL, 82, 'f'),
('adwe19', 34, 1, 13, '2.3', 119, 73, 134, 35, 37, 'm'),
('adwe19', 34, 2, 17, '1.7', 35, 84, 302, 11, 26, 'f'),
('adwe19', 34, 3, 17, '1.6', 20, 89, 218, 34, 40, 'm'),
('adwe19', 34, 4, 13, '2.4', 107, 74, 181, 31, 38, 'm'),
('adwe19', 35, 1, 21, '1.1', 6, 96, 182, 30, 54, 'm'),
('adwe19', 35, 2, 21, '1.3', 15, 98, 317, 23, 53, 'f'),
('adwe19', 35, 3, 16, '1.5', 82, 89, 131, 41, 47, 'm'),
('adwe19', 35, 4, 16, '1.4', 117, 84, 62, 29, 57, 'm'),
('adwe19', 36, 1, 4, '2.0', 101, 71, 261, NULL, 92, 'f'),
('adwe19', 36, 2, 16, '1.4', 109, 85, 108, 34, 88, 'm'),
('adwe19', 36, 3, 16, '1.8', 120, 92, 332, 12, 85, 'f'),
('adwe19', 36, 4, 4, '2.3', 70, 74, 335, NULL, 102, 'f'),
('Asns06', 1, 1, 4, '2.0', 109, 75, 361, NULL, 66, 'f'),
('Asns06', 1, 2, 15, '2.1', 10, 79, 141, 37, 77, 'm'),
('Asns06', 1, 3, 15, '2.4', 6, 71, 358, 16, 67, 'f'),
('Asns06', 1, 4, 4, '2.2', 120, 76, 354, NULL, 72, 'f'),
('Asns06', 2, 1, 16, '1.8', 101, 90, 108, 39, 95, 'm'),
('Asns06', 2, 2, 4, '2.1', 113, 73, 157, NULL, 87, 'm'),
('Asns06', 2, 3, 16, '1.4', 71, 81, 291, 18, 94, 'f'),
('Asns06', 2, 4, 4, '2.1', 73, 73, 109, NULL, 100, 'm'),
('Asns06', 3, 1, 5, '1.9', 34, 71, 86, NULL, 44, 'm'),
('Asns06', 3, 2, 5, '2.4', 33, 79, 237, NULL, 45, 'm'),
('Asns06', 3, 3, 17, '1.4', 33, 84, 352, 24, 55, 'f'),
('Asns06', 3, 4, 17, '1.5', 20, 93, 230, 28, 52, 'm'),
('Asns06', 4, 1, 7, '1.6', 118, 91, 321, NULL, 74, 'f'),
('Asns06', 4, 2, 11, '1.0', 24, 98, 190, NULL, 69, 'm'),
('Asns06', 4, 3, 7, '1.6', 88, 81, 231, NULL, 77, 'm'),
('Asns06', 4, 4, 11, '1.2', 41, 97, 214, NULL, 65, 'm'),
('Asns06', 5, 1, 21, '1.2', 14, 99, 189, 33, 77, 'm'),
('Asns06', 5, 2, 21, '1.1', 7, 99, 162, 25, 66, 'm'),
('Asns06', 5, 3, 10, '1.0', 74, 100, 275, NULL, 71, 'f'),
('Asns06', 5, 4, 10, '1.1', 77, 95, 272, NULL, 68, 'f'),
('Asns06', 6, 1, 19, '1.2', 72, 95, 373, 12, 101, 'f'),
('Asns06', 6, 2, 19, '1.3', 86, 99, 410, 19, 85, 'f'),
('Asns06', 6, 3, 4, '2.3', 117, 72, 394, NULL, 92, 'f'),
('Asns06', 6, 4, 4, '2.0', 117, 78, 181, NULL, 90, 'm'),
('Asns06', 7, 1, 20, '1.3', 22, 96, 444, 12, 53, 'f'),
('Asns06', 7, 2, 13, '2.4', 96, 73, 341, 15, 62, 'f'),
('Asns06', 7, 3, 20, '1.1', 30, 97, 406, 18, 55, 'f'),
('Asns06', 7, 4, 13, '2.0', 107, 69, 138, 26, 47, 'm'),
('Asns06', 8, 1, 8, '1.7', 44, 91, 217, NULL, 36, 'm'),
('Asns06', 8, 2, 4, '1.9', 116, 69, 420, NULL, 37, 'f'),
('Asns06', 8, 3, 4, '1.9', 106, 75, 440, NULL, 26, 'f'),
('Asns06', 8, 4, 8, '1.5', 47, 90, 88, NULL, 38, 'm'),
('Asns06', 9, 1, 4, '2.0', 103, 75, 385, NULL, 100, 'f'),
('Asns06', 9, 2, 4, '2.0', 82, 68, 208, NULL, 101, 'm'),
('Asns06', 9, 3, 14, '2.3', 48, 71, 63, 25, 83, 'm'),
('Asns06', 9, 4, 14, '2.2', 46, 67, 173, 29, 86, 'm'),
('Asns06', 10, 1, 17, '1.4', 36, 90, 285, 20, 38, 'f'),
('Asns06', 10, 2, 21, '1.1', 13, 96, 307, 21, 36, 'f'),
('Asns06', 10, 3, 21, '1.0', 13, 100, 57, 27, 27, 'm'),
('Asns06', 10, 4, 17, '1.4', 33, 80, 127, 36, 30, 'm'),
('Asns06', 11, 1, 13, '2.2', 96, 78, 211, 28, 65, 'm'),
('Asns06', 11, 2, 18, '1.5', 9, 91, 63, 31, 79, 'm'),
('Asns06', 11, 3, 13, '1.9', 100, 74, 282, 15, 76, 'f'),
('Asns06', 11, 4, 18, '1.4', 8, 93, 236, 25, 72, 'm'),
('Asns06', 12, 1, 5, '2.2', 36, 67, 360, NULL, 40, 'f'),
('Asns06', 12, 2, 9, '1.4', 5, 82, 162, NULL, 23, 'm'),
('Asns06', 12, 3, 9, '1.5', 10, 92, 200, NULL, 25, 'm'),
('Asns06', 12, 4, 5, '2.0', 22, 73, 98, NULL, 29, 'm'),
('Asns06', 13, 1, 12, '1.3', 12, 97, 208, NULL, 93, 'm'),
('Asns06', 13, 2, 5, '1.9', 20, 71, 402, NULL, 88, 'f'),
('Asns06', 13, 3, 12, '1.3', 12, 96, 256, NULL, 98, 'f'),
('Asns06', 13, 4, 5, '2.2', 38, 73, 228, NULL, 87, 'm'),
('Asns06', 14, 1, 12, '1.3', 15, 95, 117, NULL, 45, 'm'),
('Asns06', 14, 2, 7, '1.6', 115, 88, 417, NULL, 60, 'f'),
('Asns06', 14, 3, 12, '1.0', 15, 95, 330, NULL, 58, 'f'),
('Asns06', 14, 4, 7, '1.7', 79, 92, 245, NULL, 53, 'm'),
('Asns06', 15, 1, 4, '2.4', 92, 74, 74, NULL, 100, 'm'),
('Asns06', 15, 2, 4, '2.2', 106, 77, 237, NULL, 90, 'm'),
('Asns06', 15, 3, 12, '1.2', 13, 95, 431, NULL, 83, 'f'),
('Asns06', 15, 4, 12, '1.3', 14, 99, 238, NULL, 92, 'm'),
('Asns06', 16, 1, 18, '1.4', 10, 81, 234, 32, 98, 'm'),
('Asns06', 16, 2, 6, '2.2', 7, 78, 261, NULL, 94, 'f'),
('Asns06', 16, 3, 6, '1.9', 14, 77, 154, NULL, 83, 'm'),
('Asns06', 16, 4, 18, '1.5', 6, 84, 357, 24, 87, 'f'),
('Asns06', 17, 1, 21, '1.3', 14, 96, 347, 13, 24, 'f'),
('Asns06', 17, 2, 11, '1.1', 43, 96, 361, NULL, 26, 'f'),
('Asns06', 17, 3, 11, '1.0', 23, 96, 400, NULL, 25, 'f'),
('Asns06', 17, 4, 21, '1.1', 6, 96, 173, 28, 28, 'm'),
('Asns06', 18, 1, 17, '1.6', 41, 93, 302, 17, 29, 'f'),
('Asns06', 18, 2, 7, '1.4', 119, 86, 389, NULL, 36, 'f'),
('Asns06', 18, 3, 7, '1.4', 70, 93, 146, NULL, 26, 'm'),
('Asns06', 18, 4, 17, '1.4', 49, 89, 366, 20, 33, 'f'),
('Asns06', 19, 1, 8, '1.8', 43, 90, 136, NULL, 79, 'm'),
('Asns06', 19, 2, 8, '1.4', 37, 86, 148, NULL, 76, 'm'),
('Asns06', 19, 3, 18, '1.8', 11, 93, 392, 15, 75, 'f'),
('Asns06', 19, 4, 18, '1.6', 7, 86, 341, 20, 67, 'f'),
('Asns06', 20, 1, 10, '1.1', 111, 99, 366, NULL, 42, 'f'),
('Asns06', 20, 2, 20, '1.1', 32, 98, 158, 34, 25, 'm'),
('Asns06', 20, 3, 10, '1.3', 111, 97, 246, NULL, 31, 'm'),
('Asns06', 20, 4, 20, '1.2', 32, 97, 221, 28, 40, 'm'),
('Asns06', 21, 1, 18, '1.8', 7, 80, 372, 12, 85, 'f'),
('Asns06', 21, 2, 14, '2.3', 27, 68, 279, 14, 94, 'f'),
('Asns06', 21, 3, 18, '1.8', 13, 82, 276, 18, 89, 'f'),
('Asns06', 21, 4, 14, '2.3', 41, 79, 116, 31, 83, 'm'),
('Asns06', 22, 1, 13, '2.1', 91, 67, 268, 16, 32, 'f'),
('Asns06', 22, 2, 17, '1.6', 27, 91, 203, 36, 23, 'm'),
('Asns06', 22, 3, 13, '2.3', 104, 71, 357, 20, 41, 'f'),
('Asns06', 22, 4, 17, '1.7', 37, 82, 225, 41, 40, 'm'),
('Asns06', 23, 1, 5, '2.2', 28, 78, 170, NULL, 42, 'm'),
('Asns06', 23, 2, 5, '2.1', 28, 69, 200, NULL, 28, 'm'),
('Asns06', 23, 3, 20, '1.1', 22, 97, 202, 38, 38, 'm'),
('Asns06', 23, 4, 20, '1.0', 28, 99, 185, 39, 23, 'm'),
('Asns06', 24, 1, 21, '1.1', 9, 100, 268, 15, 45, 'f'),
('Asns06', 24, 2, 21, '1.3', 13, 99, 234, 25, 44, 'm'),
('Asns06', 24, 3, 16, '1.4', 74, 89, 435, 24, 61, 'f'),
('Asns06', 24, 4, 16, '1.5', 112, 82, 68, 27, 47, 'm'),
('Asns06', 25, 1, 4, '2.3', 106, 66, 407, NULL, 30, 'f'),
('Asns06', 25, 2, 9, '1.7', 7, 94, 314, NULL, 39, 'f'),
('Asns06', 25, 3, 9, '1.6', 10, 92, 63, NULL, 23, 'm'),
('Asns06', 25, 4, 4, '2.3', 86, 79, 96, NULL, 24, 'm'),
('Asns06', 26, 1, 15, '2.1', 15, 67, 136, 38, 102, 'm'),
('Asns06', 26, 2, 5, '2.3', 31, 75, 404, NULL, 101, 'f'),
('Asns06', 26, 3, 5, '2.4', 34, 66, 185, NULL, 99, 'm'),
('Asns06', 26, 4, 5, '2.3', 28, 78, 389, NULL, 91, 'f'),
('Asns06', 27, 1, 6, '2.2', 12, 76, 388, NULL, 38, 'f'),
('Asns06', 27, 2, 21, '1.1', 13, 97, 197, 27, 28, 'm'),
('Asns06', 27, 3, 6, '2.4', 7, 75, 249, NULL, 41, 'f'),
('Asns06', 27, 4, 21, '1.1', 9, 99, 352, 12, 26, 'f'),
('Asns06', 28, 1, 20, '1.2', 42, 97, 93, 41, 62, 'm'),
('Asns06', 28, 2, 20, '1.2', 44, 99, 117, 25, 44, 'm'),
('Asns06', 28, 3, 8, '1.7', 44, 83, 122, NULL, 57, 'm'),
('Asns06', 28, 4, 8, '1.8', 29, 80, 118, NULL, 56, 'm'),
('Asns06', 29, 1, 18, '1.5', 8, 82, 379, 21, 68, 'f'),
('Asns06', 29, 2, 7, '1.5', 80, 93, 448, NULL, 77, 'f'),
('Asns06', 29, 3, 7, '1.6', 118, 86, 264, NULL, 69, 'f'),
('Asns06', 29, 4, 18, '1.5', 10, 91, 339, 23, 72, 'f'),
('Asns06', 30, 1, 14, '2.3', 23, 68, 175, 40, 85, 'm'),
('Asns06', 30, 2, 21, '1.3', 5, 98, 400, 24, 94, 'f'),
('Asns06', 30, 3, 14, '1.9', 49, 67, 446, 18, 90, 'f'),
('Asns06', 30, 4, 21, '1.1', 8, 96, 391, 17, 93, 'f'),
('Asns06', 31, 1, 9, '1.6', 12, 92, 112, NULL, 25, 'm'),
('Asns06', 31, 2, 9, '1.8', 14, 86, 84, NULL, 34, 'm'),
('Asns06', 31, 3, 21, '1.1', 6, 97, 341, 18, 29, 'f'),
('Asns06', 31, 4, 21, '1.0', 7, 97, 305, 14, 33, 'f'),
('Asns06', 32, 1, 13, '2.2', 85, 73, 213, 31, 95, 'm'),
('Asns06', 32, 2, 13, '1.9', 98, 66, 141, 38, 93, 'm'),
('Asns06', 32, 3, 21, '1.2', 7, 97, 288, 13, 86, 'f'),
('Asns06', 32, 4, 21, '1.3', 8, 100, 237, 33, 97, 'm'),
('Asns06', 33, 1, 12, '1.0', 5, 100, 287, NULL, 88, 'f'),
('Asns06', 33, 2, 8, '1.6', 45, 84, 205, NULL, 87, 'm'),
('Asns06', 33, 3, 12, '1.2', 11, 96, 376, NULL, 95, 'f'),
('Asns06', 33, 4, 8, '1.8', 25, 80, 228, NULL, 101, 'm'),
('Asns06', 34, 1, 7, '1.5', 72, 81, 144, NULL, 73, 'm'),
('Asns06', 34, 2, 7, '1.7', 78, 87, 232, NULL, 75, 'm'),
('Asns06', 34, 3, 19, '1.2', 92, 97, 254, 14, 68, 'f'),
('Asns06', 34, 4, 19, '1.0', 114, 100, 440, 13, 70, 'f'),
('Asns06', 35, 1, 20, '1.2', 32, 100, 101, 29, 75, 'm'),
('Asns06', 35, 2, 20, '1.0', 50, 97, 172, 27, 81, 'm'),
('Asns06', 35, 3, 16, '1.7', 97, 88, 436, 19, 65, 'f'),
('Asns06', 35, 4, 16, '1.4', 70, 93, 379, 15, 66, 'f'),
('Asns06', 36, 1, 11, '1.2', 37, 98, 99, NULL, 69, 'm'),
('Asns06', 36, 2, 4, '1.9', 105, 67, 340, NULL, 63, 'f'),
('Asns06', 36, 3, 11, '1.1', 26, 99, 314, NULL, 77, 'f'),
('Asns06', 36, 4, 4, '1.9', 79, 69, 277, NULL, 66, 'f'),
('Bert27', 1, 1, 18, '1.6', 6, 80, 380, 14, 79, 'f'),
('Bert27', 1, 2, 18, '1.8', 13, 80, 234, 33, 64, 'm'),
('Bert27', 1, 3, 7, '1.7', 85, 90, 159, NULL, 65, 'm'),
('Bert27', 1, 4, 7, '1.5', 94, 82, 389, NULL, 78, 'f'),
('Bert27', 2, 1, 4, '2.0', 94, 76, 430, NULL, 42, 'f'),
('Bert27', 2, 2, 11, '1.2', 21, 95, 132, NULL, 25, 'm'),
('Bert27', 2, 3, 11, '1.1', 41, 95, 118, NULL, 35, 'm'),
('Bert27', 2, 4, 4, '2.0', 93, 79, 393, NULL, 24, 'f'),
('Bert27', 3, 1, 17, '1.4', 25, 85, 51, 28, 75, 'm'),
('Bert27', 3, 2, 21, '1.0', 6, 98, 199, 25, 71, 'm'),
('Bert27', 3, 3, 17, '1.8', 36, 86, 233, 33, 81, 'm'),
('Bert27', 3, 4, 21, '1.0', 10, 95, 78, 40, 63, 'm'),
('Bert27', 4, 1, 6, '2.2', 9, 72, 51, NULL, 37, 'm'),
('Bert27', 4, 2, 21, '1.3', 13, 97, 151, 35, 38, 'm'),
('Bert27', 4, 3, 21, '1.0', 6, 95, 313, 13, 29, 'f'),
('Bert27', 4, 4, 6, '2.3', 6, 70, 327, NULL, 33, 'f'),
('Bert27', 5, 1, 13, '1.9', 89, 75, 398, 11, 72, 'f'),
('Bert27', 5, 2, 13, '1.9', 106, 79, 143, 28, 82, 'm'),
('Bert27', 5, 3, 21, '1.3', 7, 95, 326, 23, 68, 'f'),
('Bert27', 5, 4, 21, '1.1', 13, 98, 97, 38, 65, 'm'),
('Bert27', 6, 1, 9, '1.7', 5, 82, 377, NULL, 75, 'f'),
('Bert27', 6, 2, 9, '1.4', 13, 89, 429, NULL, 71, 'f'),
('Bert27', 6, 3, 4, '2.1', 114, 77, 248, NULL, 66, 'm'),
('Bert27', 6, 4, 4, '2.1', 87, 68, 375, NULL, 80, 'f'),
('Bert27', 7, 1, 21, '1.2', 12, 99, 162, 35, 53, 'm'),
('Bert27', 7, 2, 16, '1.6', 100, 87, 64, 25, 49, 'm'),
('Bert27', 7, 3, 16, '1.8', 70, 92, 207, 39, 56, 'm'),
('Bert27', 7, 4, 21, '1.3', 8, 97, 214, 27, 47, 'm'),
('Bert27', 8, 1, 7, '1.6', 70, 84, 388, NULL, 53, 'f'),
('Bert27', 8, 2, 7, '1.4', 91, 94, 416, NULL, 47, 'f'),
('Bert27', 8, 3, 11, '1.3', 24, 100, 382, NULL, 44, 'f'),
('Bert27', 8, 4, 11, '1.2', 50, 95, 333, NULL, 52, 'f'),
('Bert27', 9, 1, 4, '2.4', 118, 79, 286, NULL, 32, 'f'),
('Bert27', 9, 2, 4, '2.0', 106, 71, 368, NULL, 29, 'f'),
('Bert27', 9, 3, 19, '1.0', 92, 99, 431, 22, 28, 'f'),
('Bert27', 9, 4, 19, '1.2', 102, 95, 167, 37, 38, 'm'),
('Bert27', 10, 1, 5, '2.4', 21, 75, 212, NULL, 25, 'm'),
('Bert27', 10, 2, 20, '1.1', 32, 96, 266, 11, 41, 'f'),
('Bert27', 10, 3, 5, '2.2', 27, 74, 290, NULL, 27, 'f'),
('Bert27', 10, 4, 20, '1.1', 21, 96, 133, 33, 31, 'm'),
('Bert27', 11, 1, 17, '1.7', 36, 88, 132, 25, 43, 'm'),
('Bert27', 11, 2, 17, '1.4', 36, 83, 298, 23, 54, 'f'),
('Bert27', 11, 3, 5, '2.2', 23, 77, 185, NULL, 52, 'm'),
('Bert27', 11, 4, 5, '2.0', 30, 74, 206, NULL, 57, 'm'),
('Bert27', 12, 1, 20, '1.2', 32, 95, 189, 37, 67, 'm'),
('Bert27', 12, 2, 8, '1.7', 41, 81, 234, NULL, 68, 'm'),
('Bert27', 12, 3, 8, '1.6', 20, 80, 181, NULL, 70, 'm'),
('Bert27', 12, 4, 20, '1.0', 20, 97, 175, 35, 66, 'm'),
('Bert27', 13, 1, 13, '2.1', 76, 74, 139, 28, 67, 'm'),
('Bert27', 13, 2, 20, '1.0', 43, 96, 108, 29, 64, 'm'),
('Bert27', 13, 3, 20, '1.1', 31, 97, 333, 11, 72, 'f'),
('Bert27', 13, 4, 13, '2.1', 92, 79, 138, 35, 68, 'm'),
('Bert27', 14, 1, 14, '2.3', 45, 76, 370, 23, 65, 'f'),
('Bert27', 14, 2, 18, '1.5', 5, 84, 201, 34, 82, 'm'),
('Bert27', 14, 3, 14, '2.3', 26, 73, 392, 17, 67, 'f'),
('Bert27', 14, 4, 18, '1.8', 14, 90, 366, 12, 63, 'f'),
('Bert27', 15, 1, 4, '1.9', 72, 67, 232, NULL, 36, 'm'),
('Bert27', 15, 2, 4, '2.1', 100, 78, 354, NULL, 28, 'f'),
('Bert27', 15, 3, 8, '1.6', 25, 81, 238, NULL, 24, 'm'),
('Bert27', 15, 4, 8, '1.4', 32, 82, 81, NULL, 26, 'm'),
('Bert27', 16, 1, 15, '2.3', 10, 69, 383, 19, 55, 'f'),
('Bert27', 16, 2, 4, '2.2', 84, 74, 341, NULL, 61, 'f'),
('Bert27', 16, 3, 15, '2.4', 12, 77, 440, 24, 51, 'f'),
('Bert27', 16, 4, 4, '2.4', 113, 75, 355, NULL, 44, 'f'),
('Bert27', 17, 1, 17, '1.7', 50, 85, 100, 41, 84, 'm'),
('Bert27', 17, 2, 7, '1.5', 118, 82, 355, NULL, 91, 'f'),
('Bert27', 17, 3, 7, '1.7', 96, 80, 340, NULL, 97, 'f'),
('Bert27', 17, 4, 17, '1.7', 41, 92, 260, 22, 93, 'f'),
('Bert27', 18, 1, 18, '1.5', 14, 81, 309, 20, 33, 'f'),
('Bert27', 18, 2, 18, '1.4', 12, 83, 355, 22, 28, 'f'),
('Bert27', 18, 3, 6, '2.3', 12, 72, 277, NULL, 34, 'f'),
('Bert27', 18, 4, 6, '2.4', 5, 77, 78, NULL, 40, 'm'),
('Bert27', 19, 1, 20, '1.3', 38, 97, 157, 40, 95, 'm'),
('Bert27', 19, 2, 10, '1.2', 112, 96, 246, NULL, 90, 'm'),
('Bert27', 19, 3, 20, '1.2', 42, 97, 420, 13, 93, 'f'),
('Bert27', 19, 4, 10, '1.0', 94, 99, 283, NULL, 96, 'f'),
('Bert27', 20, 1, 5, '2.2', 31, 72, 131, NULL, 33, 'm'),
('Bert27', 20, 2, 5, '2.2', 30, 67, 425, NULL, 37, 'f'),
('Bert27', 20, 3, 12, '1.2', 7, 96, 280, NULL, 27, 'f'),
('Bert27', 20, 4, 12, '1.3', 7, 96, 57, NULL, 30, 'm'),
('Bert27', 21, 1, 16, '1.8', 81, 82, 82, 36, 30, 'm'),
('Bert27', 21, 2, 4, '2.0', 83, 74, 49, NULL, 37, 'm'),
('Bert27', 21, 3, 4, '2.1', 75, 69, 75, NULL, 35, 'm'),
('Bert27', 21, 4, 16, '1.8', 106, 85, 373, 17, 28, 'f'),
('Bert27', 22, 1, 7, '1.8', 98, 92, 248, NULL, 56, 'm'),
('Bert27', 22, 2, 7, '1.6', 83, 91, 422, NULL, 46, 'f'),
('Bert27', 22, 3, 19, '1.2', 93, 96, 135, 41, 54, 'm'),
('Bert27', 22, 4, 19, '1.2', 113, 98, 169, 27, 59, 'm'),
('Bert27', 23, 1, 21, '1.1', 5, 97, 225, 28, 43, 'm'),
('Bert27', 23, 2, 9, '1.6', 6, 89, 290, NULL, 48, 'f'),
('Bert27', 23, 3, 9, '1.6', 10, 80, 180, NULL, 54, 'm'),
('Bert27', 23, 4, 21, '1.1', 15, 99, 266, 24, 62, 'f'),
('Bert27', 24, 1, 20, '1.1', 34, 98, 210, 30, 67, 'm'),
('Bert27', 24, 2, 16, '1.6', 115, 87, 308, 16, 71, 'f'),
('Bert27', 24, 3, 16, '1.5', 108, 83, 260, 14, 73, 'f'),
('Bert27', 24, 4, 20, '1.0', 30, 97, 211, 32, 79, 'm'),
('Bert27', 25, 1, 4, '2.4', 113, 75, 95, NULL, 90, 'm'),
('Bert27', 25, 2, 12, '1.1', 10, 96, 196, NULL, 97, 'm'),
('Bert27', 25, 3, 12, '1.0', 8, 97, 329, NULL, 88, 'f'),
('Bert27', 25, 4, 4, '2.0', 110, 66, 350, NULL, 101, 'f'),
('Bert27', 26, 1, 5, '2.2', 42, 67, 369, NULL, 72, 'f'),
('Bert27', 26, 2, 5, '2.1', 31, 73, 138, NULL, 71, 'm'),
('Bert27', 26, 3, 15, '2.2', 5, 79, 190, 35, 82, 'm'),
('Bert27', 26, 4, 5, '2.1', 32, 73, 264, NULL, 68, 'f'),
('Bert27', 27, 1, 4, '2.2', 97, 67, 110, NULL, 32, 'm'),
('Bert27', 27, 2, 4, '2.1', 102, 72, 173, NULL, 34, 'm'),
('Bert27', 27, 3, 14, '2.0', 50, 78, 418, 21, 29, 'f'),
('Bert27', 27, 4, 14, '2.2', 32, 67, 395, 18, 42, 'f'),
('Bert27', 28, 1, 10, '1.1', 78, 96, 205, NULL, 30, 'm'),
('Bert27', 28, 2, 10, '1.2', 110, 100, 90, NULL, 27, 'm'),
('Bert27', 28, 3, 21, '1.2', 9, 99, 343, 12, 31, 'f'),
('Bert27', 28, 4, 21, '1.0', 13, 99, 315, 19, 42, 'f'),
('Bert27', 29, 1, 8, '1.6', 33, 81, 58, NULL, 99, 'm'),
('Bert27', 29, 2, 12, '1.0', 8, 96, 89, NULL, 88, 'm'),
('Bert27', 29, 3, 12, '1.2', 7, 98, 126, NULL, 97, 'm'),
('Bert27', 29, 4, 8, '1.8', 33, 88, 301, NULL, 96, 'f'),
('Bert27', 30, 1, 13, '2.1', 91, 73, 106, 25, 100, 'm'),
('Bert27', 30, 2, 13, '1.9', 83, 67, 317, 13, 84, 'f'),
('Bert27', 30, 3, 18, '1.6', 8, 89, 161, 26, 98, 'm'),
('Bert27', 30, 4, 18, '1.4', 5, 88, 176, 33, 89, 'm'),
('Bert27', 31, 1, 18, '1.7', 11, 81, 91, 31, 35, 'm'),
('Bert27', 31, 2, 8, '1.5', 42, 93, 332, NULL, 26, 'f'),
('Bert27', 31, 3, 8, '1.5', 36, 94, 71, NULL, 34, 'm'),
('Bert27', 31, 4, 18, '1.8', 9, 90, 411, 15, 32, 'f'),
('Bert27', 32, 1, 21, '1.0', 9, 95, 366, 18, 69, 'f'),
('Bert27', 32, 2, 11, '1.2', 29, 97, 162, NULL, 72, 'm'),
('Bert27', 32, 3, 11, '1.0', 27, 97, 373, NULL, 65, 'f'),
('Bert27', 32, 4, 21, '1.1', 12, 95, 82, 25, 74, 'm'),
('Bert27', 33, 1, 21, '1.0', 8, 99, 148, 34, 51, 'm'),
('Bert27', 33, 2, 14, '2.2', 28, 69, 119, 35, 61, 'm'),
('Bert27', 33, 3, 21, '1.0', 9, 95, 154, 36, 45, 'm'),
('Bert27', 33, 4, 14, '2.2', 26, 75, 221, 40, 60, 'm'),
('Bert27', 34, 1, 12, '1.2', 12, 98, 446, NULL, 40, 'f'),
('Bert27', 34, 2, 7, '1.5', 102, 94, 334, NULL, 28, 'f'),
('Bert27', 34, 3, 12, '1.2', 15, 97, 296, NULL, 24, 'f'),
('Bert27', 34, 4, 7, '1.5', 74, 88, 430, NULL, 34, 'f'),
('Bert27', 35, 1, 5, '2.3', 42, 72, 68, NULL, 23, 'm'),
('Bert27', 35, 2, 9, '1.6', 14, 91, 135, NULL, 32, 'm'),
('Bert27', 35, 3, 5, '2.2', 49, 71, 252, NULL, 26, 'f'),
('Bert27', 35, 4, 9, '1.4', 13, 92, 261, NULL, 34, 'f'),
('Bert27', 36, 1, 17, '1.8', 21, 89, 79, 27, 62, 'm'),
('Bert27', 36, 2, 17, '1.6', 27, 88, 311, 20, 59, 'f'),
('Bert27', 36, 3, 13, '1.9', 101, 77, 427, 12, 51, 'f'),
('Bert27', 36, 4, 13, '2.2', 99, 76, 105, 29, 61, 'm'),
('BEUT31', 1, 1, 8, '1.8', 47, 89, 208, NULL, 68, 'm'),
('BEUT31', 1, 2, 8, '1.8', 25, 83, 57, NULL, 63, 'm'),
('BEUT31', 1, 3, 4, '2.2', 118, 68, 183, NULL, 80, 'm'),
('BEUT31', 1, 4, 4, '2.2', 70, 68, 205, NULL, 74, 'm'),
('BEUT31', 2, 1, 13, '2.0', 109, 72, 348, 18, 72, 'f'),
('BEUT31', 2, 2, 18, '1.7', 15, 91, 158, 40, 76, 'm'),
('BEUT31', 2, 3, 13, '2.3', 93, 66, 109, 34, 74, 'm'),
('BEUT31', 2, 4, 18, '1.7', 6, 87, 197, 32, 65, 'm'),
('BEUT31', 3, 1, 21, '1.0', 15, 97, 137, 25, 35, 'm'),
('BEUT31', 3, 2, 11, '1.1', 30, 95, 313, NULL, 25, 'f'),
('BEUT31', 3, 3, 11, '1.3', 34, 96, 281, NULL, 31, 'f'),
('BEUT31', 3, 4, 21, '1.1', 12, 96, 424, 24, 26, 'f'),
('BEUT31', 4, 1, 12, '1.2', 6, 100, 348, NULL, 28, 'f'),
('BEUT31', 4, 2, 12, '1.2', 7, 95, 273, NULL, 35, 'f'),
('BEUT31', 4, 3, 5, '2.0', 31, 67, 316, NULL, 41, 'f'),
('BEUT31', 4, 4, 5, '2.2', 50, 78, 324, NULL, 29, 'f'),
('BEUT31', 5, 1, 7, '1.8', 117, 80, 303, NULL, 41, 'f'),
('BEUT31', 5, 2, 17, '1.8', 39, 84, 281, 11, 26, 'f'),
('BEUT31', 5, 3, 7, '1.8', 79, 82, 55, NULL, 34, 'm'),
('BEUT31', 5, 4, 17, '1.6', 39, 86, 294, 12, 36, 'f'),
('BEUT31', 6, 1, 18, '1.4', 10, 81, 374, 17, 23, 'f'),
('BEUT31', 6, 2, 18, '1.6', 9, 89, 226, 31, 38, 'm'),
('BEUT31', 6, 3, 6, '2.4', 8, 71, 163, NULL, 26, 'm'),
('BEUT31', 6, 4, 6, '2.4', 14, 76, 386, NULL, 33, 'f'),
('BEUT31', 7, 1, 21, '1.0', 6, 100, 373, 18, 47, 'f'),
('BEUT31', 7, 2, 21, '1.3', 7, 97, 429, 13, 54, 'f'),
('BEUT31', 7, 3, 9, '1.6', 8, 92, 109, NULL, 45, 'm'),
('BEUT31', 7, 4, 9, '1.6', 14, 81, 146, NULL, 46, 'm'),
('BEUT31', 8, 1, 8, '1.8', 27, 94, 388, NULL, 36, 'f'),
('BEUT31', 8, 2, 8, '1.6', 40, 89, 53, NULL, 33, 'm'),
('BEUT31', 8, 3, 20, '1.0', 30, 99, 292, 13, 31, 'f'),
('BEUT31', 8, 4, 20, '1.1', 24, 98, 113, 25, 41, 'm'),
('BEUT31', 9, 1, 4, '1.9', 88, 68, 201, NULL, 38, 'm'),
('BEUT31', 9, 2, 12, '1.0', 5, 98, 107, NULL, 28, 'm'),
('BEUT31', 9, 3, 4, '2.3', 105, 74, 126, NULL, 35, 'm'),
('BEUT31', 9, 4, 12, '1.1', 15, 97, 385, NULL, 31, 'f'),
('BEUT31', 10, 1, 19, '1.2', 90, 97, 358, 18, 42, 'f'),
('BEUT31', 10, 2, 19, '1.1', 97, 95, 368, 16, 23, 'f'),
('BEUT31', 10, 3, 7, '1.8', 113, 93, 411, NULL, 34, 'f'),
('BEUT31', 10, 4, 7, '1.7', 94, 82, 242, NULL, 25, 'm'),
('BEUT31', 11, 1, 20, '1.3', 49, 99, 301, 19, 26, 'f'),
('BEUT31', 11, 2, 10, '1.2', 113, 100, 401, NULL, 23, 'f'),
('BEUT31', 11, 3, 20, '1.1', 41, 98, 322, 11, 35, 'f'),
('BEUT31', 11, 4, 10, '1.3', 119, 96, 141, NULL, 25, 'm'),
('BEUT31', 12, 1, 17, '1.6', 32, 88, 357, 18, 57, 'f'),
('BEUT31', 12, 2, 17, '1.7', 46, 82, 442, 13, 50, 'f'),
('BEUT31', 12, 3, 21, '1.3', 5, 98, 313, 22, 51, 'f'),
('BEUT31', 12, 4, 21, '1.0', 7, 98, 113, 31, 46, 'm'),
('BEUT31', 13, 1, 19, '1.0', 98, 97, 203, 36, 27, 'm'),
('BEUT31', 13, 2, 4, '2.3', 100, 79, 423, NULL, 24, 'f'),
('BEUT31', 13, 3, 19, '1.1', 77, 99, 165, 26, 41, 'm'),
('BEUT31', 13, 4, 4, '2.0', 109, 75, 103, NULL, 42, 'm'),
('BEUT31', 14, 1, 16, '1.7', 95, 88, 126, 25, 60, 'm'),
('BEUT31', 14, 2, 4, '1.9', 102, 70, 212, NULL, 50, 'm'),
('BEUT31', 14, 3, 4, '2.2', 98, 67, 267, NULL, 59, 'f'),
('BEUT31', 14, 4, 16, '1.5', 102, 94, 171, 32, 57, 'm'),
('BEUT31', 15, 1, 12, '1.1', 15, 98, 175, NULL, 51, 'm'),
('BEUT31', 15, 2, 12, '1.0', 14, 100, 279, NULL, 55, 'f'),
('BEUT31', 15, 3, 8, '1.4', 42, 88, 347, NULL, 56, 'f'),
('BEUT31', 15, 4, 8, '1.8', 34, 83, 285, NULL, 57, 'f'),
('BEUT31', 16, 1, 16, '1.7', 117, 83, 390, 17, 31, 'f'),
('BEUT31', 16, 2, 21, '1.0', 11, 98, 123, 34, 39, 'm'),
('BEUT31', 16, 3, 16, '1.7', 117, 90, 356, 22, 33, 'f'),
('BEUT31', 16, 4, 21, '1.3', 6, 98, 83, 35, 32, 'm'),
('BEUT31', 17, 1, 7, '1.7', 96, 84, 390, NULL, 90, 'f'),
('BEUT31', 17, 2, 12, '1.2', 13, 100, 83, NULL, 89, 'm'),
('BEUT31', 17, 3, 7, '1.5', 105, 93, 369, NULL, 85, 'f'),
('BEUT31', 17, 4, 12, '1.2', 8, 100, 337, NULL, 101, 'f'),
('BEUT31', 18, 1, 20, '1.1', 31, 96, 165, 36, 29, 'm'),
('BEUT31', 18, 2, 5, '2.2', 40, 76, 101, NULL, 34, 'm'),
('BEUT31', 18, 3, 20, '1.1', 43, 97, 142, 38, 42, 'm'),
('BEUT31', 18, 4, 5, '2.3', 41, 69, 179, NULL, 35, 'm'),
('BEUT31', 19, 1, 11, '1.0', 45, 95, 99, NULL, 61, 'm'),
('BEUT31', 19, 2, 11, '1.1', 22, 96, 141, NULL, 46, 'm'),
('BEUT31', 19, 3, 7, '1.6', 76, 86, 392, NULL, 53, 'f'),
('BEUT31', 19, 4, 7, '1.5', 103, 92, 409, NULL, 54, 'f'),
('BEUT31', 20, 1, 17, '1.6', 38, 80, 85, 36, 36, 'm'),
('BEUT31', 20, 2, 13, '1.9', 78, 67, 352, 19, 27, 'f'),
('BEUT31', 20, 3, 17, '1.7', 35, 82, 331, 14, 31, 'f'),
('BEUT31', 20, 4, 13, '2.1', 114, 75, 413, 11, 25, 'f'),
('BEUT31', 21, 1, 21, '1.2', 8, 96, 312, 21, 29, 'f'),
('BEUT31', 21, 2, 14, '2.3', 28, 79, 100, 25, 32, 'm'),
('BEUT31', 21, 3, 14, '2.3', 33, 67, 355, 16, 38, 'f'),
('BEUT31', 21, 4, 21, '1.3', 15, 100, 242, 27, 26, 'm'),
('BEUT31', 22, 1, 9, '1.7', 6, 92, 118, NULL, 79, 'm'),
('BEUT31', 22, 2, 9, '1.7', 11, 89, 207, NULL, 80, 'm'),
('BEUT31', 22, 3, 5, '2.3', 27, 77, 210, NULL, 71, 'm'),
('BEUT31', 22, 4, 5, '2.2', 35, 71, 150, NULL, 66, 'm'),
('BEUT31', 23, 1, 20, '1.2', 31, 96, 371, 14, 62, 'f'),
('BEUT31', 23, 2, 13, '1.9', 102, 68, 361, 22, 48, 'f'),
('BEUT31', 23, 3, 13, '2.0', 105, 79, 199, 39, 54, 'm'),
('BEUT31', 23, 4, 20, '1.2', 33, 97, 248, 38, 43, 'm'),
('BEUT31', 24, 1, 4, '2.0', 117, 77, 261, NULL, 42, 'f'),
('BEUT31', 24, 2, 4, '1.9', 109, 70, 65, NULL, 38, 'm'),
('BEUT31', 24, 3, 9, '1.4', 12, 82, 352, NULL, 30, 'f'),
('BEUT31', 24, 4, 9, '1.4', 9, 84, 168, NULL, 31, 'm'),
('BEUT31', 25, 1, 18, '1.4', 5, 86, 69, 41, 90, 'm'),
('BEUT31', 25, 2, 18, '1.5', 12, 91, 338, 15, 102, 'f'),
('BEUT31', 25, 3, 8, '1.4', 50, 87, 225, NULL, 89, 'm'),
('BEUT31', 25, 4, 8, '1.5', 43, 80, 392, NULL, 97, 'f'),
('BEUT31', 26, 1, 20, '1.0', 29, 100, 138, 36, 78, 'm'),
('BEUT31', 26, 2, 20, '1.1', 48, 99, 66, 38, 80, 'm'),
('BEUT31', 26, 3, 16, '1.4', 116, 85, 152, 34, 74, 'm'),
('BEUT31', 26, 4, 16, '1.5', 75, 89, 372, 13, 73, 'f'),
('BEUT31', 27, 1, 4, '2.1', 101, 78, 400, NULL, 67, 'f'),
('BEUT31', 27, 2, 4, '2.1', 83, 66, 440, NULL, 80, 'f'),
('BEUT31', 27, 3, 11, '1.3', 31, 99, 319, NULL, 66, 'f'),
('BEUT31', 27, 4, 11, '1.3', 23, 99, 83, NULL, 82, 'm'),
('BEUT31', 28, 1, 5, '1.9', 40, 70, 73, NULL, 48, 'm'),
('BEUT31', 28, 2, 5, '2.0', 27, 75, 244, NULL, 58, 'm'),
('BEUT31', 28, 3, 5, '2.0', 38, 72, 87, NULL, 53, 'm'),
('BEUT31', 28, 4, 15, '2.0', 5, 67, 69, 29, 54, 'm'),
('BEUT31', 29, 1, 18, '1.6', 7, 93, 303, 11, 100, 'f'),
('BEUT31', 29, 2, 7, '1.7', 110, 92, 262, NULL, 97, 'f'),
('BEUT31', 29, 3, 18, '1.5', 6, 82, 402, 15, 85, 'f'),
('BEUT31', 29, 4, 7, '1.4', 85, 87, 49, NULL, 98, 'm'),
('BEUT31', 30, 1, 13, '2.0', 87, 75, 100, 37, 47, 'm'),
('BEUT31', 30, 2, 21, '1.2', 6, 99, 427, 18, 50, 'f'),
('BEUT31', 30, 3, 13, '2.0', 95, 66, 399, 23, 48, 'f'),
('BEUT31', 30, 4, 21, '1.0', 11, 98, 268, 24, 45, 'f'),
('BEUT31', 31, 1, 21, '1.0', 10, 96, 302, 12, 80, 'f'),
('BEUT31', 31, 2, 6, '2.4', 7, 78, 443, NULL, 69, 'f'),
('BEUT31', 31, 3, 21, '1.0', 15, 100, 64, 32, 76, 'm'),
('BEUT31', 31, 4, 6, '1.9', 7, 68, 217, NULL, 64, 'm'),
('BEUT31', 32, 1, 5, '2.1', 39, 67, 205, NULL, 85, 'm'),
('BEUT31', 32, 2, 5, '2.1', 49, 77, 216, NULL, 90, 'm'),
('BEUT31', 32, 3, 17, '1.8', 49, 87, 270, 21, 91, 'f'),
('BEUT31', 32, 4, 17, '1.7', 46, 80, 291, 20, 93, 'f'),
('BEUT31', 33, 1, 4, '2.1', 97, 76, 312, NULL, 73, 'f'),
('BEUT31', 33, 2, 4, '2.0', 94, 76, 159, NULL, 67, 'm'),
('BEUT31', 33, 3, 14, '1.9', 30, 71, 155, 41, 70, 'm'),
('BEUT31', 33, 4, 14, '2.4', 36, 76, 209, 35, 69, 'm'),
('BEUT31', 34, 1, 21, '1.3', 15, 98, 86, 41, 41, 'm'),
('BEUT31', 34, 2, 10, '1.1', 98, 96, 273, NULL, 34, 'f'),
('BEUT31', 34, 3, 10, '1.0', 88, 100, 364, NULL, 27, 'f'),
('BEUT31', 34, 4, 21, '1.3', 10, 96, 124, 40, 23, 'm'),
('BEUT31', 35, 1, 18, '1.6', 5, 92, 323, 14, 96, 'f'),
('BEUT31', 35, 2, 18, '1.5', 14, 83, 177, 41, 83, 'm'),
('BEUT31', 35, 3, 14, '2.0', 39, 72, 220, 30, 100, 'm'),
('BEUT31', 35, 4, 14, '2.2', 46, 72, 200, 40, 85, 'm'),
('BEUT31', 36, 1, 15, '2.3', 15, 67, 433, 18, 49, 'f'),
('BEUT31', 36, 2, 4, '1.9', 96, 72, 318, NULL, 59, 'f'),
('BEUT31', 36, 3, 4, '2.1', 76, 71, 438, NULL, 48, 'f'),
('BEUT31', 36, 4, 15, '2.1', 5, 73, 435, 24, 56, 'f'),
('biwe28', 1, 1, 16, '1.5', 113, 80, 331, 14, 99, 'f'),
('biwe28', 1, 2, 16, '1.6', 94, 86, 341, 13, 94, 'f'),
('biwe28', 1, 3, 20, '1.2', 43, 96, 135, 34, 98, 'm'),
('biwe28', 1, 4, 20, '1.3', 32, 98, 139, 28, 83, 'm'),
('biwe28', 2, 1, 5, '2.2', 46, 78, 273, NULL, 38, 'f'),
('biwe28', 2, 2, 20, '1.1', 37, 96, 254, 18, 40, 'f'),
('biwe28', 2, 3, 5, '2.0', 44, 78, 349, NULL, 39, 'f'),
('biwe28', 2, 4, 20, '1.0', 32, 100, 447, 11, 23, 'f'),
('biwe28', 3, 1, 4, '1.9', 101, 66, 290, NULL, 23, 'f'),
('biwe28', 3, 2, 8, '1.5', 24, 87, 129, NULL, 25, 'm'),
('biwe28', 3, 3, 4, '2.1', 87, 79, 443, NULL, 42, 'f'),
('biwe28', 3, 4, 8, '1.5', 24, 81, 177, NULL, 31, 'm'),
('biwe28', 4, 1, 21, '1.1', 6, 99, 389, 16, 74, 'f'),
('biwe28', 4, 2, 21, '1.3', 5, 95, 351, 23, 81, 'f'),
('biwe28', 4, 3, 10, '1.3', 82, 99, 104, NULL, 73, 'm'),
('biwe28', 4, 4, 10, '1.1', 91, 96, 368, NULL, 76, 'f'),
('biwe28', 5, 1, 7, '1.6', 115, 82, 326, NULL, 37, 'f'),
('biwe28', 5, 2, 12, '1.2', 6, 95, 157, NULL, 38, 'm'),
('biwe28', 5, 3, 12, '1.1', 8, 99, 395, NULL, 40, 'f'),
('biwe28', 5, 4, 7, '1.8', 119, 89, 67, NULL, 36, 'm'),
('biwe28', 6, 1, 8, '1.5', 36, 93, 390, NULL, 71, 'f'),
('biwe28', 6, 2, 8, '1.4', 23, 91, 207, NULL, 70, 'm'),
('biwe28', 6, 3, 18, '1.4', 15, 90, 91, 40, 73, 'm'),
('biwe28', 6, 4, 18, '1.7', 6, 93, 395, 21, 76, 'f'),
('biwe28', 7, 1, 15, '1.9', 12, 66, 256, 11, 54, 'f'),
('biwe28', 7, 2, 4, '2.2', 97, 75, 159, NULL, 51, 'm'),
('biwe28', 7, 3, 15, '2.3', 6, 66, 245, 25, 43, 'm'),
('biwe28', 7, 4, 4, '2.1', 94, 66, 144, NULL, 48, 'm'),
('biwe28', 8, 1, 16, '1.4', 96, 84, 112, 32, 23, 'm'),
('biwe28', 8, 2, 21, '1.3', 7, 98, 440, 24, 40, 'f'),
('biwe28', 8, 3, 21, '1.0', 10, 96, 241, 33, 37, 'm'),
('biwe28', 8, 4, 16, '1.8', 74, 82, 313, 14, 38, 'f'),
('biwe28', 9, 1, 21, '1.0', 5, 100, 335, 23, 39, 'f'),
('biwe28', 9, 2, 14, '2.4', 32, 76, 348, 11, 37, 'f'),
('biwe28', 9, 3, 14, '2.0', 50, 72, 129, 41, 40, 'm'),
('biwe28', 9, 4, 21, '1.0', 8, 97, 221, 27, 34, 'm'),
('biwe28', 10, 1, 17, '1.7', 39, 87, 335, 22, 68, 'f'),
('biwe28', 10, 2, 17, '1.8', 40, 88, 350, 18, 80, 'f'),
('biwe28', 10, 3, 13, '2.1', 119, 66, 162, 26, 64, 'm'),
('biwe28', 10, 4, 13, '1.9', 115, 79, 319, 15, 75, 'f'),
('biwe28', 11, 1, 19, '1.3', 113, 95, 183, 41, 88, 'm'),
('biwe28', 11, 2, 7, '1.7', 117, 82, 152, NULL, 83, 'm'),
('biwe28', 11, 3, 7, '1.6', 101, 92, 55, NULL, 90, 'm'),
('biwe28', 11, 4, 19, '1.1', 115, 96, 75, 35, 92, 'm'),
('biwe28', 12, 1, 21, '1.2', 9, 99, 257, 24, 74, 'f'),
('biwe28', 12, 2, 21, '1.0', 11, 100, 336, 21, 76, 'f'),
('biwe28', 12, 3, 11, '1.2', 45, 95, 441, NULL, 64, 'f'),
('biwe28', 12, 4, 11, '1.0', 20, 96, 78, NULL, 70, 'm'),
('biwe28', 13, 1, 6, '2.0', 6, 73, 186, NULL, 26, 'm'),
('biwe28', 13, 2, 18, '1.7', 6, 86, 95, 35, 36, 'm'),
('biwe28', 13, 3, 18, '1.4', 8, 93, 75, 31, 35, 'm'),
('biwe28', 13, 4, 6, '2.3', 12, 68, 267, NULL, 25, 'f'),
('biwe28', 14, 1, 18, '1.5', 7, 93, 236, 41, 64, 'm'),
('biwe28', 14, 2, 13, '2.4', 105, 73, 100, 36, 82, 'm'),
('biwe28', 14, 3, 18, '1.6', 8, 89, 139, 38, 65, 'm'),
('biwe28', 14, 4, 13, '2.3', 89, 79, 196, 28, 71, 'm'),
('biwe28', 15, 1, 5, '2.2', 31, 66, 193, NULL, 37, 'm'),
('biwe28', 15, 2, 17, '1.4', 50, 82, 144, 25, 27, 'm'),
('biwe28', 15, 3, 17, '1.5', 37, 86, 88, 32, 36, 'm'),
('biwe28', 15, 4, 5, '2.1', 30, 78, 127, NULL, 39, 'm'),
('biwe28', 16, 1, 5, '2.3', 47, 66, 52, NULL, 79, 'm'),
('biwe28', 16, 2, 9, '1.4', 12, 83, 122, NULL, 78, 'm'),
('biwe28', 16, 3, 9, '1.5', 8, 85, 101, NULL, 68, 'm'),
('biwe28', 16, 4, 5, '1.9', 35, 68, 214, NULL, 80, 'm'),
('biwe28', 17, 1, 4, '2.1', 85, 79, 301, NULL, 49, 'f'),
('biwe28', 17, 2, 16, '1.7', 114, 93, 240, 26, 60, 'm'),
('biwe28', 17, 3, 4, '2.4', 70, 76, 99, NULL, 57, 'm'),
('biwe28', 17, 4, 16, '1.7', 76, 88, 317, 14, 43, 'f'),
('biwe28', 18, 1, 17, '1.4', 23, 82, 371, 21, 99, 'f'),
('biwe28', 18, 2, 7, '1.7', 114, 81, 192, NULL, 102, 'm'),
('biwe28', 18, 3, 17, '1.6', 30, 93, 151, 28, 91, 'm'),
('biwe28', 18, 4, 7, '1.6', 79, 94, 112, NULL, 97, 'm'),
('biwe28', 19, 1, 4, '2.3', 86, 77, 269, NULL, 100, 'f'),
('biwe28', 19, 2, 11, '1.3', 43, 96, 100, NULL, 94, 'm'),
('biwe28', 19, 3, 11, '1.1', 31, 95, 67, NULL, 98, 'm'),
('biwe28', 19, 4, 4, '2.1', 110, 71, 301, NULL, 88, 'f'),
('biwe28', 20, 1, 17, '1.6', 20, 93, 197, 30, 101, 'm'),
('biwe28', 20, 2, 21, '1.2', 6, 95, 163, 34, 89, 'm'),
('biwe28', 20, 3, 17, '1.8', 21, 86, 237, 28, 95, 'm'),
('biwe28', 20, 4, 21, '1.3', 10, 100, 101, 37, 85, 'm'),
('biwe28', 21, 1, 12, '1.2', 13, 96, 322, NULL, 45, 'f'),
('biwe28', 21, 2, 8, '1.7', 29, 80, 348, NULL, 48, 'f'),
('biwe28', 21, 3, 8, '1.8', 32, 82, 423, NULL, 43, 'f'),
('biwe28', 21, 4, 12, '1.1', 8, 98, 172, NULL, 57, 'm'),
('biwe28', 22, 1, 14, '2.4', 20, 72, 200, 34, 23, 'm'),
('biwe28', 22, 2, 14, '2.3', 47, 67, 155, 41, 30, 'm'),
('biwe28', 22, 3, 18, '1.8', 10, 81, 319, 18, 41, 'f'),
('biwe28', 22, 4, 18, '1.7', 11, 89, 257, 17, 39, 'f'),
('biwe28', 23, 1, 9, '1.4', 12, 86, 377, NULL, 77, 'f'),
('biwe28', 23, 2, 21, '1.2', 7, 95, 344, 21, 78, 'f'),
('biwe28', 23, 3, 9, '1.6', 8, 83, 191, NULL, 71, 'm'),
('biwe28', 23, 4, 21, '1.2', 6, 99, 180, 29, 69, 'm'),
('biwe28', 24, 1, 10, '1.1', 83, 97, 262, NULL, 34, 'f'),
('biwe28', 24, 2, 20, '1.0', 20, 99, 80, 25, 29, 'm'),
('biwe28', 24, 3, 10, '1.1', 98, 95, 154, NULL, 42, 'm'),
('biwe28', 24, 4, 20, '1.1', 43, 100, 342, 16, 38, 'f'),
('biwe28', 25, 1, 7, '1.5', 73, 92, 383, NULL, 94, 'f'),
('biwe28', 25, 2, 18, '1.4', 11, 88, 213, 26, 85, 'm'),
('biwe28', 25, 3, 7, '1.7', 78, 84, 205, NULL, 96, 'm'),
('biwe28', 25, 4, 18, '1.4', 15, 81, 82, 34, 84, 'm'),
('biwe28', 26, 1, 8, '1.7', 47, 89, 156, NULL, 50, 'm'),
('biwe28', 26, 2, 8, '1.5', 43, 86, 430, NULL, 52, 'f'),
('biwe28', 26, 3, 20, '1.2', 21, 99, 234, 30, 56, 'm'),
('biwe28', 26, 4, 20, '1.2', 46, 95, 59, 33, 61, 'm'),
('biwe28', 27, 1, 12, '1.2', 10, 97, 293, NULL, 33, 'f'),
('biwe28', 27, 2, 4, '2.3', 73, 72, 132, NULL, 25, 'm'),
('biwe28', 27, 3, 4, '2.1', 83, 73, 345, NULL, 36, 'f'),
('biwe28', 27, 4, 12, '1.3', 15, 100, 60, NULL, 40, 'm'),
('biwe28', 28, 1, 5, '1.9', 47, 74, 206, NULL, 24, 'm'),
('biwe28', 28, 2, 5, '2.3', 37, 70, 54, NULL, 37, 'm'),
('biwe28', 28, 3, 12, '1.3', 14, 97, 267, NULL, 28, 'f'),
('biwe28', 28, 4, 12, '1.0', 12, 97, 329, NULL, 36, 'f'),
('biwe28', 29, 1, 9, '1.4', 5, 89, 220, NULL, 74, 'm'),
('biwe28', 29, 2, 9, '1.7', 7, 83, 305, NULL, 73, 'f'),
('biwe28', 29, 3, 4, '2.0', 74, 78, 80, NULL, 78, 'm'),
('biwe28', 29, 4, 4, '2.3', 108, 78, 238, NULL, 72, 'm'),
('biwe28', 30, 1, 19, '1.0', 81, 99, 409, 15, 60, 'f'),
('biwe28', 30, 2, 4, '2.1', 115, 70, 448, NULL, 46, 'f'),
('biwe28', 30, 3, 19, '1.1', 104, 96, 418, 24, 49, 'f'),
('biwe28', 30, 4, 4, '2.0', 79, 72, 184, NULL, 54, 'm'),
('biwe28', 31, 1, 13, '2.4', 113, 67, 185, 41, 47, 'm'),
('biwe28', 31, 2, 21, '1.3', 6, 96, 335, 18, 56, 'f'),
('biwe28', 31, 3, 13, '2.4', 110, 69, 220, 39, 62, 'm'),
('biwe28', 31, 4, 21, '1.2', 15, 99, 340, 21, 44, 'f'),
('biwe28', 32, 1, 21, '1.1', 8, 95, 79, 26, 88, 'm'),
('biwe28', 32, 2, 6, '2.1', 7, 75, 146, NULL, 86, 'm'),
('biwe28', 32, 3, 21, '1.1', 11, 100, 369, 23, 90, 'f'),
('biwe28', 32, 4, 6, '2.0', 7, 79, 337, NULL, 98, 'f'),
('biwe28', 33, 1, 20, '1.3', 41, 100, 105, 26, 102, 'm'),
('biwe28', 33, 2, 13, '1.9', 118, 69, 231, 38, 97, 'm'),
('biwe28', 33, 3, 20, '1.3', 41, 97, 345, 14, 84, 'f'),
('biwe28', 33, 4, 13, '2.1', 106, 76, 381, 19, 98, 'f'),
('biwe28', 34, 1, 14, '2.2', 30, 76, 215, 39, 89, 'm'),
('biwe28', 34, 2, 14, '2.2', 22, 67, 248, 33, 99, 'm'),
('biwe28', 34, 3, 4, '2.1', 82, 77, 356, NULL, 90, 'f'),
('biwe28', 34, 4, 4, '2.1', 102, 69, 238, NULL, 84, 'm'),
('biwe28', 35, 1, 7, '1.8', 107, 80, 283, NULL, 68, 'f'),
('biwe28', 35, 2, 11, '1.2', 23, 96, 276, NULL, 80, 'f'),
('biwe28', 35, 3, 7, '1.5', 120, 82, 247, NULL, 77, 'm'),
('biwe28', 35, 4, 11, '1.2', 46, 95, 158, NULL, 63, 'm'),
('biwe28', 36, 1, 5, '1.9', 24, 69, 359, NULL, 41, 'f'),
('biwe28', 36, 2, 15, '2.3', 7, 66, 156, 35, 36, 'm'),
('biwe28', 36, 3, 5, '1.9', 49, 71, 177, NULL, 37, 'm'),
('biwe28', 36, 4, 5, '2.1', 30, 79, 371, NULL, 33, 'f'),
('BRER14', 1, 1, 5, '2.3', 32, 77, 219, NULL, 57, 'm'),
('BRER14', 1, 2, 5, '2.0', 25, 73, 156, NULL, 56, 'm'),
('BRER14', 1, 3, 12, '1.2', 14, 96, 368, NULL, 59, 'f'),
('BRER14', 1, 4, 12, '1.3', 9, 98, 444, NULL, 54, 'f'),
('BRER14', 2, 1, 4, '2.0', 93, 70, 318, NULL, 90, 'f'),
('BRER14', 2, 2, 14, '2.3', 48, 74, 66, 31, 96, 'm'),
('BRER14', 2, 3, 4, '2.4', 88, 69, 160, NULL, 98, 'm'),
('BRER14', 2, 4, 14, '2.1', 32, 70, 174, 27, 94, 'm'),
('BRER14', 3, 1, 16, '1.4', 83, 80, 57, 29, 82, 'm'),
('BRER14', 3, 2, 16, '1.7', 118, 85, 325, 22, 77, 'f'),
('BRER14', 3, 3, 21, '1.3', 12, 98, 189, 33, 74, 'm'),
('BRER14', 3, 4, 21, '1.0', 11, 97, 346, 17, 68, 'f'),
('BRER14', 4, 1, 4, '2.0', 100, 71, 331, NULL, 102, 'f'),
('BRER14', 4, 2, 19, '1.0', 120, 98, 176, 28, 88, 'm'),
('BRER14', 4, 3, 19, '1.3', 95, 96, 351, 18, 100, 'f'),
('BRER14', 4, 4, 4, '2.0', 87, 72, 188, NULL, 101, 'm'),
('BRER14', 5, 1, 8, '1.4', 38, 80, 317, NULL, 25, 'f'),
('BRER14', 5, 2, 4, '2.4', 72, 69, 382, NULL, 26, 'f'),
('BRER14', 5, 3, 4, '2.4', 115, 66, 251, NULL, 27, 'f'),
('BRER14', 5, 4, 8, '1.4', 24, 84, 111, NULL, 29, 'm'),
('BRER14', 6, 1, 21, '1.0', 14, 98, 105, 37, 91, 'm'),
('BRER14', 6, 2, 17, '1.5', 42, 92, 384, 20, 90, 'f'),
('BRER14', 6, 3, 17, '1.6', 50, 88, 53, 40, 95, 'm'),
('BRER14', 6, 4, 21, '1.2', 11, 100, 225, 29, 101, 'm'),
('BRER14', 7, 1, 17, '1.7', 46, 90, 113, 36, 79, 'm'),
('BRER14', 7, 2, 7, '1.5', 93, 80, 166, NULL, 81, 'm'),
('BRER14', 7, 3, 17, '1.7', 24, 86, 155, 26, 64, 'm'),
('BRER14', 7, 4, 7, '1.5', 109, 84, 104, NULL, 71, 'm'),
('BRER14', 8, 1, 9, '1.4', 6, 93, 304, NULL, 34, 'f'),
('BRER14', 8, 2, 21, '1.3', 10, 100, 86, 27, 24, 'm'),
('BRER14', 8, 3, 9, '1.8', 14, 88, 306, NULL, 33, 'f'),
('BRER14', 8, 4, 21, '1.0', 13, 99, 226, 28, 30, 'm'),
('BRER14', 9, 1, 4, '2.2', 83, 77, 380, NULL, 79, 'f'),
('BRER14', 9, 2, 11, '1.1', 49, 100, 241, NULL, 75, 'm'),
('BRER14', 9, 3, 11, '1.0', 20, 99, 371, NULL, 72, 'f'),
('BRER14', 9, 4, 4, '2.2', 102, 79, 210, NULL, 65, 'm'),
('BRER14', 10, 1, 4, '1.9', 99, 73, 360, NULL, 96, 'f'),
('BRER14', 10, 2, 9, '1.4', 12, 94, 251, NULL, 86, 'f'),
('BRER14', 10, 3, 4, '2.3', 89, 72, 171, NULL, 88, 'm'),
('BRER14', 10, 4, 9, '1.5', 13, 81, 142, NULL, 93, 'm'),
('BRER14', 11, 1, 13, '2.3', 92, 66, 430, 16, 59, 'f'),
('BRER14', 11, 2, 13, '2.3', 77, 78, 125, 39, 55, 'm'),
('BRER14', 11, 3, 21, '1.1', 10, 99, 406, 15, 51, 'f'),
('BRER14', 11, 4, 21, '1.1', 6, 98, 366, 23, 60, 'f'),
('BRER14', 12, 1, 8, '1.5', 32, 90, 205, NULL, 26, 'm'),
('BRER14', 12, 2, 8, '1.5', 28, 88, 435, NULL, 32, 'f'),
('BRER14', 12, 3, 20, '1.3', 26, 99, 423, 17, 42, 'f'),
('BRER14', 12, 4, 20, '1.3', 39, 97, 100, 36, 28, 'm'),
('BRER14', 13, 1, 21, '1.2', 13, 100, 60, 36, 31, 'm'),
('BRER14', 13, 2, 10, '1.2', 70, 97, 322, NULL, 32, 'f'),
('BRER14', 13, 3, 10, '1.2', 112, 100, 72, NULL, 41, 'm'),
('BRER14', 13, 4, 21, '1.1', 9, 100, 353, 11, 30, 'f'),
('BRER14', 14, 1, 17, '1.5', 27, 93, 422, 22, 87, 'f'),
('BRER14', 14, 2, 17, '1.5', 50, 90, 81, 36, 95, 'm'),
('BRER14', 14, 3, 13, '2.0', 72, 75, 318, 14, 85, 'f'),
('BRER14', 14, 4, 13, '2.0', 109, 68, 69, 41, 101, 'm'),
('BRER14', 15, 1, 7, '1.8', 91, 80, 319, NULL, 89, 'f'),
('BRER14', 15, 2, 7, '1.4', 111, 94, 334, NULL, 101, 'f'),
('BRER14', 15, 3, 12, '1.3', 6, 100, 120, NULL, 94, 'm'),
('BRER14', 15, 4, 12, '1.0', 8, 98, 107, NULL, 98, 'm'),
('BRER14', 16, 1, 5, '2.2', 38, 75, 131, NULL, 34, 'm'),
('BRER14', 16, 2, 17, '1.6', 49, 80, 401, 14, 31, 'f'),
('BRER14', 16, 3, 5, '2.4', 29, 77, 245, NULL, 32, 'm'),
('BRER14', 16, 4, 17, '1.5', 38, 86, 209, 28, 28, 'm'),
('BRER14', 17, 1, 11, '1.3', 26, 96, 404, NULL, 52, 'f'),
('BRER14', 17, 2, 21, '1.1', 10, 97, 388, 11, 58, 'f'),
('BRER14', 17, 3, 11, '1.1', 48, 98, 222, NULL, 53, 'm'),
('BRER14', 17, 4, 21, '1.2', 8, 100, 341, 21, 46, 'f'),
('BRER14', 18, 1, 18, '1.4', 11, 85, 273, 13, 35, 'f'),
('BRER14', 18, 2, 8, '1.4', 49, 88, 351, NULL, 32, 'f'),
('BRER14', 18, 3, 8, '1.4', 50, 93, 411, NULL, 25, 'f'),
('BRER14', 18, 4, 18, '1.5', 14, 86, 236, 32, 36, 'm'),
('BRER14', 19, 1, 5, '2.4', 44, 66, 129, NULL, 55, 'm'),
('BRER14', 19, 2, 5, '2.3', 47, 75, 144, NULL, 52, 'm'),
('BRER14', 19, 3, 15, '2.2', 11, 68, 145, 31, 57, 'm'),
('BRER14', 19, 4, 5, '1.9', 31, 73, 192, NULL, 43, 'm'),
('BRER14', 20, 1, 11, '1.2', 42, 100, 169, NULL, 102, 'm'),
('BRER14', 20, 2, 7, '1.7', 82, 89, 428, NULL, 89, 'f'),
('BRER14', 20, 3, 7, '1.6', 99, 94, 415, NULL, 100, 'f'),
('BRER14', 20, 4, 11, '1.0', 24, 100, 206, NULL, 88, 'm'),
('BRER14', 21, 1, 15, '2.2', 9, 72, 81, 39, 85, 'm'),
('BRER14', 21, 2, 4, '2.0', 71, 66, 353, NULL, 89, 'f'),
('BRER14', 21, 3, 15, '2.2', 12, 69, 214, 29, 96, 'm'),
('BRER14', 21, 4, 4, '2.1', 108, 67, 57, NULL, 99, 'm'),
('BRER14', 22, 1, 4, '2.4', 88, 76, 251, NULL, 91, 'f'),
('BRER14', 22, 2, 16, '1.5', 112, 89, 146, 40, 94, 'm'),
('BRER14', 22, 3, 16, '1.7', 115, 88, 220, 34, 95, 'm'),
('BRER14', 22, 4, 4, '2.2', 108, 71, 421, NULL, 96, 'f'),
('BRER14', 23, 1, 20, '1.0', 20, 98, 172, 33, 59, 'm'),
('BRER14', 23, 2, 20, '1.3', 50, 100, 397, 16, 55, 'f'),
('BRER14', 23, 3, 16, '1.7', 80, 91, 346, 15, 48, 'f'),
('BRER14', 23, 4, 16, '1.5', 76, 89, 245, 30, 46, 'm'),
('BRER14', 24, 1, 18, '1.6', 11, 90, 332, 11, 42, 'f'),
('BRER14', 24, 2, 18, '1.7', 15, 86, 401, 23, 34, 'f'),
('BRER14', 24, 3, 13, '2.2', 117, 73, 57, 30, 23, 'm'),
('BRER14', 24, 4, 13, '2.1', 77, 69, 64, 27, 38, 'm'),
('BRER14', 25, 1, 20, '1.3', 50, 99, 312, 22, 36, 'f'),
('BRER14', 25, 2, 5, '2.3', 45, 66, 446, NULL, 30, 'f'),
('BRER14', 25, 3, 5, '2.2', 29, 67, 404, NULL, 42, 'f'),
('BRER14', 25, 4, 20, '1.1', 30, 95, 427, 18, 37, 'f'),
('BRER14', 26, 1, 21, '1.2', 11, 95, 325, 24, 93, 'f'),
('BRER14', 26, 2, 21, '1.2', 9, 98, 426, 18, 100, 'f'),
('BRER14', 26, 3, 14, '2.4', 34, 72, 396, 19, 96, 'f'),
('BRER14', 26, 4, 14, '2.1', 27, 78, 305, 11, 94, 'f'),
('BRER14', 27, 1, 4, '2.3', 100, 71, 404, NULL, 75, 'f'),
('BRER14', 27, 2, 12, '1.1', 6, 98, 332, NULL, 80, 'f'),
('BRER14', 27, 3, 12, '1.0', 6, 97, 97, NULL, 74, 'm'),
('BRER14', 27, 4, 4, '1.9', 111, 78, 115, NULL, 70, 'm'),
('BRER14', 28, 1, 18, '1.5', 5, 81, 401, 11, 24, 'f'),
('BRER14', 28, 2, 14, '2.1', 32, 75, 257, 17, 30, 'f'),
('BRER14', 28, 3, 14, '1.9', 36, 77, 95, 27, 28, 'm'),
('BRER14', 28, 4, 18, '1.8', 5, 89, 221, 36, 31, 'm'),
('BRER14', 29, 1, 12, '1.0', 7, 97, 361, NULL, 25, 'f'),
('BRER14', 29, 2, 8, '1.4', 26, 83, 214, NULL, 27, 'm'),
('BRER14', 29, 3, 8, '1.5', 28, 86, 423, NULL, 32, 'f'),
('BRER14', 29, 4, 12, '1.1', 11, 98, 310, NULL, 23, 'f'),
('BRER14', 30, 1, 6, '2.0', 12, 79, 330, NULL, 80, 'f'),
('BRER14', 30, 2, 21, '1.0', 14, 99, 426, 14, 68, 'f'),
('BRER14', 30, 3, 6, '2.2', 14, 79, 208, NULL, 75, 'm'),
('BRER14', 30, 4, 21, '1.2', 7, 100, 406, 11, 78, 'f'),
('BRER14', 31, 1, 7, '1.8', 74, 88, 180, NULL, 72, 'm'),
('BRER14', 31, 2, 19, '1.3', 117, 95, 260, 13, 76, 'f'),
('BRER14', 31, 3, 19, '1.0', 95, 99, 424, 23, 66, 'f'),
('BRER14', 31, 4, 7, '1.7', 102, 84, 243, NULL, 73, 'm'),
('BRER14', 32, 1, 18, '1.6', 13, 84, 434, 17, 96, 'f'),
('BRER14', 32, 2, 7, '1.6', 79, 87, 157, NULL, 98, 'm'),
('BRER14', 32, 3, 7, '1.8', 105, 88, 268, NULL, 100, 'f'),
('BRER14', 32, 4, 18, '1.4', 6, 80, 156, 34, 94, 'm'),
('BRER14', 33, 1, 20, '1.3', 39, 97, 400, 12, 49, 'f'),
('BRER14', 33, 2, 10, '1.2', 93, 100, 55, NULL, 45, 'm'),
('BRER14', 33, 3, 20, '1.1', 21, 99, 154, 34, 48, 'm'),
('BRER14', 33, 4, 10, '1.2', 100, 96, 394, NULL, 47, 'f'),
('BRER14', 34, 1, 5, '2.0', 32, 66, 335, NULL, 75, 'f'),
('BRER14', 34, 2, 9, '1.4', 15, 89, 190, NULL, 64, 'm'),
('BRER14', 34, 3, 9, '1.8', 6, 80, 419, NULL, 74, 'f'),
('BRER14', 34, 4, 5, '2.2', 47, 79, 369, NULL, 73, 'f'),
('BRER14', 35, 1, 13, '2.1', 101, 70, 302, 13, 75, 'f'),
('BRER14', 35, 2, 20, '1.2', 49, 97, 306, 24, 71, 'f'),
('BRER14', 35, 3, 13, '1.9', 92, 76, 191, 26, 80, 'm'),
('BRER14', 35, 4, 20, '1.1', 39, 96, 318, 17, 81, 'f'),
('BRER14', 36, 1, 18, '1.5', 12, 93, 334, 12, 35, 'f'),
('BRER14', 36, 2, 18, '1.6', 5, 92, 394, 17, 41, 'f'),
('BRER14', 36, 3, 6, '2.1', 13, 67, 372, NULL, 40, 'f'),
('BRER14', 36, 4, 6, '2.0', 11, 77, 354, NULL, 39, 'f'),
('brnk05', 1, 1, 17, '1.8', 39, 91, 388, 19, 65, 'f'),
('brnk05', 1, 2, 7, '1.8', 91, 92, 322, NULL, 72, 'f'),
('brnk05', 1, 3, 7, '1.7', 105, 86, 197, NULL, 66, 'm'),
('brnk05', 1, 4, 17, '1.6', 44, 80, 418, 21, 67, 'f'),
('brnk05', 2, 1, 20, '1.0', 49, 97, 200, 39, 61, 'm'),
('brnk05', 2, 2, 20, '1.0', 22, 99, 381, 13, 57, 'f'),
('brnk05', 2, 3, 13, '2.2', 71, 70, 93, 36, 55, 'm'),
('brnk05', 2, 4, 13, '2.2', 92, 69, 113, 37, 51, 'm'),
('brnk05', 3, 1, 13, '2.2', 105, 78, 319, 24, 50, 'f'),
('brnk05', 3, 2, 17, '1.4', 38, 87, 162, 37, 49, 'm'),
('brnk05', 3, 3, 17, '1.4', 25, 88, 430, 13, 55, 'f'),
('brnk05', 3, 4, 13, '2.0', 98, 69, 349, 16, 47, 'f'),
('brnk05', 4, 1, 9, '1.4', 11, 92, 99, NULL, 100, 'm'),
('brnk05', 4, 2, 5, '2.3', 38, 78, 95, NULL, 90, 'm'),
('brnk05', 4, 3, 5, '2.4', 34, 67, 114, NULL, 84, 'm'),
('brnk05', 4, 4, 9, '1.4', 13, 92, 78, NULL, 95, 'm'),
('brnk05', 5, 1, 4, '2.4', 72, 78, 218, NULL, 39, 'm'),
('brnk05', 5, 2, 4, '1.9', 104, 75, 98, NULL, 28, 'm'),
('brnk05', 5, 3, 12, '1.1', 6, 99, 165, NULL, 27, 'm'),
('brnk05', 5, 4, 12, '1.1', 8, 96, 118, NULL, 42, 'm'),
('brnk05', 6, 1, 8, '1.4', 34, 91, 446, NULL, 77, 'f'),
('brnk05', 6, 2, 12, '1.2', 6, 97, 216, NULL, 73, 'm'),
('brnk05', 6, 3, 8, '1.4', 35, 81, 391, NULL, 75, 'f'),
('brnk05', 6, 4, 12, '1.2', 7, 100, 159, NULL, 67, 'm'),
('brnk05', 7, 1, 20, '1.3', 24, 95, 50, 27, 57, 'm'),
('brnk05', 7, 2, 10, '1.3', 78, 95, 218, NULL, 43, 'm'),
('brnk05', 7, 3, 20, '1.1', 33, 100, 57, 28, 48, 'm'),
('brnk05', 7, 4, 10, '1.0', 88, 97, 195, NULL, 58, 'm'),
('brnk05', 8, 1, 8, '1.8', 32, 85, 337, NULL, 57, 'f'),
('brnk05', 8, 2, 8, '1.8', 28, 93, 208, NULL, 54, 'm'),
('brnk05', 8, 3, 4, '1.9', 82, 78, 306, NULL, 55, 'f'),
('brnk05', 8, 4, 4, '2.3', 86, 69, 60, NULL, 43, 'm'),
('brnk05', 9, 1, 10, '1.1', 88, 100, 446, NULL, 71, 'f'),
('brnk05', 9, 2, 21, '1.2', 11, 98, 70, 39, 73, 'm'),
('brnk05', 9, 3, 10, '1.3', 107, 97, 142, NULL, 79, 'm'),
('brnk05', 9, 4, 21, '1.2', 14, 99, 134, 35, 67, 'm'),
('brnk05', 10, 1, 6, '2.4', 8, 75, 151, NULL, 26, 'm'),
('brnk05', 10, 2, 18, '1.6', 15, 90, 364, 18, 29, 'f'),
('brnk05', 10, 3, 18, '1.7', 10, 87, 245, 27, 23, 'm'),
('brnk05', 10, 4, 6, '2.1', 10, 69, 308, NULL, 41, 'f'),
('brnk05', 11, 1, 18, '1.5', 5, 91, 198, 31, 85, 'm'),
('brnk05', 11, 2, 7, '1.6', 96, 87, 88, NULL, 84, 'm'),
('brnk05', 11, 3, 7, '1.8', 108, 86, 265, NULL, 97, 'f'),
('brnk05', 11, 4, 18, '1.8', 13, 93, 103, 25, 93, 'm'),
('brnk05', 12, 1, 8, '1.8', 36, 84, 200, NULL, 68, 'm'),
('brnk05', 12, 2, 20, '1.1', 31, 98, 224, 26, 81, 'm'),
('brnk05', 12, 3, 8, '1.6', 45, 81, 94, NULL, 76, 'm'),
('brnk05', 12, 4, 20, '1.2', 22, 96, 321, 13, 63, 'f'),
('brnk05', 13, 1, 5, '2.4', 47, 76, 207, NULL, 55, 'm'),
('brnk05', 13, 2, 20, '1.1', 24, 98, 98, 35, 60, 'm'),
('brnk05', 13, 3, 20, '1.1', 33, 96, 176, 38, 44, 'm'),
('brnk05', 13, 4, 5, '2.3', 32, 66, 205, NULL, 53, 'm'),
('brnk05', 14, 1, 13, '2.2', 86, 66, 177, 31, 28, 'm');
INSERT INTO `concretetasks` (`vpID`, `tempPos`, `locPos`, `levelID`, `note`, `anzahl`, `prozent`, `nameID`, `photoID`, `adressID`, `sex`) VALUES
('brnk05', 14, 2, 18, '1.7', 9, 90, 405, 11, 34, 'f'),
('brnk05', 14, 3, 18, '1.5', 8, 88, 226, 35, 42, 'm'),
('brnk05', 14, 4, 13, '2.4', 75, 76, 125, 25, 23, 'm'),
('brnk05', 15, 1, 4, '2.2', 113, 77, 411, NULL, 100, 'f'),
('brnk05', 15, 2, 16, '1.6', 97, 87, 261, 12, 101, 'f'),
('brnk05', 15, 3, 16, '1.6', 102, 86, 213, 33, 95, 'm'),
('brnk05', 15, 4, 4, '2.0', 101, 69, 78, NULL, 91, 'm'),
('brnk05', 16, 1, 4, '2.4', 70, 68, 297, NULL, 35, 'f'),
('brnk05', 16, 2, 14, '2.3', 20, 70, 228, 32, 29, 'm'),
('brnk05', 16, 3, 4, '2.0', 87, 67, 421, NULL, 37, 'f'),
('brnk05', 16, 4, 14, '2.2', 38, 77, 118, 36, 24, 'm'),
('brnk05', 17, 1, 9, '1.5', 14, 82, 107, NULL, 56, 'm'),
('brnk05', 17, 2, 4, '2.1', 94, 71, 103, NULL, 52, 'm'),
('brnk05', 17, 3, 9, '1.6', 11, 86, 336, NULL, 61, 'f'),
('brnk05', 17, 4, 4, '2.2', 78, 71, 138, NULL, 50, 'm'),
('brnk05', 18, 1, 7, '1.8', 107, 86, 80, NULL, 86, 'm'),
('brnk05', 18, 2, 12, '1.2', 10, 100, 59, NULL, 85, 'm'),
('brnk05', 18, 3, 12, '1.3', 8, 99, 317, NULL, 88, 'f'),
('brnk05', 18, 4, 7, '1.6', 80, 87, 304, NULL, 84, 'f'),
('brnk05', 19, 1, 21, '1.3', 8, 95, 424, 16, 49, 'f'),
('brnk05', 19, 2, 9, '1.8', 7, 85, 235, NULL, 57, 'm'),
('brnk05', 19, 3, 21, '1.3', 10, 98, 290, 21, 44, 'f'),
('brnk05', 19, 4, 9, '1.4', 5, 82, 220, NULL, 58, 'm'),
('brnk05', 20, 1, 4, '1.9', 84, 72, 365, NULL, 63, 'f'),
('brnk05', 20, 2, 15, '1.9', 5, 78, 293, 15, 77, 'f'),
('brnk05', 20, 3, 4, '2.0', 120, 77, 327, NULL, 70, 'f'),
('brnk05', 20, 4, 15, '2.2', 7, 66, 438, 19, 81, 'f'),
('brnk05', 21, 1, 5, '1.9', 24, 66, 267, NULL, 82, 'f'),
('brnk05', 21, 2, 12, '1.1', 11, 98, 176, NULL, 64, 'm'),
('brnk05', 21, 3, 12, '1.2', 7, 100, 349, NULL, 63, 'f'),
('brnk05', 21, 4, 5, '1.9', 27, 74, 355, NULL, 81, 'f'),
('brnk05', 22, 1, 5, '2.4', 24, 76, 138, NULL, 50, 'm'),
('brnk05', 22, 2, 17, '1.5', 26, 80, 372, 24, 62, 'f'),
('brnk05', 22, 3, 17, '1.4', 47, 85, 104, 36, 45, 'm'),
('brnk05', 22, 4, 5, '2.2', 23, 77, 96, NULL, 43, 'm'),
('brnk05', 23, 1, 18, '1.8', 14, 90, 215, 32, 92, 'm'),
('brnk05', 23, 2, 18, '1.8', 12, 86, 69, 29, 86, 'm'),
('brnk05', 23, 3, 8, '1.8', 21, 87, 189, NULL, 88, 'm'),
('brnk05', 23, 4, 8, '1.6', 26, 94, 325, NULL, 95, 'f'),
('brnk05', 24, 1, 7, '1.4', 81, 94, 448, NULL, 93, 'f'),
('brnk05', 24, 2, 7, '1.6', 100, 85, 418, NULL, 96, 'f'),
('brnk05', 24, 3, 19, '1.3', 117, 100, 417, 19, 88, 'f'),
('brnk05', 24, 4, 19, '1.0', 113, 98, 136, 31, 85, 'm'),
('brnk05', 25, 1, 14, '2.4', 41, 72, 147, 37, 79, 'm'),
('brnk05', 25, 2, 21, '1.3', 15, 95, 350, 15, 64, 'f'),
('brnk05', 25, 3, 14, '2.1', 50, 76, 251, 13, 69, 'f'),
('brnk05', 25, 4, 21, '1.2', 10, 96, 445, 11, 72, 'f'),
('brnk05', 26, 1, 4, '2.4', 102, 74, 225, NULL, 41, 'm'),
('brnk05', 26, 2, 19, '1.2', 80, 97, 360, 21, 23, 'f'),
('brnk05', 26, 3, 19, '1.3', 114, 99, 324, 20, 24, 'f'),
('brnk05', 26, 4, 4, '2.1', 76, 67, 232, NULL, 27, 'm'),
('brnk05', 27, 1, 14, '2.3', 38, 68, 50, 36, 36, 'm'),
('brnk05', 27, 2, 14, '2.2', 20, 72, 69, 38, 29, 'm'),
('brnk05', 27, 3, 18, '1.6', 11, 89, 207, 27, 33, 'm'),
('brnk05', 27, 4, 18, '1.5', 14, 82, 195, 29, 32, 'm'),
('brnk05', 28, 1, 11, '1.2', 32, 100, 410, NULL, 44, 'f'),
('brnk05', 28, 2, 7, '1.8', 81, 87, 262, NULL, 53, 'f'),
('brnk05', 28, 3, 7, '1.5', 91, 93, 342, NULL, 57, 'f'),
('brnk05', 28, 4, 11, '1.0', 34, 96, 220, NULL, 59, 'm'),
('brnk05', 29, 1, 11, '1.3', 34, 96, 380, NULL, 101, 'f'),
('brnk05', 29, 2, 4, '2.2', 108, 74, 63, NULL, 91, 'm'),
('brnk05', 29, 3, 4, '2.1', 105, 69, 354, NULL, 88, 'f'),
('brnk05', 29, 4, 11, '1.0', 23, 100, 430, NULL, 97, 'f'),
('brnk05', 30, 1, 6, '1.9', 12, 72, 419, NULL, 40, 'f'),
('brnk05', 30, 2, 6, '2.3', 12, 69, 344, NULL, 39, 'f'),
('brnk05', 30, 3, 21, '1.3', 9, 98, 431, 16, 25, 'f'),
('brnk05', 30, 4, 21, '1.2', 12, 96, 108, 37, 23, 'm'),
('brnk05', 31, 1, 21, '1.3', 6, 100, 125, 31, 70, 'm'),
('brnk05', 31, 2, 21, '1.2', 10, 99, 405, 21, 68, 'f'),
('brnk05', 31, 3, 11, '1.1', 30, 96, 376, NULL, 76, 'f'),
('brnk05', 31, 4, 11, '1.2', 33, 96, 123, NULL, 81, 'm'),
('brnk05', 32, 1, 13, '2.4', 99, 70, 223, 26, 46, 'm'),
('brnk05', 32, 2, 21, '1.1', 6, 99, 60, 31, 48, 'm'),
('brnk05', 32, 3, 21, '1.0', 11, 100, 398, 21, 52, 'f'),
('brnk05', 32, 4, 13, '2.3', 70, 68, 374, 24, 59, 'f'),
('brnk05', 33, 1, 20, '1.2', 32, 97, 414, 13, 41, 'f'),
('brnk05', 33, 2, 20, '1.2', 30, 95, 288, 21, 40, 'f'),
('brnk05', 33, 3, 16, '1.6', 116, 80, 145, 38, 31, 'm'),
('brnk05', 33, 4, 16, '1.8', 81, 92, 304, 11, 36, 'f'),
('brnk05', 34, 1, 21, '1.1', 11, 95, 187, 25, 46, 'm'),
('brnk05', 34, 2, 17, '1.8', 30, 93, 357, 20, 54, 'f'),
('brnk05', 34, 3, 21, '1.3', 10, 98, 94, 38, 57, 'm'),
('brnk05', 34, 4, 17, '1.6', 49, 87, 72, 30, 47, 'm'),
('brnk05', 35, 1, 21, '1.3', 8, 99, 211, 30, 81, 'm'),
('brnk05', 35, 2, 21, '1.2', 11, 96, 187, 27, 78, 'm'),
('brnk05', 35, 3, 16, '1.8', 87, 80, 265, 14, 79, 'f'),
('brnk05', 35, 4, 16, '1.8', 71, 89, 438, 15, 65, 'f'),
('brnk05', 36, 1, 5, '2.4', 45, 77, 100, NULL, 33, 'm'),
('brnk05', 36, 2, 15, '2.0', 11, 68, 135, 29, 39, 'm'),
('brnk05', 36, 3, 5, '2.4', 22, 74, 183, NULL, 28, 'm'),
('brnk05', 36, 4, 5, '2.1', 45, 71, 209, NULL, 41, 'm'),
('CLAO19', 1, 1, 14, '2.0', 22, 72, 253, 12, 41, 'f'),
('CLAO19', 1, 2, 18, '1.4', 6, 87, 318, 23, 32, 'f'),
('CLAO19', 1, 3, 14, '2.4', 36, 77, 371, 21, 33, 'f'),
('CLAO19', 1, 4, 18, '1.4', 8, 85, 438, 14, 24, 'f'),
('CLAO19', 2, 1, 21, '1.3', 10, 100, 328, 13, 73, 'f'),
('CLAO19', 2, 2, 11, '1.0', 47, 99, 85, NULL, 74, 'm'),
('CLAO19', 2, 3, 11, '1.2', 31, 97, 51, NULL, 69, 'm'),
('CLAO19', 2, 4, 21, '1.2', 10, 95, 212, 38, 81, 'm'),
('CLAO19', 3, 1, 12, '1.1', 9, 100, 316, NULL, 66, 'f'),
('CLAO19', 3, 2, 12, '1.1', 7, 99, 332, NULL, 76, 'f'),
('CLAO19', 3, 3, 7, '1.7', 101, 90, 57, NULL, 69, 'm'),
('CLAO19', 3, 4, 7, '1.8', 90, 82, 297, NULL, 65, 'f'),
('CLAO19', 4, 1, 11, '1.3', 22, 97, 87, NULL, 83, 'm'),
('CLAO19', 4, 2, 11, '1.0', 20, 96, 306, NULL, 88, 'f'),
('CLAO19', 4, 3, 4, '2.4', 90, 78, 399, NULL, 96, 'f'),
('CLAO19', 4, 4, 4, '2.4', 77, 67, 169, NULL, 89, 'm'),
('CLAO19', 5, 1, 4, '2.3', 110, 71, 172, NULL, 49, 'm'),
('CLAO19', 5, 2, 4, '2.1', 109, 69, 360, NULL, 43, 'f'),
('CLAO19', 5, 3, 16, '1.4', 119, 88, 146, 29, 53, 'm'),
('CLAO19', 5, 4, 16, '1.8', 95, 84, 96, 41, 56, 'm'),
('CLAO19', 6, 1, 7, '1.5', 105, 82, 219, NULL, 91, 'm'),
('CLAO19', 6, 2, 18, '1.7', 7, 93, 84, 41, 100, 'm'),
('CLAO19', 6, 3, 18, '1.4', 14, 91, 442, 22, 92, 'f'),
('CLAO19', 6, 4, 7, '1.6', 115, 80, 321, NULL, 101, 'f'),
('CLAO19', 7, 1, 17, '1.6', 50, 81, 377, 17, 50, 'f'),
('CLAO19', 7, 2, 21, '1.3', 6, 95, 219, 29, 48, 'm'),
('CLAO19', 7, 3, 21, '1.2', 6, 97, 360, 12, 46, 'f'),
('CLAO19', 7, 4, 17, '1.7', 36, 89, 268, 15, 44, 'f'),
('CLAO19', 8, 1, 12, '1.3', 5, 99, 230, NULL, 95, 'm'),
('CLAO19', 8, 2, 4, '2.4', 107, 75, 172, NULL, 102, 'm'),
('CLAO19', 8, 3, 12, '1.2', 14, 98, 240, NULL, 91, 'm'),
('CLAO19', 8, 4, 4, '2.2', 102, 69, 104, NULL, 92, 'm'),
('CLAO19', 9, 1, 13, '2.2', 88, 78, 395, 21, 51, 'f'),
('CLAO19', 9, 2, 20, '1.1', 23, 98, 423, 22, 47, 'f'),
('CLAO19', 9, 3, 13, '2.0', 109, 70, 268, 23, 56, 'f'),
('CLAO19', 9, 4, 20, '1.0', 29, 98, 390, 12, 44, 'f'),
('CLAO19', 10, 1, 7, '1.7', 100, 87, 217, NULL, 86, 'm'),
('CLAO19', 10, 2, 11, '1.3', 46, 97, 436, NULL, 88, 'f'),
('CLAO19', 10, 3, 11, '1.1', 48, 97, 278, NULL, 84, 'f'),
('CLAO19', 10, 4, 7, '1.6', 113, 84, 67, NULL, 87, 'm'),
('CLAO19', 11, 1, 10, '1.2', 105, 99, 406, NULL, 61, 'f'),
('CLAO19', 11, 2, 21, '1.3', 8, 97, 203, 34, 57, 'm'),
('CLAO19', 11, 3, 10, '1.0', 109, 97, 54, NULL, 52, 'm'),
('CLAO19', 11, 4, 21, '1.0', 6, 95, 165, 37, 43, 'm'),
('CLAO19', 12, 1, 18, '1.6', 5, 81, 99, 28, 68, 'm'),
('CLAO19', 12, 2, 6, '2.3', 6, 66, 311, NULL, 81, 'f'),
('CLAO19', 12, 3, 18, '1.7', 6, 86, 242, 40, 72, 'm'),
('CLAO19', 12, 4, 6, '1.9', 10, 67, 304, NULL, 73, 'f'),
('CLAO19', 13, 1, 4, '2.2', 98, 67, 171, NULL, 24, 'm'),
('CLAO19', 13, 2, 8, '1.6', 30, 89, 333, NULL, 36, 'f'),
('CLAO19', 13, 3, 8, '1.4', 25, 83, 283, NULL, 32, 'f'),
('CLAO19', 13, 4, 4, '2.3', 82, 75, 314, NULL, 23, 'f'),
('CLAO19', 14, 1, 13, '2.4', 94, 76, 325, 20, 31, 'f'),
('CLAO19', 14, 2, 18, '1.7', 10, 84, 203, 31, 36, 'm'),
('CLAO19', 14, 3, 18, '1.7', 6, 86, 377, 23, 32, 'f'),
('CLAO19', 14, 4, 13, '2.2', 99, 76, 200, 26, 28, 'm'),
('CLAO19', 15, 1, 16, '1.4', 112, 90, 196, 25, 75, 'm'),
('CLAO19', 15, 2, 21, '1.3', 11, 100, 372, 18, 73, 'f'),
('CLAO19', 15, 3, 21, '1.1', 14, 96, 428, 23, 78, 'f'),
('CLAO19', 15, 4, 16, '1.5', 110, 80, 253, 13, 68, 'f'),
('CLAO19', 16, 1, 14, '2.2', 42, 79, 96, 38, 50, 'm'),
('CLAO19', 16, 2, 14, '2.4', 34, 66, 194, 40, 55, 'm'),
('CLAO19', 16, 3, 4, '2.2', 118, 78, 110, NULL, 57, 'm'),
('CLAO19', 16, 4, 4, '2.4', 113, 72, 122, NULL, 48, 'm'),
('CLAO19', 17, 1, 17, '1.6', 42, 94, 55, 40, 33, 'm'),
('CLAO19', 17, 2, 7, '1.4', 118, 85, 135, NULL, 36, 'm'),
('CLAO19', 17, 3, 7, '1.6', 101, 85, 216, NULL, 39, 'm'),
('CLAO19', 17, 4, 17, '1.8', 30, 86, 73, 29, 28, 'm'),
('CLAO19', 18, 1, 6, '2.4', 9, 72, 163, NULL, 55, 'm'),
('CLAO19', 18, 2, 21, '1.3', 14, 95, 298, 24, 53, 'f'),
('CLAO19', 18, 3, 6, '2.3', 10, 72, 181, NULL, 56, 'm'),
('CLAO19', 18, 4, 21, '1.3', 10, 100, 284, 15, 59, 'f'),
('CLAO19', 19, 1, 8, '1.5', 34, 85, 236, NULL, 37, 'm'),
('CLAO19', 19, 2, 8, '1.8', 23, 84, 412, NULL, 29, 'f'),
('CLAO19', 19, 3, 12, '1.1', 14, 96, 212, NULL, 30, 'm'),
('CLAO19', 19, 4, 12, '1.1', 11, 95, 150, NULL, 26, 'm'),
('CLAO19', 20, 1, 12, '1.0', 8, 95, 341, NULL, 40, 'f'),
('CLAO19', 20, 2, 5, '2.0', 34, 73, 353, NULL, 41, 'f'),
('CLAO19', 20, 3, 12, '1.0', 7, 96, 288, NULL, 30, 'f'),
('CLAO19', 20, 4, 5, '2.4', 30, 68, 167, NULL, 36, 'm'),
('CLAO19', 21, 1, 20, '1.3', 48, 100, 439, 18, 50, 'f'),
('CLAO19', 21, 2, 16, '1.7', 78, 84, 437, 19, 48, 'f'),
('CLAO19', 21, 3, 20, '1.3', 27, 97, 70, 33, 45, 'm'),
('CLAO19', 21, 4, 16, '1.4', 103, 85, 190, 27, 44, 'm'),
('CLAO19', 22, 1, 19, '1.0', 99, 100, 342, 15, 65, 'f'),
('CLAO19', 22, 2, 19, '1.3', 97, 99, 268, 20, 78, 'f'),
('CLAO19', 22, 3, 4, '2.0', 71, 69, 279, NULL, 67, 'f'),
('CLAO19', 22, 4, 4, '2.3', 107, 77, 387, NULL, 63, 'f'),
('CLAO19', 23, 1, 5, '1.9', 37, 70, 404, NULL, 102, 'f'),
('CLAO19', 23, 2, 15, '2.0', 6, 66, 307, 14, 89, 'f'),
('CLAO19', 23, 3, 5, '2.4', 49, 78, 259, NULL, 93, 'f'),
('CLAO19', 23, 4, 5, '2.0', 40, 68, 362, NULL, 95, 'f'),
('CLAO19', 24, 1, 5, '2.1', 28, 72, 100, NULL, 73, 'm'),
('CLAO19', 24, 2, 5, '2.2', 36, 66, 229, NULL, 68, 'm'),
('CLAO19', 24, 3, 20, '1.3', 44, 97, 341, 11, 65, 'f'),
('CLAO19', 24, 4, 20, '1.2', 37, 95, 204, 38, 70, 'm'),
('CLAO19', 25, 1, 13, '2.4', 120, 74, 313, 15, 27, 'f'),
('CLAO19', 25, 2, 21, '1.3', 9, 98, 433, 22, 24, 'f'),
('CLAO19', 25, 3, 21, '1.3', 14, 96, 266, 24, 42, 'f'),
('CLAO19', 25, 4, 13, '2.3', 73, 76, 438, 20, 32, 'f'),
('CLAO19', 26, 1, 20, '1.0', 23, 95, 332, 11, 63, 'f'),
('CLAO19', 26, 2, 20, '1.1', 34, 96, 431, 16, 75, 'f'),
('CLAO19', 26, 3, 10, '1.2', 106, 99, 193, NULL, 69, 'm'),
('CLAO19', 26, 4, 10, '1.0', 73, 99, 375, NULL, 65, 'f'),
('CLAO19', 27, 1, 9, '1.7', 11, 89, 293, NULL, 88, 'f'),
('CLAO19', 27, 2, 9, '1.8', 7, 85, 340, NULL, 89, 'f'),
('CLAO19', 27, 3, 5, '2.2', 24, 74, 158, NULL, 86, 'm'),
('CLAO19', 27, 4, 5, '2.3', 28, 72, 160, NULL, 96, 'm'),
('CLAO19', 28, 1, 8, '1.6', 46, 91, 189, NULL, 81, 'm'),
('CLAO19', 28, 2, 20, '1.1', 22, 97, 290, 19, 66, 'f'),
('CLAO19', 28, 3, 8, '1.4', 29, 84, 56, NULL, 65, 'm'),
('CLAO19', 28, 4, 20, '1.2', 40, 96, 302, 17, 77, 'f'),
('CLAO19', 29, 1, 7, '1.7', 75, 82, 83, NULL, 26, 'm'),
('CLAO19', 29, 2, 19, '1.0', 117, 98, 208, 25, 41, 'm'),
('CLAO19', 29, 3, 7, '1.8', 98, 80, 274, NULL, 27, 'f'),
('CLAO19', 29, 4, 19, '1.3', 84, 100, 247, 34, 25, 'm'),
('CLAO19', 30, 1, 4, '1.9', 106, 70, 353, NULL, 48, 'f'),
('CLAO19', 30, 2, 9, '1.6', 15, 90, 426, NULL, 44, 'f'),
('CLAO19', 30, 3, 4, '2.1', 88, 75, 129, NULL, 59, 'm'),
('CLAO19', 30, 4, 9, '1.5', 15, 81, 197, NULL, 60, 'm'),
('CLAO19', 31, 1, 17, '1.8', 43, 91, 312, 14, 73, 'f'),
('CLAO19', 31, 2, 17, '1.5', 27, 93, 50, 26, 82, 'm'),
('CLAO19', 31, 3, 13, '1.9', 82, 76, 129, 39, 79, 'm'),
('CLAO19', 31, 4, 13, '2.2', 102, 69, 437, 20, 77, 'f'),
('CLAO19', 32, 1, 15, '2.3', 7, 78, 70, 36, 89, 'm'),
('CLAO19', 32, 2, 4, '2.2', 79, 69, 410, NULL, 91, 'f'),
('CLAO19', 32, 3, 15, '2.2', 7, 68, 248, 31, 86, 'm'),
('CLAO19', 32, 4, 4, '2.3', 94, 78, 103, NULL, 100, 'm'),
('CLAO19', 33, 1, 8, '1.4', 36, 93, 269, NULL, 62, 'f'),
('CLAO19', 33, 2, 8, '1.4', 26, 91, 356, NULL, 44, 'f'),
('CLAO19', 33, 3, 18, '1.8', 5, 93, 345, 17, 61, 'f'),
('CLAO19', 33, 4, 18, '1.6', 14, 84, 209, 37, 57, 'm'),
('CLAO19', 34, 1, 5, '2.2', 27, 75, 363, NULL, 65, 'f'),
('CLAO19', 34, 2, 17, '1.7', 31, 86, 86, 41, 79, 'm'),
('CLAO19', 34, 3, 17, '1.5', 48, 81, 431, 13, 67, 'f'),
('CLAO19', 34, 4, 5, '2.1', 39, 77, 147, NULL, 66, 'm'),
('CLAO19', 35, 1, 14, '2.4', 43, 67, 391, 22, 92, 'f'),
('CLAO19', 35, 2, 21, '1.3', 14, 96, 131, 27, 96, 'm'),
('CLAO19', 35, 3, 21, '1.1', 6, 100, 308, 21, 95, 'f'),
('CLAO19', 35, 4, 14, '2.0', 34, 78, 180, 32, 100, 'm'),
('CLAO19', 36, 1, 21, '1.2', 14, 96, 232, 33, 42, 'm'),
('CLAO19', 36, 2, 9, '1.6', 7, 87, 195, NULL, 32, 'm'),
('CLAO19', 36, 3, 21, '1.2', 10, 96, 404, 11, 38, 'f'),
('CLAO19', 36, 4, 9, '1.5', 8, 92, 388, NULL, 31, 'f'),
('FAEF03', 1, 1, 4, '2.3', 88, 68, 334, NULL, 89, 'f'),
('FAEF03', 1, 2, 9, '1.7', 12, 91, 261, NULL, 93, 'f'),
('FAEF03', 1, 3, 4, '2.0', 92, 72, 220, NULL, 102, 'm'),
('FAEF03', 1, 4, 9, '1.8', 8, 88, 213, NULL, 97, 'm'),
('FAEF03', 2, 1, 4, '2.3', 94, 72, 273, NULL, 98, 'f'),
('FAEF03', 2, 2, 11, '1.3', 43, 100, 107, NULL, 85, 'm'),
('FAEF03', 2, 3, 4, '2.4', 81, 76, 421, NULL, 101, 'f'),
('FAEF03', 2, 4, 11, '1.0', 42, 100, 137, NULL, 100, 'm'),
('FAEF03', 3, 1, 9, '1.6', 6, 88, 119, NULL, 72, 'm'),
('FAEF03', 3, 2, 9, '1.5', 14, 92, 416, NULL, 81, 'f'),
('FAEF03', 3, 3, 21, '1.1', 7, 99, 342, 18, 64, 'f'),
('FAEF03', 3, 4, 21, '1.1', 15, 100, 379, 22, 63, 'f'),
('FAEF03', 4, 1, 13, '2.1', 88, 71, 264, 18, 78, 'f'),
('FAEF03', 4, 2, 21, '1.2', 7, 98, 245, 34, 72, 'm'),
('FAEF03', 4, 3, 13, '2.2', 116, 74, 194, 36, 67, 'm'),
('FAEF03', 4, 4, 21, '1.3', 12, 97, 421, 13, 81, 'f'),
('FAEF03', 5, 1, 15, '1.9', 11, 73, 184, 31, 27, 'm'),
('FAEF03', 5, 2, 5, '2.1', 33, 70, 263, NULL, 34, 'f'),
('FAEF03', 5, 3, 5, '1.9', 29, 66, 70, NULL, 28, 'm'),
('FAEF03', 5, 4, 5, '2.3', 23, 71, 349, NULL, 38, 'f'),
('FAEF03', 6, 1, 5, '2.0', 25, 67, 344, NULL, 69, 'f'),
('FAEF03', 6, 2, 5, '2.4', 24, 71, 97, NULL, 71, 'm'),
('FAEF03', 6, 3, 12, '1.0', 10, 98, 274, NULL, 64, 'f'),
('FAEF03', 6, 4, 12, '1.0', 12, 99, 277, NULL, 67, 'f'),
('FAEF03', 7, 1, 12, '1.1', 14, 100, 132, NULL, 61, 'm'),
('FAEF03', 7, 2, 4, '2.1', 74, 69, 62, NULL, 53, 'm'),
('FAEF03', 7, 3, 4, '1.9', 114, 70, 332, NULL, 44, 'f'),
('FAEF03', 7, 4, 12, '1.1', 13, 98, 49, NULL, 47, 'm'),
('FAEF03', 8, 1, 4, '2.0', 106, 76, 254, NULL, 39, 'f'),
('FAEF03', 8, 2, 19, '1.1', 108, 100, 116, 34, 31, 'm'),
('FAEF03', 8, 3, 19, '1.3', 104, 99, 49, 25, 25, 'm'),
('FAEF03', 8, 4, 4, '2.0', 95, 79, 227, NULL, 24, 'm'),
('FAEF03', 9, 1, 21, '1.0', 15, 98, 279, 15, 88, 'f'),
('FAEF03', 9, 2, 6, '1.9', 14, 71, 188, NULL, 93, 'm'),
('FAEF03', 9, 3, 21, '1.0', 10, 100, 346, 17, 92, 'f'),
('FAEF03', 9, 4, 6, '2.4', 13, 76, 242, NULL, 101, 'm'),
('FAEF03', 10, 1, 14, '2.1', 30, 70, 125, 30, 89, 'm'),
('FAEF03', 10, 2, 18, '1.6', 10, 87, 58, 33, 95, 'm'),
('FAEF03', 10, 3, 14, '2.1', 35, 74, 425, 16, 91, 'f'),
('FAEF03', 10, 4, 18, '1.4', 6, 88, 157, 25, 94, 'm'),
('FAEF03', 11, 1, 17, '1.5', 49, 80, 448, 23, 85, 'f'),
('FAEF03', 11, 2, 21, '1.1', 10, 96, 260, 15, 102, 'f'),
('FAEF03', 11, 3, 21, '1.0', 15, 99, 380, 22, 95, 'f'),
('FAEF03', 11, 4, 17, '1.8', 28, 82, 105, 39, 87, 'm'),
('FAEF03', 12, 1, 7, '1.6', 71, 87, 280, NULL, 56, 'f'),
('FAEF03', 12, 2, 19, '1.1', 75, 100, 394, 23, 58, 'f'),
('FAEF03', 12, 3, 19, '1.1', 113, 98, 420, 22, 45, 'f'),
('FAEF03', 12, 4, 7, '1.7', 115, 81, 427, NULL, 50, 'f'),
('FAEF03', 13, 1, 20, '1.2', 20, 95, 157, 29, 83, 'm'),
('FAEF03', 13, 2, 8, '1.7', 39, 93, 214, NULL, 86, 'm'),
('FAEF03', 13, 3, 8, '1.8', 24, 87, 370, NULL, 94, 'f'),
('FAEF03', 13, 4, 20, '1.0', 36, 100, 282, 20, 97, 'f'),
('FAEF03', 14, 1, 6, '1.9', 11, 67, 430, NULL, 42, 'f'),
('FAEF03', 14, 2, 18, '1.7', 15, 94, 381, 18, 33, 'f'),
('FAEF03', 14, 3, 6, '2.1', 13, 69, 308, NULL, 34, 'f'),
('FAEF03', 14, 4, 18, '1.4', 8, 92, 375, 21, 37, 'f'),
('FAEF03', 15, 1, 7, '1.5', 85, 81, 333, NULL, 73, 'f'),
('FAEF03', 15, 2, 7, '1.5', 100, 80, 97, NULL, 75, 'm'),
('FAEF03', 15, 3, 17, '1.5', 37, 83, 133, 37, 66, 'm'),
('FAEF03', 15, 4, 17, '1.7', 33, 87, 433, 21, 74, 'f'),
('FAEF03', 16, 1, 10, '1.2', 114, 98, 380, NULL, 33, 'f'),
('FAEF03', 16, 2, 20, '1.3', 49, 98, 349, 16, 24, 'f'),
('FAEF03', 16, 3, 10, '1.3', 77, 96, 438, NULL, 40, 'f'),
('FAEF03', 16, 4, 20, '1.3', 49, 99, 434, 13, 32, 'f'),
('FAEF03', 17, 1, 17, '1.4', 39, 82, 290, 24, 66, 'f'),
('FAEF03', 17, 2, 17, '1.7', 50, 84, 98, 28, 75, 'm'),
('FAEF03', 17, 3, 5, '2.1', 35, 71, 248, NULL, 68, 'm'),
('FAEF03', 17, 4, 5, '2.0', 50, 76, 346, NULL, 72, 'f'),
('FAEF03', 18, 1, 16, '1.7', 104, 88, 207, 37, 74, 'm'),
('FAEF03', 18, 2, 16, '1.7', 88, 92, 312, 16, 80, 'f'),
('FAEF03', 18, 3, 20, '1.2', 34, 98, 342, 20, 73, 'f'),
('FAEF03', 18, 4, 20, '1.1', 35, 97, 230, 27, 65, 'm'),
('FAEF03', 19, 1, 11, '1.0', 27, 97, 368, NULL, 35, 'f'),
('FAEF03', 19, 2, 7, '1.6', 110, 85, 124, NULL, 24, 'm'),
('FAEF03', 19, 3, 11, '1.3', 20, 98, 379, NULL, 32, 'f'),
('FAEF03', 19, 4, 7, '1.8', 79, 84, 425, NULL, 26, 'f'),
('FAEF03', 20, 1, 10, '1.2', 116, 98, 289, NULL, 92, 'f'),
('FAEF03', 20, 2, 21, '1.2', 11, 95, 225, 31, 90, 'm'),
('FAEF03', 20, 3, 10, '1.2', 114, 100, 182, NULL, 99, 'm'),
('FAEF03', 20, 4, 21, '1.3', 6, 96, 406, 14, 94, 'f'),
('FAEF03', 21, 1, 7, '1.6', 103, 83, 230, NULL, 53, 'm'),
('FAEF03', 21, 2, 7, '1.8', 102, 92, 318, NULL, 47, 'f'),
('FAEF03', 21, 3, 18, '1.7', 5, 81, 297, 17, 60, 'f'),
('FAEF03', 21, 4, 18, '1.4', 12, 88, 226, 25, 62, 'm'),
('FAEF03', 22, 1, 8, '1.5', 48, 87, 86, NULL, 71, 'm'),
('FAEF03', 22, 2, 4, '2.2', 119, 79, 124, NULL, 70, 'm'),
('FAEF03', 22, 3, 4, '2.2', 115, 67, 213, NULL, 77, 'm'),
('FAEF03', 22, 4, 8, '1.8', 35, 88, 184, NULL, 66, 'm'),
('FAEF03', 23, 1, 21, '1.1', 11, 97, 119, 41, 31, 'm'),
('FAEF03', 23, 2, 11, '1.3', 45, 100, 427, NULL, 39, 'f'),
('FAEF03', 23, 3, 21, '1.3', 13, 95, 166, 39, 27, 'm'),
('FAEF03', 23, 4, 11, '1.3', 26, 98, 221, NULL, 34, 'm'),
('FAEF03', 24, 1, 18, '1.4', 14, 82, 393, 24, 57, 'f'),
('FAEF03', 24, 2, 13, '1.9', 88, 72, 155, 34, 45, 'm'),
('FAEF03', 24, 3, 18, '1.8', 6, 86, 274, 17, 48, 'f'),
('FAEF03', 24, 4, 13, '2.3', 92, 68, 406, 22, 53, 'f'),
('FAEF03', 25, 1, 13, '2.0', 104, 70, 192, 34, 61, 'm'),
('FAEF03', 25, 2, 17, '1.4', 26, 87, 67, 38, 43, 'm'),
('FAEF03', 25, 3, 17, '1.8', 26, 84, 224, 26, 54, 'm'),
('FAEF03', 25, 4, 13, '1.9', 105, 79, 353, 19, 62, 'f'),
('FAEF03', 26, 1, 8, '1.8', 46, 86, 204, NULL, 56, 'm'),
('FAEF03', 26, 2, 18, '1.6', 5, 81, 212, 40, 52, 'm'),
('FAEF03', 26, 3, 8, '1.4', 43, 84, 228, NULL, 62, 'm'),
('FAEF03', 26, 4, 18, '1.4', 6, 80, 144, 34, 48, 'm'),
('FAEF03', 27, 1, 4, '2.1', 118, 70, 165, NULL, 44, 'm'),
('FAEF03', 27, 2, 14, '2.4', 33, 67, 382, 24, 53, 'f'),
('FAEF03', 27, 3, 4, '2.3', 96, 66, 79, NULL, 62, 'm'),
('FAEF03', 27, 4, 14, '2.4', 35, 69, 447, 18, 56, 'f'),
('FAEF03', 28, 1, 14, '2.0', 40, 70, 231, 29, 93, 'm'),
('FAEF03', 28, 2, 21, '1.3', 15, 96, 325, 24, 91, 'f'),
('FAEF03', 28, 3, 14, '2.4', 24, 71, 341, 20, 83, 'f'),
('FAEF03', 28, 4, 21, '1.2', 7, 100, 137, 27, 92, 'm'),
('FAEF03', 29, 1, 4, '1.9', 109, 69, 429, NULL, 93, 'f'),
('FAEF03', 29, 2, 15, '2.4', 14, 73, 198, 28, 85, 'm'),
('FAEF03', 29, 3, 15, '2.1', 13, 73, 128, 31, 89, 'm'),
('FAEF03', 29, 4, 4, '2.3', 100, 79, 109, NULL, 91, 'm'),
('FAEF03', 30, 1, 12, '1.2', 13, 99, 138, NULL, 90, 'm'),
('FAEF03', 30, 2, 12, '1.3', 7, 100, 436, NULL, 91, 'f'),
('FAEF03', 30, 3, 7, '1.7', 74, 86, 292, NULL, 99, 'f'),
('FAEF03', 30, 4, 7, '1.7', 114, 90, 267, NULL, 83, 'f'),
('FAEF03', 31, 1, 20, '1.1', 41, 97, 171, 27, 59, 'm'),
('FAEF03', 31, 2, 5, '1.9', 22, 66, 389, NULL, 45, 'f'),
('FAEF03', 31, 3, 20, '1.0', 47, 99, 343, 24, 49, 'f'),
('FAEF03', 31, 4, 5, '2.3', 34, 70, 50, NULL, 43, 'm'),
('FAEF03', 32, 1, 9, '1.6', 5, 80, 418, NULL, 101, 'f'),
('FAEF03', 32, 2, 9, '1.8', 8, 92, 420, NULL, 97, 'f'),
('FAEF03', 32, 3, 5, '2.1', 40, 70, 164, NULL, 88, 'm'),
('FAEF03', 32, 4, 5, '1.9', 25, 67, 73, NULL, 94, 'm'),
('FAEF03', 33, 1, 4, '2.3', 87, 69, 447, NULL, 62, 'f'),
('FAEF03', 33, 2, 16, '1.8', 80, 83, 206, 41, 57, 'm'),
('FAEF03', 33, 3, 4, '2.0', 98, 78, 211, NULL, 60, 'm'),
('FAEF03', 33, 4, 16, '1.7', 73, 86, 296, 11, 51, 'f'),
('FAEF03', 34, 1, 12, '1.3', 15, 96, 116, NULL, 61, 'm'),
('FAEF03', 34, 2, 8, '1.8', 35, 92, 242, NULL, 58, 'm'),
('FAEF03', 34, 3, 8, '1.8', 29, 82, 187, NULL, 57, 'm'),
('FAEF03', 34, 4, 12, '1.1', 13, 100, 100, NULL, 48, 'm'),
('FAEF03', 35, 1, 13, '1.9', 83, 73, 69, 25, 80, 'm'),
('FAEF03', 35, 2, 13, '2.0', 88, 72, 243, 37, 74, 'm'),
('FAEF03', 35, 3, 20, '1.0', 32, 98, 217, 36, 72, 'm'),
('FAEF03', 35, 4, 20, '1.0', 25, 96, 228, 39, 81, 'm'),
('FAEF03', 36, 1, 21, '1.1', 8, 95, 174, 39, 92, 'm'),
('FAEF03', 36, 2, 21, '1.3', 12, 97, 402, 21, 90, 'f'),
('FAEF03', 36, 3, 16, '1.8', 93, 90, 112, 40, 87, 'm'),
('FAEF03', 36, 4, 16, '1.5', 88, 83, 435, 12, 101, 'f'),
('gawe05', 1, 1, 17, '1.6', 25, 81, 334, 12, 40, 'f'),
('gawe05', 1, 2, 5, '2.1', 43, 79, 78, NULL, 27, 'm'),
('gawe05', 1, 3, 5, '2.1', 26, 67, 246, NULL, 23, 'm'),
('gawe05', 1, 4, 17, '1.7', 25, 92, 75, 34, 29, 'm'),
('gawe05', 2, 1, 12, '1.2', 7, 99, 81, NULL, 38, 'm'),
('gawe05', 2, 2, 5, '2.0', 36, 74, 275, NULL, 40, 'f'),
('gawe05', 2, 3, 5, '2.4', 32, 68, 58, NULL, 31, 'm'),
('gawe05', 2, 4, 12, '1.3', 9, 95, 356, NULL, 34, 'f'),
('gawe05', 3, 1, 13, '2.0', 98, 78, 359, 21, 99, 'f'),
('gawe05', 3, 2, 13, '2.3', 120, 67, 73, 30, 97, 'm'),
('gawe05', 3, 3, 18, '1.6', 9, 89, 234, 40, 91, 'm'),
('gawe05', 3, 4, 18, '1.7', 11, 91, 307, 19, 102, 'f'),
('gawe05', 4, 1, 20, '1.0', 26, 100, 273, 18, 52, 'f'),
('gawe05', 4, 2, 5, '1.9', 34, 75, 399, NULL, 58, 'f'),
('gawe05', 4, 3, 5, '1.9', 36, 69, 118, NULL, 43, 'm'),
('gawe05', 4, 4, 20, '1.1', 20, 98, 51, 28, 60, 'm'),
('gawe05', 5, 1, 4, '2.0', 85, 74, 107, NULL, 32, 'm'),
('gawe05', 5, 2, 11, '1.0', 35, 96, 284, NULL, 31, 'f'),
('gawe05', 5, 3, 11, '1.0', 47, 100, 197, NULL, 25, 'm'),
('gawe05', 5, 4, 4, '2.0', 79, 68, 227, NULL, 41, 'm'),
('gawe05', 6, 1, 4, '2.3', 97, 76, 245, NULL, 80, 'm'),
('gawe05', 6, 2, 4, '2.2', 93, 71, 258, NULL, 76, 'f'),
('gawe05', 6, 3, 16, '1.7', 82, 82, 310, 21, 63, 'f'),
('gawe05', 6, 4, 16, '1.5', 72, 90, 435, 22, 73, 'f'),
('gawe05', 7, 1, 16, '1.7', 94, 91, 213, 39, 102, 'm'),
('gawe05', 7, 2, 20, '1.2', 30, 99, 420, 18, 83, 'f'),
('gawe05', 7, 3, 16, '1.4', 94, 92, 56, 37, 88, 'm'),
('gawe05', 7, 4, 20, '1.3', 25, 96, 320, 22, 87, 'f'),
('gawe05', 8, 1, 7, '1.8', 89, 93, 163, NULL, 35, 'm'),
('gawe05', 8, 2, 12, '1.3', 5, 96, 215, NULL, 29, 'm'),
('gawe05', 8, 3, 7, '1.4', 72, 85, 200, NULL, 25, 'm'),
('gawe05', 8, 4, 12, '1.1', 6, 96, 382, NULL, 23, 'f'),
('gawe05', 9, 1, 20, '1.0', 22, 97, 218, 32, 51, 'm'),
('gawe05', 9, 2, 8, '1.7', 42, 85, 151, NULL, 62, 'm'),
('gawe05', 9, 3, 20, '1.2', 27, 99, 176, 37, 49, 'm'),
('gawe05', 9, 4, 8, '1.7', 30, 89, 438, NULL, 53, 'f'),
('gawe05', 10, 1, 17, '1.5', 37, 89, 289, 21, 63, 'f'),
('gawe05', 10, 2, 21, '1.3', 10, 96, 159, 39, 70, 'm'),
('gawe05', 10, 3, 17, '1.8', 49, 85, 52, 28, 75, 'm'),
('gawe05', 10, 4, 21, '1.3', 14, 97, 124, 37, 77, 'm'),
('gawe05', 11, 1, 5, '2.4', 40, 71, 72, NULL, 79, 'm'),
('gawe05', 11, 2, 15, '2.2', 11, 71, 253, 17, 82, 'f'),
('gawe05', 11, 3, 5, '2.2', 40, 78, 408, NULL, 74, 'f'),
('gawe05', 11, 4, 5, '2.3', 20, 69, 422, NULL, 71, 'f'),
('gawe05', 12, 1, 7, '1.4', 97, 84, 216, NULL, 73, 'm'),
('gawe05', 12, 2, 11, '1.1', 41, 96, 124, NULL, 71, 'm'),
('gawe05', 12, 3, 11, '1.0', 48, 100, 391, NULL, 76, 'f'),
('gawe05', 12, 4, 7, '1.4', 93, 86, 142, NULL, 82, 'm'),
('gawe05', 13, 1, 17, '1.5', 42, 84, 431, 13, 100, 'f'),
('gawe05', 13, 2, 17, '1.8', 25, 94, 376, 11, 101, 'f'),
('gawe05', 13, 3, 13, '1.9', 99, 70, 437, 14, 84, 'f'),
('gawe05', 13, 4, 13, '2.4', 85, 77, 180, 36, 90, 'm'),
('gawe05', 14, 1, 18, '1.6', 11, 92, 269, 19, 67, 'f'),
('gawe05', 14, 2, 7, '1.8', 117, 87, 400, NULL, 65, 'f'),
('gawe05', 14, 3, 7, '1.4', 97, 93, 216, NULL, 80, 'm'),
('gawe05', 14, 4, 18, '1.6', 10, 92, 204, 27, 82, 'm'),
('gawe05', 15, 1, 15, '2.0', 7, 71, 105, 27, 23, 'm'),
('gawe05', 15, 2, 4, '2.3', 111, 79, 295, NULL, 27, 'f'),
('gawe05', 15, 3, 4, '2.0', 82, 71, 326, NULL, 26, 'f'),
('gawe05', 15, 4, 15, '1.9', 13, 73, 411, 17, 32, 'f'),
('gawe05', 16, 1, 12, '1.3', 9, 100, 271, NULL, 32, 'f'),
('gawe05', 16, 2, 4, '2.2', 101, 77, 401, NULL, 27, 'f'),
('gawe05', 16, 3, 12, '1.1', 5, 97, 246, NULL, 31, 'm'),
('gawe05', 16, 4, 4, '2.4', 84, 66, 300, NULL, 33, 'f'),
('gawe05', 17, 1, 18, '1.8', 11, 82, 311, 24, 97, 'f'),
('gawe05', 17, 2, 8, '1.6', 27, 84, 219, NULL, 85, 'm'),
('gawe05', 17, 3, 18, '1.6', 14, 94, 198, 29, 93, 'm'),
('gawe05', 17, 4, 8, '1.8', 41, 93, 109, NULL, 94, 'm'),
('gawe05', 18, 1, 13, '1.9', 86, 79, 428, 22, 100, 'f'),
('gawe05', 18, 2, 13, '1.9', 119, 67, 316, 13, 93, 'f'),
('gawe05', 18, 3, 21, '1.2', 12, 97, 343, 17, 83, 'f'),
('gawe05', 18, 4, 21, '1.1', 6, 100, 407, 21, 86, 'f'),
('gawe05', 19, 1, 11, '1.1', 21, 99, 79, NULL, 75, 'm'),
('gawe05', 19, 2, 21, '1.2', 10, 98, 308, 12, 69, 'f'),
('gawe05', 19, 3, 21, '1.3', 5, 96, 72, 34, 65, 'm'),
('gawe05', 19, 4, 11, '1.3', 43, 95, 278, NULL, 70, 'f'),
('gawe05', 20, 1, 20, '1.0', 50, 97, 179, 31, 76, 'm'),
('gawe05', 20, 2, 20, '1.1', 32, 96, 273, 16, 74, 'f'),
('gawe05', 20, 3, 13, '1.9', 99, 78, 209, 38, 68, 'm'),
('gawe05', 20, 4, 13, '2.3', 119, 77, 173, 40, 82, 'm'),
('gawe05', 21, 1, 17, '1.5', 21, 87, 417, 18, 42, 'f'),
('gawe05', 21, 2, 17, '1.8', 35, 91, 236, 36, 23, 'm'),
('gawe05', 21, 3, 7, '1.5', 71, 94, 166, NULL, 30, 'm'),
('gawe05', 21, 4, 7, '1.8', 93, 93, 439, NULL, 25, 'f'),
('gawe05', 22, 1, 14, '2.0', 49, 74, 438, 12, 28, 'f'),
('gawe05', 22, 2, 14, '2.0', 45, 68, 318, 18, 39, 'f'),
('gawe05', 22, 3, 21, '1.0', 15, 99, 101, 40, 35, 'm'),
('gawe05', 22, 4, 21, '1.1', 9, 100, 380, 16, 31, 'f'),
('gawe05', 23, 1, 20, '1.0', 49, 98, 221, 40, 93, 'm'),
('gawe05', 23, 2, 20, '1.0', 34, 98, 76, 35, 102, 'm'),
('gawe05', 23, 3, 10, '1.0', 110, 95, 279, NULL, 94, 'f'),
('gawe05', 23, 4, 10, '1.1', 100, 98, 309, NULL, 87, 'f'),
('gawe05', 24, 1, 18, '1.6', 12, 85, 137, 34, 81, 'm'),
('gawe05', 24, 2, 18, '1.6', 6, 94, 289, 21, 71, 'f'),
('gawe05', 24, 3, 6, '2.2', 9, 69, 329, NULL, 78, 'f'),
('gawe05', 24, 4, 6, '2.1', 15, 73, 363, NULL, 80, 'f'),
('gawe05', 25, 1, 21, '1.2', 10, 100, 385, 21, 66, 'f'),
('gawe05', 25, 2, 21, '1.1', 10, 96, 232, 32, 73, 'm'),
('gawe05', 25, 3, 6, '2.0', 7, 77, 316, NULL, 80, 'f'),
('gawe05', 25, 4, 6, '1.9', 14, 70, 91, NULL, 71, 'm'),
('gawe05', 26, 1, 10, '1.0', 113, 95, 58, NULL, 28, 'm'),
('gawe05', 26, 2, 21, '1.2', 14, 96, 402, 19, 35, 'f'),
('gawe05', 26, 3, 10, '1.2', 76, 97, 89, NULL, 38, 'm'),
('gawe05', 26, 4, 21, '1.2', 5, 97, 346, 13, 32, 'f'),
('gawe05', 27, 1, 19, '1.0', 70, 96, 155, 33, 60, 'm'),
('gawe05', 27, 2, 7, '1.6', 78, 82, 262, NULL, 57, 'f'),
('gawe05', 27, 3, 19, '1.1', 103, 97, 417, 19, 45, 'f'),
('gawe05', 27, 4, 7, '1.4', 74, 94, 198, NULL, 47, 'm'),
('gawe05', 28, 1, 8, '1.7', 41, 82, 85, NULL, 46, 'm'),
('gawe05', 28, 2, 4, '2.2', 120, 70, 221, NULL, 55, 'm'),
('gawe05', 28, 3, 4, '2.2', 96, 70, 412, NULL, 61, 'f'),
('gawe05', 28, 4, 8, '1.7', 21, 87, 270, NULL, 57, 'f'),
('gawe05', 29, 1, 5, '2.1', 28, 66, 430, NULL, 26, 'f'),
('gawe05', 29, 2, 5, '2.4', 40, 68, 388, NULL, 34, 'f'),
('gawe05', 29, 3, 9, '1.5', 15, 88, 296, NULL, 23, 'f'),
('gawe05', 29, 4, 9, '1.7', 10, 85, 73, NULL, 30, 'm'),
('gawe05', 30, 1, 19, '1.0', 102, 97, 366, 21, 66, 'f'),
('gawe05', 30, 2, 19, '1.1', 89, 96, 303, 18, 65, 'f'),
('gawe05', 30, 3, 4, '2.4', 110, 71, 448, NULL, 69, 'f'),
('gawe05', 30, 4, 4, '2.4', 87, 78, 107, NULL, 68, 'm'),
('gawe05', 31, 1, 9, '1.5', 11, 82, 401, NULL, 50, 'f'),
('gawe05', 31, 2, 9, '1.7', 5, 93, 166, NULL, 46, 'm'),
('gawe05', 31, 3, 4, '2.3', 75, 79, 354, NULL, 53, 'f'),
('gawe05', 31, 4, 4, '2.4', 94, 66, 186, NULL, 55, 'm'),
('gawe05', 32, 1, 14, '2.3', 31, 77, 350, 22, 98, 'f'),
('gawe05', 32, 2, 18, '1.7', 13, 84, 87, 38, 99, 'm'),
('gawe05', 32, 3, 14, '2.4', 34, 73, 171, 35, 94, 'm'),
('gawe05', 32, 4, 18, '1.8', 10, 85, 203, 41, 101, 'm'),
('gawe05', 33, 1, 21, '1.1', 15, 95, 428, 20, 102, 'f'),
('gawe05', 33, 2, 21, '1.3', 14, 96, 212, 36, 83, 'm'),
('gawe05', 33, 3, 16, '1.7', 110, 80, 167, 29, 94, 'm'),
('gawe05', 33, 4, 16, '1.4', 80, 81, 93, 31, 96, 'm'),
('gawe05', 34, 1, 9, '1.6', 6, 87, 210, NULL, 35, 'm'),
('gawe05', 34, 2, 9, '1.8', 13, 90, 103, NULL, 42, 'm'),
('gawe05', 34, 3, 21, '1.2', 11, 100, 120, 36, 39, 'm'),
('gawe05', 34, 4, 21, '1.0', 7, 95, 194, 32, 30, 'm'),
('gawe05', 35, 1, 8, '1.6', 39, 90, 289, NULL, 64, 'f'),
('gawe05', 35, 2, 8, '1.8', 48, 85, 356, NULL, 78, 'f'),
('gawe05', 35, 3, 12, '1.3', 6, 96, 141, NULL, 81, 'm'),
('gawe05', 35, 4, 12, '1.0', 15, 97, 138, NULL, 71, 'm'),
('gawe05', 36, 1, 4, '2.2', 120, 79, 184, NULL, 65, 'm'),
('gawe05', 36, 2, 14, '1.9', 34, 79, 383, 21, 68, 'f'),
('gawe05', 36, 3, 14, '2.3', 48, 72, 63, 26, 82, 'm'),
('gawe05', 36, 4, 4, '2.2', 111, 70, 300, NULL, 64, 'f'),
('giar26', 1, 1, 18, '1.4', 15, 93, 88, 29, 72, 'm'),
('giar26', 1, 2, 8, '1.4', 39, 81, 270, NULL, 73, 'f'),
('giar26', 1, 3, 8, '1.8', 46, 83, 332, NULL, 66, 'f'),
('giar26', 1, 4, 18, '1.7', 8, 89, 138, 41, 69, 'm'),
('giar26', 2, 1, 12, '1.1', 13, 98, 95, NULL, 101, 'm'),
('giar26', 2, 2, 12, '1.3', 15, 98, 240, NULL, 102, 'm'),
('giar26', 2, 3, 4, '2.2', 103, 72, 116, NULL, 85, 'm'),
('giar26', 2, 4, 4, '2.0', 100, 70, 115, NULL, 98, 'm'),
('giar26', 3, 1, 9, '1.4', 8, 86, 196, NULL, 85, 'm'),
('giar26', 3, 2, 21, '1.2', 8, 100, 367, 16, 97, 'f'),
('giar26', 3, 3, 21, '1.3', 6, 95, 248, 34, 94, 'm'),
('giar26', 3, 4, 9, '1.4', 13, 86, 310, NULL, 96, 'f'),
('giar26', 4, 1, 21, '1.1', 5, 96, 413, 22, 70, 'f'),
('giar26', 4, 2, 11, '1.3', 39, 98, 93, NULL, 74, 'm'),
('giar26', 4, 3, 21, '1.1', 9, 100, 54, 34, 75, 'm'),
('giar26', 4, 4, 11, '1.3', 43, 95, 393, NULL, 77, 'f'),
('giar26', 5, 1, 9, '1.6', 5, 81, 344, NULL, 96, 'f'),
('giar26', 5, 2, 9, '1.5', 9, 81, 447, NULL, 88, 'f'),
('giar26', 5, 3, 5, '2.0', 27, 69, 316, NULL, 87, 'f'),
('giar26', 5, 4, 5, '2.1', 24, 74, 184, NULL, 86, 'm'),
('giar26', 6, 1, 19, '1.0', 120, 100, 383, 21, 85, 'f'),
('giar26', 6, 2, 19, '1.3', 100, 99, 152, 35, 101, 'm'),
('giar26', 6, 3, 4, '2.3', 72, 68, 127, NULL, 90, 'm'),
('giar26', 6, 4, 4, '2.3', 108, 78, 106, NULL, 96, 'm'),
('giar26', 7, 1, 10, '1.0', 70, 99, 368, NULL, 44, 'f'),
('giar26', 7, 2, 20, '1.1', 50, 96, 184, 39, 53, 'm'),
('giar26', 7, 3, 20, '1.0', 26, 98, 192, 31, 49, 'm'),
('giar26', 7, 4, 10, '1.3', 89, 99, 169, NULL, 55, 'm'),
('giar26', 8, 1, 13, '2.0', 109, 69, 426, 17, 58, 'f'),
('giar26', 8, 2, 13, '2.1', 76, 76, 155, 36, 61, 'm'),
('giar26', 8, 3, 20, '1.1', 42, 97, 273, 22, 49, 'f'),
('giar26', 8, 4, 20, '1.3', 37, 96, 383, 24, 43, 'f'),
('giar26', 9, 1, 11, '1.0', 20, 97, 214, NULL, 70, 'm'),
('giar26', 9, 2, 7, '1.6', 108, 91, 389, NULL, 66, 'f'),
('giar26', 9, 3, 11, '1.2', 24, 98, 149, NULL, 68, 'm'),
('giar26', 9, 4, 7, '1.7', 119, 85, 263, NULL, 77, 'f'),
('giar26', 10, 1, 12, '1.2', 5, 100, 414, NULL, 94, 'f'),
('giar26', 10, 2, 12, '1.1', 9, 96, 88, NULL, 95, 'm'),
('giar26', 10, 3, 5, '2.4', 30, 70, 340, NULL, 92, 'f'),
('giar26', 10, 4, 5, '2.4', 36, 78, 402, NULL, 99, 'f'),
('giar26', 11, 1, 7, '1.7', 107, 82, 129, NULL, 32, 'm'),
('giar26', 11, 2, 7, '1.5', 117, 83, 83, NULL, 23, 'm'),
('giar26', 11, 3, 17, '1.8', 47, 85, 89, 41, 35, 'm'),
('giar26', 11, 4, 17, '1.4', 50, 83, 329, 23, 39, 'f'),
('giar26', 12, 1, 7, '1.8', 97, 86, 107, NULL, 76, 'm'),
('giar26', 12, 2, 7, '1.6', 102, 85, 256, NULL, 82, 'f'),
('giar26', 12, 3, 12, '1.2', 7, 96, 95, NULL, 79, 'm'),
('giar26', 12, 4, 12, '1.2', 8, 97, 83, NULL, 75, 'm'),
('giar26', 13, 1, 21, '1.3', 5, 97, 408, 20, 76, 'f'),
('giar26', 13, 2, 17, '1.6', 22, 93, 103, 30, 68, 'm'),
('giar26', 13, 3, 21, '1.3', 13, 99, 118, 34, 78, 'm'),
('giar26', 13, 4, 17, '1.8', 39, 91, 267, 21, 64, 'f'),
('giar26', 14, 1, 13, '1.9', 107, 79, 198, 38, 50, 'm'),
('giar26', 14, 2, 21, '1.1', 8, 97, 405, 11, 53, 'f'),
('giar26', 14, 3, 21, '1.2', 8, 96, 170, 34, 58, 'm'),
('giar26', 14, 4, 13, '2.3', 73, 77, 392, 22, 55, 'f'),
('giar26', 15, 1, 21, '1.3', 12, 100, 314, 19, 64, 'f'),
('giar26', 15, 2, 21, '1.0', 5, 96, 60, 37, 77, 'm'),
('giar26', 15, 3, 16, '1.5', 76, 82, 270, 14, 71, 'f'),
('giar26', 15, 4, 16, '1.8', 70, 83, 55, 32, 78, 'm'),
('giar26', 16, 1, 21, '1.1', 11, 98, 396, 14, 66, 'f'),
('giar26', 16, 2, 6, '2.3', 8, 67, 412, NULL, 81, 'f'),
('giar26', 16, 3, 21, '1.3', 7, 99, 64, 35, 73, 'm'),
('giar26', 16, 4, 6, '2.2', 9, 75, 143, NULL, 65, 'm'),
('giar26', 17, 1, 5, '2.0', 20, 74, 275, NULL, 68, 'f'),
('giar26', 17, 2, 15, '2.4', 9, 78, 241, 26, 78, 'm'),
('giar26', 17, 3, 5, '2.2', 46, 70, 394, NULL, 80, 'f'),
('giar26', 17, 4, 5, '2.1', 21, 70, 349, NULL, 72, 'f'),
('giar26', 18, 1, 11, '1.0', 42, 98, 317, NULL, 61, 'f'),
('giar26', 18, 2, 4, '2.0', 113, 71, 186, NULL, 44, 'm'),
('giar26', 18, 3, 11, '1.2', 31, 100, 244, NULL, 47, 'm'),
('giar26', 18, 4, 4, '1.9', 104, 77, 272, NULL, 43, 'f'),
('giar26', 19, 1, 5, '2.2', 38, 76, 77, NULL, 72, 'm'),
('giar26', 19, 2, 5, '2.4', 31, 77, 328, NULL, 67, 'f'),
('giar26', 19, 3, 17, '1.4', 31, 82, 92, 36, 71, 'm'),
('giar26', 19, 4, 17, '1.8', 34, 84, 82, 38, 65, 'm'),
('giar26', 20, 1, 4, '2.1', 75, 74, 51, NULL, 61, 'm'),
('giar26', 20, 2, 14, '2.2', 39, 68, 392, 24, 52, 'f'),
('giar26', 20, 3, 14, '2.0', 31, 74, 274, 15, 53, 'f'),
('giar26', 20, 4, 4, '2.1', 101, 73, 186, NULL, 62, 'm'),
('giar26', 21, 1, 13, '2.2', 73, 72, 87, 39, 40, 'm'),
('giar26', 21, 2, 13, '2.0', 79, 76, 416, 17, 36, 'f'),
('giar26', 21, 3, 17, '1.8', 42, 81, 183, 27, 38, 'm'),
('giar26', 21, 4, 17, '1.5', 27, 93, 370, 11, 26, 'f'),
('giar26', 22, 1, 18, '1.8', 12, 84, 106, 37, 75, 'm'),
('giar26', 22, 2, 14, '2.2', 22, 66, 320, 24, 64, 'f'),
('giar26', 22, 3, 14, '2.1', 40, 70, 154, 32, 77, 'm'),
('giar26', 22, 4, 18, '1.7', 5, 93, 49, 41, 70, 'm'),
('giar26', 23, 1, 18, '1.6', 14, 81, 286, 24, 69, 'f'),
('giar26', 23, 2, 6, '1.9', 6, 75, 329, NULL, 68, 'f'),
('giar26', 23, 3, 18, '1.4', 7, 89, 212, 36, 82, 'm'),
('giar26', 23, 4, 6, '2.2', 11, 70, 443, NULL, 66, 'f'),
('giar26', 24, 1, 10, '1.2', 117, 98, 51, NULL, 68, 'm'),
('giar26', 24, 2, 21, '1.0', 14, 100, 311, 20, 81, 'f'),
('giar26', 24, 3, 10, '1.0', 88, 99, 320, NULL, 76, 'f'),
('giar26', 24, 4, 21, '1.2', 14, 100, 403, 23, 73, 'f'),
('giar26', 25, 1, 7, '1.7', 81, 86, 170, NULL, 92, 'm'),
('giar26', 25, 2, 18, '1.8', 7, 87, 402, 14, 88, 'f'),
('giar26', 25, 3, 18, '1.6', 11, 83, 265, 15, 83, 'f'),
('giar26', 25, 4, 7, '1.6', 83, 89, 59, NULL, 102, 'm'),
('giar26', 26, 1, 18, '1.4', 13, 91, 213, 25, 62, 'm'),
('giar26', 26, 2, 13, '2.2', 112, 70, 196, 29, 49, 'm'),
('giar26', 26, 3, 18, '1.8', 13, 83, 250, 19, 56, 'f'),
('giar26', 26, 4, 13, '2.0', 80, 72, 173, 41, 46, 'm'),
('giar26', 27, 1, 12, '1.0', 12, 96, 341, NULL, 67, 'f'),
('giar26', 27, 2, 8, '1.7', 24, 81, 427, NULL, 77, 'f'),
('giar26', 27, 3, 8, '1.5', 34, 89, 381, NULL, 73, 'f'),
('giar26', 27, 4, 12, '1.2', 14, 99, 81, NULL, 68, 'm'),
('giar26', 28, 1, 4, '1.9', 92, 73, 225, NULL, 44, 'm'),
('giar26', 28, 2, 15, '2.3', 13, 74, 221, 31, 60, 'm'),
('giar26', 28, 3, 15, '2.2', 5, 76, 212, 36, 51, 'm'),
('giar26', 28, 4, 4, '2.2', 118, 72, 141, NULL, 52, 'm'),
('giar26', 29, 1, 9, '1.7', 15, 91, 130, NULL, 49, 'm'),
('giar26', 29, 2, 9, '1.6', 12, 94, 183, NULL, 51, 'm'),
('giar26', 29, 3, 4, '2.4', 72, 77, 184, NULL, 52, 'm'),
('giar26', 29, 4, 4, '2.3', 71, 67, 351, NULL, 53, 'f'),
('giar26', 30, 1, 14, '2.1', 36, 75, 165, 32, 56, 'm'),
('giar26', 30, 2, 14, '2.4', 40, 66, 256, 12, 47, 'f'),
('giar26', 30, 3, 21, '1.3', 5, 97, 387, 11, 48, 'f'),
('giar26', 30, 4, 21, '1.3', 12, 98, 414, 18, 53, 'f'),
('giar26', 31, 1, 20, '1.3', 43, 96, 51, 34, 29, 'm'),
('giar26', 31, 2, 5, '1.9', 27, 73, 317, NULL, 30, 'f'),
('giar26', 31, 3, 20, '1.2', 25, 95, 250, 16, 38, 'f'),
('giar26', 31, 4, 5, '2.4', 38, 69, 304, NULL, 39, 'f'),
('giar26', 32, 1, 8, '1.5', 45, 80, 444, NULL, 38, 'f'),
('giar26', 32, 2, 8, '1.6', 31, 80, 188, NULL, 42, 'm'),
('giar26', 32, 3, 4, '2.4', 86, 75, 347, NULL, 24, 'f'),
('giar26', 32, 4, 4, '2.4', 100, 69, 139, NULL, 41, 'm'),
('giar26', 33, 1, 7, '1.8', 101, 80, 223, NULL, 28, 'm'),
('giar26', 33, 2, 19, '1.3', 119, 97, 149, 36, 40, 'm'),
('giar26', 33, 3, 19, '1.2', 81, 95, 378, 13, 27, 'f'),
('giar26', 33, 4, 7, '1.4', 102, 83, 208, NULL, 41, 'm'),
('giar26', 34, 1, 20, '1.0', 39, 96, 347, 15, 89, 'f'),
('giar26', 34, 2, 20, '1.3', 42, 96, 56, 31, 93, 'm'),
('giar26', 34, 3, 8, '1.4', 34, 91, 400, NULL, 86, 'f'),
('giar26', 34, 4, 8, '1.5', 30, 81, 233, NULL, 91, 'm'),
('giar26', 35, 1, 20, '1.2', 25, 99, 333, 16, 37, 'f'),
('giar26', 35, 2, 16, '1.7', 103, 92, 203, 40, 33, 'm'),
('giar26', 35, 3, 16, '1.5', 71, 89, 67, 36, 24, 'm'),
('giar26', 35, 4, 20, '1.1', 46, 98, 183, 38, 25, 'm'),
('giar26', 36, 1, 4, '2.0', 89, 79, 212, NULL, 43, 'm'),
('giar26', 36, 2, 16, '1.4', 102, 83, 215, 30, 62, 'm'),
('giar26', 36, 3, 4, '2.1', 102, 69, 331, NULL, 50, 'f'),
('giar26', 36, 4, 16, '1.7', 97, 87, 82, 35, 51, 'm'),
('Gier18', 1, 1, 13, '2.0', 117, 72, 112, 32, 36, 'm'),
('Gier18', 1, 2, 20, '1.1', 42, 100, 347, 21, 23, 'f'),
('Gier18', 1, 3, 20, '1.2', 21, 100, 408, 11, 28, 'f'),
('Gier18', 1, 4, 13, '2.0', 82, 66, 170, 25, 32, 'm'),
('Gier18', 2, 1, 5, '2.3', 37, 69, 124, NULL, 58, 'm'),
('Gier18', 2, 2, 5, '2.0', 28, 70, 429, NULL, 51, 'f'),
('Gier18', 2, 3, 15, '2.0', 14, 72, 427, 14, 52, 'f'),
('Gier18', 2, 4, 5, '2.2', 22, 76, 57, NULL, 53, 'm'),
('Gier18', 3, 1, 12, '1.3', 12, 99, 201, NULL, 33, 'm'),
('Gier18', 3, 2, 8, '1.7', 30, 80, 295, NULL, 35, 'f'),
('Gier18', 3, 3, 12, '1.3', 12, 95, 84, NULL, 23, 'm'),
('Gier18', 3, 4, 8, '1.5', 23, 80, 79, NULL, 40, 'm'),
('Gier18', 4, 1, 19, '1.3', 113, 97, 152, 25, 102, 'm'),
('Gier18', 4, 2, 7, '1.6', 86, 80, 147, NULL, 95, 'm'),
('Gier18', 4, 3, 19, '1.0', 88, 100, 84, 39, 92, 'm'),
('Gier18', 4, 4, 7, '1.5', 88, 93, 109, NULL, 98, 'm'),
('Gier18', 5, 1, 13, '2.0', 70, 70, 155, 39, 93, 'm'),
('Gier18', 5, 2, 18, '1.8', 10, 85, 49, 25, 100, 'm'),
('Gier18', 5, 3, 18, '1.6', 8, 91, 317, 18, 92, 'f'),
('Gier18', 5, 4, 13, '2.4', 114, 68, 158, 32, 101, 'm'),
('Gier18', 6, 1, 20, '1.1', 30, 99, 132, 37, 56, 'm'),
('Gier18', 6, 2, 20, '1.3', 45, 98, 50, 30, 49, 'm'),
('Gier18', 6, 3, 8, '1.7', 42, 82, 243, NULL, 51, 'm'),
('Gier18', 6, 4, 8, '1.4', 28, 86, 187, NULL, 58, 'm'),
('Gier18', 7, 1, 5, '2.1', 47, 67, 60, NULL, 42, 'm'),
('Gier18', 7, 2, 9, '1.7', 9, 84, 325, NULL, 38, 'f'),
('Gier18', 7, 3, 5, '1.9', 20, 69, 372, NULL, 26, 'f'),
('Gier18', 7, 4, 9, '1.7', 15, 86, 358, NULL, 33, 'f'),
('Gier18', 8, 1, 4, '2.0', 80, 68, 165, NULL, 29, 'm'),
('Gier18', 8, 2, 19, '1.0', 117, 99, 81, 40, 34, 'm'),
('Gier18', 8, 3, 19, '1.0', 87, 95, 60, 28, 41, 'm'),
('Gier18', 8, 4, 4, '2.2', 72, 69, 88, NULL, 42, 'm'),
('Gier18', 9, 1, 9, '1.5', 8, 83, 195, NULL, 40, 'm'),
('Gier18', 9, 2, 21, '1.1', 15, 97, 211, 35, 30, 'm'),
('Gier18', 9, 3, 21, '1.3', 15, 100, 124, 27, 38, 'm'),
('Gier18', 9, 4, 9, '1.6', 10, 86, 267, NULL, 27, 'f'),
('Gier18', 10, 1, 5, '2.0', 45, 77, 282, NULL, 64, 'f'),
('Gier18', 10, 2, 20, '1.1', 50, 96, 58, 41, 81, 'm'),
('Gier18', 10, 3, 20, '1.3', 27, 98, 220, 25, 74, 'm'),
('Gier18', 10, 4, 5, '2.0', 30, 66, 239, NULL, 79, 'm'),
('Gier18', 11, 1, 17, '1.8', 30, 85, 362, 22, 71, 'f'),
('Gier18', 11, 2, 13, '2.2', 119, 72, 120, 27, 77, 'm'),
('Gier18', 11, 3, 17, '1.7', 29, 80, 309, 18, 75, 'f'),
('Gier18', 11, 4, 13, '1.9', 115, 77, 72, 28, 74, 'm'),
('Gier18', 12, 1, 5, '1.9', 43, 68, 361, NULL, 89, 'f'),
('Gier18', 12, 2, 5, '2.2', 20, 70, 218, NULL, 93, 'm'),
('Gier18', 12, 3, 17, '1.4', 42, 83, 242, 29, 87, 'm'),
('Gier18', 12, 4, 17, '1.8', 21, 88, 299, 11, 95, 'f'),
('Gier18', 13, 1, 12, '1.0', 10, 95, 157, NULL, 59, 'm'),
('Gier18', 13, 2, 7, '1.8', 76, 86, 271, NULL, 44, 'f'),
('Gier18', 13, 3, 7, '1.6', 97, 94, 222, NULL, 55, 'm'),
('Gier18', 13, 4, 12, '1.2', 9, 98, 55, NULL, 45, 'm'),
('Gier18', 14, 1, 12, '1.2', 7, 95, 106, NULL, 90, 'm'),
('Gier18', 14, 2, 5, '2.3', 50, 74, 244, NULL, 95, 'm'),
('Gier18', 14, 3, 5, '2.0', 26, 68, 258, NULL, 89, 'f'),
('Gier18', 14, 4, 12, '1.0', 8, 98, 420, NULL, 91, 'f'),
('Gier18', 15, 1, 15, '2.3', 7, 66, 442, 18, 52, 'f'),
('Gier18', 15, 2, 4, '2.0', 100, 72, 189, NULL, 54, 'm'),
('Gier18', 15, 3, 15, '2.0', 10, 76, 180, 38, 61, 'm'),
('Gier18', 15, 4, 4, '2.3', 93, 77, 396, NULL, 50, 'f'),
('Gier18', 16, 1, 14, '2.4', 24, 66, 343, 16, 96, 'f'),
('Gier18', 16, 2, 18, '1.4', 7, 80, 265, 13, 89, 'f'),
('Gier18', 16, 3, 18, '1.5', 10, 89, 441, 15, 91, 'f'),
('Gier18', 16, 4, 14, '2.4', 24, 66, 416, 17, 93, 'f'),
('Gier18', 17, 1, 18, '1.8', 6, 83, 105, 34, 52, 'm'),
('Gier18', 17, 2, 7, '1.5', 95, 86, 238, NULL, 53, 'm'),
('Gier18', 17, 3, 7, '1.5', 108, 92, 55, NULL, 54, 'm'),
('Gier18', 17, 4, 18, '1.6', 7, 90, 258, 18, 43, 'f'),
('Gier18', 18, 1, 21, '1.0', 10, 95, 277, 17, 92, 'f'),
('Gier18', 18, 2, 14, '2.1', 27, 76, 410, 15, 99, 'f'),
('Gier18', 18, 3, 14, '2.2', 35, 70, 333, 20, 84, 'f'),
('Gier18', 18, 4, 21, '1.0', 5, 95, 318, 24, 85, 'f'),
('Gier18', 19, 1, 16, '1.5', 115, 92, 247, 25, 102, 'm'),
('Gier18', 19, 2, 16, '1.4', 95, 81, 448, 24, 85, 'f'),
('Gier18', 19, 3, 4, '2.2', 117, 77, 216, NULL, 95, 'm'),
('Gier18', 19, 4, 4, '2.1', 78, 75, 182, NULL, 88, 'm'),
('Gier18', 20, 1, 21, '1.1', 15, 99, 319, 11, 79, 'f'),
('Gier18', 20, 2, 6, '2.1', 10, 74, 346, NULL, 63, 'f'),
('Gier18', 20, 3, 21, '1.1', 9, 98, 388, 17, 78, 'f'),
('Gier18', 20, 4, 6, '2.1', 7, 75, 297, NULL, 65, 'f'),
('Gier18', 21, 1, 7, '1.7', 94, 92, 390, NULL, 25, 'f'),
('Gier18', 21, 2, 11, '1.0', 25, 99, 330, NULL, 37, 'f'),
('Gier18', 21, 3, 11, '1.2', 38, 99, 177, NULL, 27, 'm'),
('Gier18', 21, 4, 7, '1.4', 117, 92, 159, NULL, 34, 'm'),
('Gier18', 22, 1, 21, '1.0', 13, 100, 189, 33, 95, 'm'),
('Gier18', 22, 2, 17, '1.4', 28, 87, 237, 41, 98, 'm'),
('Gier18', 22, 3, 21, '1.1', 10, 97, 241, 32, 85, 'm'),
('Gier18', 22, 4, 17, '1.6', 38, 82, 106, 36, 101, 'm'),
('Gier18', 23, 1, 16, '1.8', 103, 80, 285, 18, 55, 'f'),
('Gier18', 23, 2, 16, '1.5', 86, 88, 209, 35, 58, 'm'),
('Gier18', 23, 3, 21, '1.1', 9, 97, 199, 30, 60, 'm'),
('Gier18', 23, 4, 21, '1.0', 15, 95, 256, 20, 44, 'f'),
('Gier18', 24, 1, 13, '1.9', 75, 78, 334, 11, 88, 'f'),
('Gier18', 24, 2, 21, '1.2', 13, 99, 224, 36, 99, 'm'),
('Gier18', 24, 3, 13, '2.4', 99, 71, 184, 38, 94, 'm'),
('Gier18', 24, 4, 21, '1.0', 12, 98, 156, 25, 91, 'm'),
('Gier18', 25, 1, 20, '1.3', 28, 95, 93, 29, 101, 'm'),
('Gier18', 25, 2, 20, '1.0', 48, 99, 65, 28, 99, 'm'),
('Gier18', 25, 3, 10, '1.2', 76, 96, 378, NULL, 89, 'f'),
('Gier18', 25, 4, 10, '1.3', 100, 100, 351, NULL, 100, 'f'),
('Gier18', 26, 1, 16, '1.8', 78, 84, 129, 41, 72, 'm'),
('Gier18', 26, 2, 20, '1.0', 40, 96, 280, 12, 74, 'f'),
('Gier18', 26, 3, 20, '1.1', 41, 95, 406, 19, 66, 'f'),
('Gier18', 26, 4, 16, '1.8', 115, 80, 211, 29, 80, 'm'),
('Gier18', 27, 1, 10, '1.3', 79, 97, 365, NULL, 78, 'f'),
('Gier18', 27, 2, 21, '1.3', 6, 95, 378, 15, 74, 'f'),
('Gier18', 27, 3, 21, '1.0', 7, 96, 355, 18, 73, 'f'),
('Gier18', 27, 4, 10, '1.2', 104, 99, 331, NULL, 64, 'f'),
('Gier18', 28, 1, 4, '2.2', 71, 75, 409, NULL, 25, 'f'),
('Gier18', 28, 2, 9, '1.6', 12, 89, 356, NULL, 29, 'f'),
('Gier18', 28, 3, 4, '1.9', 118, 74, 146, NULL, 31, 'm'),
('Gier18', 28, 4, 9, '1.6', 14, 80, 438, NULL, 40, 'f'),
('Gier18', 29, 1, 14, '2.0', 22, 76, 415, 13, 49, 'f'),
('Gier18', 29, 2, 14, '1.9', 37, 78, 420, 20, 47, 'f'),
('Gier18', 29, 3, 4, '2.1', 88, 78, 391, NULL, 54, 'f'),
('Gier18', 29, 4, 4, '1.9', 76, 70, 344, NULL, 53, 'f'),
('Gier18', 30, 1, 6, '2.0', 7, 73, 288, NULL, 45, 'f'),
('Gier18', 30, 2, 6, '2.4', 10, 74, 131, NULL, 43, 'm'),
('Gier18', 30, 3, 18, '1.8', 11, 93, 278, 17, 49, 'f'),
('Gier18', 30, 4, 18, '1.6', 6, 92, 231, 26, 60, 'm'),
('Gier18', 31, 1, 4, '2.2', 103, 74, 371, NULL, 78, 'f'),
('Gier18', 31, 2, 11, '1.1', 23, 98, 386, NULL, 76, 'f'),
('Gier18', 31, 3, 4, '2.0', 82, 78, 163, NULL, 63, 'm'),
('Gier18', 31, 4, 11, '1.2', 28, 95, 172, NULL, 72, 'm'),
('Gier18', 32, 1, 7, '1.5', 114, 81, 180, NULL, 33, 'm'),
('Gier18', 32, 2, 17, '1.8', 41, 84, 383, 19, 39, 'f'),
('Gier18', 32, 3, 7, '1.7', 89, 91, 183, NULL, 24, 'm'),
('Gier18', 32, 4, 17, '1.6', 29, 80, 252, 22, 29, 'f'),
('Gier18', 33, 1, 8, '1.8', 38, 92, 416, NULL, 31, 'f'),
('Gier18', 33, 2, 4, '2.2', 112, 72, 122, NULL, 25, 'm'),
('Gier18', 33, 3, 4, '2.0', 96, 66, 88, NULL, 35, 'm'),
('Gier18', 33, 4, 8, '1.6', 33, 85, 353, NULL, 37, 'f'),
('Gier18', 34, 1, 11, '1.2', 26, 97, 348, NULL, 81, 'f'),
('Gier18', 34, 2, 21, '1.0', 13, 100, 187, 40, 75, 'm'),
('Gier18', 34, 3, 11, '1.1', 28, 96, 441, NULL, 72, 'f'),
('Gier18', 34, 4, 21, '1.2', 14, 96, 158, 30, 78, 'm'),
('Gier18', 35, 1, 12, '1.1', 8, 99, 128, NULL, 77, 'm'),
('Gier18', 35, 2, 4, '1.9', 70, 74, 426, NULL, 74, 'f'),
('Gier18', 35, 3, 12, '1.3', 15, 99, 311, NULL, 70, 'f'),
('Gier18', 35, 4, 4, '1.9', 87, 79, 397, NULL, 67, 'f'),
('Gier18', 36, 1, 18, '1.8', 10, 93, 226, 31, 36, 'm'),
('Gier18', 36, 2, 8, '1.5', 40, 85, 360, NULL, 32, 'f'),
('Gier18', 36, 3, 18, '1.4', 12, 83, 195, 28, 31, 'm'),
('Gier18', 36, 4, 8, '1.4', 20, 86, 139, NULL, 33, 'm'),
('haan03', 1, 1, 13, '2.0', 91, 77, 74, 27, 92, 'm'),
('haan03', 1, 2, 20, '1.3', 42, 97, 267, 13, 95, 'f'),
('haan03', 1, 3, 20, '1.1', 21, 95, 441, 18, 100, 'f'),
('haan03', 1, 4, 13, '1.9', 110, 70, 86, 33, 101, 'm'),
('haan03', 2, 1, 16, '1.7', 90, 84, 263, 18, 101, 'f'),
('haan03', 2, 2, 20, '1.3', 36, 97, 94, 30, 99, 'm'),
('haan03', 2, 3, 20, '1.0', 25, 99, 207, 41, 85, 'm'),
('haan03', 2, 4, 16, '1.7', 88, 89, 72, 34, 94, 'm'),
('haan03', 3, 1, 4, '2.3', 99, 71, 336, NULL, 94, 'f'),
('haan03', 3, 2, 4, '2.1', 87, 70, 51, NULL, 93, 'm'),
('haan03', 3, 3, 14, '2.3', 36, 69, 216, 41, 92, 'm'),
('haan03', 3, 4, 14, '2.1', 20, 79, 230, 26, 85, 'm'),
('haan03', 4, 1, 21, '1.0', 13, 99, 344, 22, 23, 'f'),
('haan03', 4, 2, 17, '1.4', 25, 81, 342, 17, 36, 'f'),
('haan03', 4, 3, 17, '1.5', 45, 81, 187, 33, 25, 'm'),
('haan03', 4, 4, 21, '1.0', 5, 99, 114, 32, 32, 'm'),
('haan03', 5, 1, 12, '1.2', 7, 95, 126, NULL, 38, 'm'),
('haan03', 5, 2, 12, '1.0', 5, 97, 358, NULL, 29, 'f'),
('haan03', 5, 3, 4, '2.0', 95, 77, 285, NULL, 41, 'f'),
('haan03', 5, 4, 4, '2.3', 98, 77, 125, NULL, 30, 'm'),
('haan03', 6, 1, 8, '1.5', 21, 85, 216, NULL, 61, 'm'),
('haan03', 6, 2, 8, '1.7', 43, 94, 366, NULL, 62, 'f'),
('haan03', 6, 3, 18, '1.5', 10, 94, 55, 39, 45, 'm'),
('haan03', 6, 4, 18, '1.6', 8, 93, 188, 31, 56, 'm'),
('haan03', 7, 1, 9, '1.6', 13, 89, 58, NULL, 102, 'm'),
('haan03', 7, 2, 5, '2.0', 24, 69, 288, NULL, 98, 'f'),
('haan03', 7, 3, 5, '2.4', 25, 66, 370, NULL, 100, 'f'),
('haan03', 7, 4, 9, '1.7', 7, 82, 108, NULL, 88, 'm'),
('haan03', 8, 1, 20, '1.2', 21, 97, 323, 24, 43, 'f'),
('haan03', 8, 2, 10, '1.2', 98, 97, 290, NULL, 61, 'f'),
('haan03', 8, 3, 20, '1.0', 34, 96, 66, 30, 44, 'm'),
('haan03', 8, 4, 10, '1.2', 120, 95, 100, NULL, 51, 'm'),
('haan03', 9, 1, 8, '1.6', 26, 82, 236, NULL, 41, 'm'),
('haan03', 9, 2, 4, '2.2', 87, 75, 152, NULL, 30, 'm'),
('haan03', 9, 3, 8, '1.5', 30, 87, 408, NULL, 39, 'f'),
('haan03', 9, 4, 4, '2.2', 110, 77, 63, NULL, 40, 'm'),
('haan03', 10, 1, 7, '1.5', 93, 94, 67, NULL, 47, 'm'),
('haan03', 10, 2, 18, '1.7', 6, 85, 91, 37, 52, 'm'),
('haan03', 10, 3, 18, '1.6', 8, 91, 79, 40, 44, 'm'),
('haan03', 10, 4, 7, '1.6', 113, 92, 304, NULL, 53, 'f'),
('haan03', 11, 1, 13, '2.1', 100, 71, 200, 37, 83, 'm'),
('haan03', 11, 2, 21, '1.0', 15, 100, 352, 13, 102, 'f'),
('haan03', 11, 3, 21, '1.0', 14, 98, 118, 27, 95, 'm'),
('haan03', 11, 4, 13, '2.4', 86, 70, 145, 29, 98, 'm'),
('haan03', 12, 1, 5, '2.3', 33, 79, 316, NULL, 64, 'f'),
('haan03', 12, 2, 5, '2.1', 32, 77, 81, NULL, 79, 'm'),
('haan03', 12, 3, 5, '1.9', 50, 68, 118, NULL, 76, 'm'),
('haan03', 12, 4, 15, '2.4', 14, 74, 403, 16, 74, 'f'),
('haan03', 13, 1, 7, '1.7', 97, 87, 232, NULL, 28, 'm'),
('haan03', 13, 2, 17, '1.4', 49, 81, 273, 14, 32, 'f'),
('haan03', 13, 3, 7, '1.5', 71, 83, 98, NULL, 42, 'm'),
('haan03', 13, 4, 17, '1.7', 25, 91, 95, 41, 37, 'm'),
('haan03', 14, 1, 15, '1.9', 7, 70, 444, 15, 86, 'f'),
('haan03', 14, 2, 15, '2.3', 5, 68, 304, 14, 93, 'f'),
('haan03', 14, 3, 4, '2.0', 101, 69, 262, NULL, 90, 'f'),
('haan03', 14, 4, 4, '2.4', 120, 71, 143, NULL, 83, 'm'),
('haan03', 15, 1, 12, '1.3', 7, 100, 251, NULL, 43, 'f'),
('haan03', 15, 2, 8, '1.7', 24, 89, 232, NULL, 45, 'm'),
('haan03', 15, 3, 8, '1.6', 43, 87, 174, NULL, 55, 'm'),
('haan03', 15, 4, 12, '1.0', 12, 98, 249, NULL, 49, 'f'),
('haan03', 16, 1, 12, '1.2', 9, 96, 309, NULL, 30, 'f'),
('haan03', 16, 2, 5, '2.3', 50, 74, 354, NULL, 28, 'f'),
('haan03', 16, 3, 12, '1.1', 5, 96, 327, NULL, 40, 'f'),
('haan03', 16, 4, 5, '2.1', 37, 66, 144, NULL, 26, 'm'),
('haan03', 17, 1, 18, '1.5', 8, 84, 409, 15, 38, 'f'),
('haan03', 17, 2, 14, '2.0', 23, 72, 194, 36, 24, 'm'),
('haan03', 17, 3, 18, '1.8', 9, 94, 316, 24, 39, 'f'),
('haan03', 17, 4, 14, '2.4', 24, 71, 146, 29, 37, 'm'),
('haan03', 18, 1, 5, '2.0', 23, 70, 56, NULL, 85, 'm'),
('haan03', 18, 2, 20, '1.3', 35, 96, 394, 22, 102, 'f'),
('haan03', 18, 3, 5, '2.2', 24, 68, 172, NULL, 98, 'm'),
('haan03', 18, 4, 20, '1.0', 25, 99, 302, 11, 94, 'f'),
('haan03', 19, 1, 4, '2.0', 85, 69, 255, NULL, 63, 'f'),
('haan03', 19, 2, 4, '2.0', 119, 73, 236, NULL, 73, 'm'),
('haan03', 19, 3, 9, '1.5', 10, 83, 335, NULL, 65, 'f'),
('haan03', 19, 4, 9, '1.7', 9, 80, 164, NULL, 64, 'm'),
('haan03', 20, 1, 13, '1.9', 84, 69, 368, 18, 75, 'f'),
('haan03', 20, 2, 13, '2.1', 76, 77, 380, 19, 82, 'f'),
('haan03', 20, 3, 17, '1.5', 45, 80, 273, 21, 68, 'f'),
('haan03', 20, 4, 17, '1.6', 30, 81, 62, 40, 71, 'm'),
('haan03', 21, 1, 5, '2.4', 49, 70, 79, NULL, 99, 'm'),
('haan03', 21, 2, 5, '2.4', 39, 70, 146, NULL, 98, 'm'),
('haan03', 21, 3, 17, '1.4', 46, 82, 376, 13, 102, 'f'),
('haan03', 21, 4, 17, '1.7', 47, 89, 395, 24, 101, 'f'),
('haan03', 22, 1, 7, '1.8', 104, 86, 73, NULL, 91, 'm'),
('haan03', 22, 2, 7, '1.8', 94, 81, 180, NULL, 101, 'm'),
('haan03', 22, 3, 11, '1.2', 28, 97, 388, NULL, 89, 'f'),
('haan03', 22, 4, 11, '1.2', 20, 98, 289, NULL, 97, 'f'),
('haan03', 23, 1, 18, '1.8', 13, 85, 385, 16, 43, 'f'),
('haan03', 23, 2, 6, '2.2', 12, 78, 81, NULL, 53, 'm'),
('haan03', 23, 3, 6, '2.1', 11, 77, 350, NULL, 58, 'f'),
('haan03', 23, 4, 18, '1.7', 7, 87, 92, 40, 50, 'm'),
('haan03', 24, 1, 16, '1.8', 99, 85, 98, 29, 48, 'm'),
('haan03', 24, 2, 21, '1.1', 8, 96, 335, 11, 46, 'f'),
('haan03', 24, 3, 16, '1.7', 104, 83, 336, 14, 51, 'f'),
('haan03', 24, 4, 21, '1.3', 10, 97, 146, 37, 45, 'm'),
('haan03', 25, 1, 21, '1.2', 14, 97, 207, 25, 99, 'm'),
('haan03', 25, 2, 14, '2.3', 35, 70, 259, 19, 85, 'f'),
('haan03', 25, 3, 21, '1.1', 11, 96, 260, 22, 101, 'f'),
('haan03', 25, 4, 14, '1.9', 39, 74, 267, 23, 100, 'f'),
('haan03', 26, 1, 8, '1.7', 27, 93, 190, NULL, 31, 'm'),
('haan03', 26, 2, 20, '1.2', 47, 95, 63, 35, 36, 'm'),
('haan03', 26, 3, 20, '1.0', 38, 96, 283, 24, 41, 'f'),
('haan03', 26, 4, 8, '1.4', 39, 90, 345, NULL, 34, 'f'),
('haan03', 27, 1, 19, '1.0', 87, 99, 197, 27, 87, 'm'),
('haan03', 27, 2, 7, '1.5', 85, 82, 260, NULL, 91, 'f');
INSERT INTO `concretetasks` (`vpID`, `tempPos`, `locPos`, `levelID`, `note`, `anzahl`, `prozent`, `nameID`, `photoID`, `adressID`, `sex`) VALUES
('haan03', 27, 3, 19, '1.3', 93, 100, 243, 30, 99, 'm'),
('haan03', 27, 4, 7, '1.7', 80, 87, 177, NULL, 86, 'm'),
('haan03', 28, 1, 13, '1.9', 92, 68, 243, 39, 92, 'm'),
('haan03', 28, 2, 18, '1.4', 12, 89, 161, 35, 96, 'm'),
('haan03', 28, 3, 13, '2.3', 81, 66, 218, 28, 102, 'm'),
('haan03', 28, 4, 18, '1.5', 6, 92, 362, 19, 83, 'f'),
('haan03', 29, 1, 4, '2.0', 75, 70, 299, NULL, 67, 'f'),
('haan03', 29, 2, 4, '2.2', 107, 69, 214, NULL, 76, 'm'),
('haan03', 29, 3, 19, '1.1', 81, 99, 409, 21, 73, 'f'),
('haan03', 29, 4, 19, '1.0', 87, 99, 85, 29, 78, 'm'),
('haan03', 30, 1, 11, '1.1', 44, 98, 286, NULL, 58, 'f'),
('haan03', 30, 2, 4, '2.2', 76, 71, 260, NULL, 61, 'f'),
('haan03', 30, 3, 4, '2.3', 70, 72, 420, NULL, 47, 'f'),
('haan03', 30, 4, 11, '1.2', 49, 95, 117, NULL, 49, 'm'),
('haan03', 31, 1, 4, '2.2', 119, 77, 410, NULL, 68, 'f'),
('haan03', 31, 2, 16, '1.8', 116, 88, 272, 21, 77, 'f'),
('haan03', 31, 3, 16, '1.8', 82, 83, 167, 28, 79, 'm'),
('haan03', 31, 4, 4, '2.0', 105, 78, 163, NULL, 64, 'm'),
('haan03', 32, 1, 21, '1.1', 6, 95, 296, 23, 31, 'f'),
('haan03', 32, 2, 10, '1.1', 98, 99, 398, NULL, 36, 'f'),
('haan03', 32, 3, 10, '1.0', 87, 97, 439, NULL, 32, 'f'),
('haan03', 32, 4, 21, '1.3', 9, 97, 116, 26, 37, 'm'),
('haan03', 33, 1, 21, '1.0', 13, 95, 413, 17, 81, 'f'),
('haan03', 33, 2, 21, '1.2', 7, 100, 82, 34, 71, 'm'),
('haan03', 33, 3, 6, '1.9', 8, 67, 422, NULL, 73, 'f'),
('haan03', 33, 4, 6, '1.9', 8, 75, 64, NULL, 78, 'm'),
('haan03', 34, 1, 9, '1.5', 11, 94, 164, NULL, 71, 'm'),
('haan03', 34, 2, 21, '1.3', 11, 98, 259, 21, 67, 'f'),
('haan03', 34, 3, 21, '1.2', 7, 98, 142, 38, 64, 'm'),
('haan03', 34, 4, 9, '1.7', 10, 93, 113, NULL, 63, 'm'),
('haan03', 35, 1, 7, '1.7', 113, 85, 344, NULL, 27, 'f'),
('haan03', 35, 2, 7, '1.6', 108, 92, 54, NULL, 39, 'm'),
('haan03', 35, 3, 12, '1.3', 14, 100, 357, NULL, 40, 'f'),
('haan03', 35, 4, 12, '1.2', 13, 99, 139, NULL, 29, 'm'),
('haan03', 36, 1, 11, '1.2', 42, 96, 385, NULL, 43, 'f'),
('haan03', 36, 2, 21, '1.3', 15, 98, 126, 39, 47, 'm'),
('haan03', 36, 3, 21, '1.2', 8, 96, 59, 31, 60, 'm'),
('haan03', 36, 4, 11, '1.2', 24, 97, 395, NULL, 57, 'f'),
('helm24', 1, 1, 13, '2.1', 117, 67, 266, 17, 73, 'f'),
('helm24', 1, 2, 20, '1.1', 40, 96, 125, 33, 66, 'm'),
('helm24', 1, 3, 20, '1.2', 49, 96, 233, 31, 79, 'm'),
('helm24', 1, 4, 13, '2.0', 110, 76, 223, 41, 80, 'm'),
('helm24', 2, 1, 21, '1.2', 6, 100, 77, 30, 42, 'm'),
('helm24', 2, 2, 21, '1.3', 10, 96, 315, 22, 25, 'f'),
('helm24', 2, 3, 13, '2.0', 112, 79, 242, 25, 23, 'm'),
('helm24', 2, 4, 13, '1.9', 116, 76, 160, 39, 28, 'm'),
('helm24', 3, 1, 14, '1.9', 38, 66, 400, 18, 63, 'f'),
('helm24', 3, 2, 4, '2.2', 109, 73, 358, NULL, 69, 'f'),
('helm24', 3, 3, 14, '2.0', 26, 74, 201, 32, 75, 'm'),
('helm24', 3, 4, 4, '2.1', 71, 66, 384, NULL, 74, 'f'),
('helm24', 4, 1, 4, '2.1', 73, 70, 414, NULL, 32, 'f'),
('helm24', 4, 2, 8, '1.4', 26, 88, 322, NULL, 41, 'f'),
('helm24', 4, 3, 4, '2.1', 75, 76, 376, NULL, 31, 'f'),
('helm24', 4, 4, 8, '1.5', 28, 84, 432, NULL, 30, 'f'),
('helm24', 5, 1, 18, '1.6', 13, 83, 333, 20, 32, 'f'),
('helm24', 5, 2, 18, '1.5', 14, 93, 55, 40, 39, 'm'),
('helm24', 5, 3, 7, '1.7', 112, 86, 218, NULL, 23, 'm'),
('helm24', 5, 4, 7, '1.8', 70, 87, 315, NULL, 35, 'f'),
('helm24', 6, 1, 18, '1.7', 14, 81, 374, 23, 25, 'f'),
('helm24', 6, 2, 6, '2.2', 10, 73, 247, NULL, 32, 'm'),
('helm24', 6, 3, 6, '2.4', 13, 66, 438, NULL, 35, 'f'),
('helm24', 6, 4, 18, '1.8', 6, 90, 71, 37, 37, 'm'),
('helm24', 7, 1, 19, '1.3', 73, 97, 252, 15, 60, 'f'),
('helm24', 7, 2, 4, '2.4', 112, 77, 427, NULL, 51, 'f'),
('helm24', 7, 3, 19, '1.2', 73, 97, 143, 37, 50, 'm'),
('helm24', 7, 4, 4, '2.1', 86, 75, 330, NULL, 61, 'f'),
('helm24', 8, 1, 21, '1.0', 7, 100, 334, 21, 49, 'f'),
('helm24', 8, 2, 21, '1.1', 12, 96, 353, 20, 57, 'f'),
('helm24', 8, 3, 16, '1.5', 94, 82, 163, 33, 51, 'm'),
('helm24', 8, 4, 16, '1.6', 108, 92, 336, 17, 58, 'f'),
('helm24', 9, 1, 21, '1.0', 12, 100, 362, 19, 47, 'f'),
('helm24', 9, 2, 9, '1.6', 10, 81, 165, NULL, 48, 'm'),
('helm24', 9, 3, 9, '1.8', 7, 87, 151, NULL, 50, 'm'),
('helm24', 9, 4, 21, '1.1', 9, 98, 297, 24, 43, 'f'),
('helm24', 10, 1, 15, '2.0', 7, 75, 352, 16, 74, 'f'),
('helm24', 10, 2, 15, '2.0', 8, 70, 141, 27, 72, 'm'),
('helm24', 10, 3, 4, '2.4', 82, 67, 327, NULL, 70, 'f'),
('helm24', 10, 4, 4, '2.1', 93, 67, 58, NULL, 77, 'm'),
('helm24', 11, 1, 7, '1.5', 74, 82, 350, NULL, 86, 'f'),
('helm24', 11, 2, 19, '1.0', 74, 95, 442, 22, 101, 'f'),
('helm24', 11, 3, 7, '1.5', 97, 92, 56, NULL, 93, 'm'),
('helm24', 11, 4, 19, '1.0', 87, 96, 347, 16, 87, 'f'),
('helm24', 12, 1, 21, '1.1', 6, 95, 330, 21, 96, 'f'),
('helm24', 12, 2, 21, '1.3', 12, 99, 439, 19, 98, 'f'),
('helm24', 12, 3, 14, '2.4', 23, 72, 49, 40, 94, 'm'),
('helm24', 12, 4, 14, '2.4', 46, 78, 382, 22, 88, 'f'),
('helm24', 13, 1, 6, '2.2', 7, 70, 208, NULL, 58, 'm'),
('helm24', 13, 2, 21, '1.2', 5, 95, 102, 31, 51, 'm'),
('helm24', 13, 3, 6, '2.1', 11, 67, 418, NULL, 50, 'f'),
('helm24', 13, 4, 21, '1.1', 11, 98, 237, 25, 47, 'm'),
('helm24', 14, 1, 7, '1.4', 86, 94, 281, NULL, 43, 'f'),
('helm24', 14, 2, 17, '1.7', 21, 92, 445, 14, 44, 'f'),
('helm24', 14, 3, 17, '1.4', 28, 82, 292, 22, 56, 'f'),
('helm24', 14, 4, 7, '1.5', 107, 89, 143, NULL, 51, 'm'),
('helm24', 15, 1, 7, '1.4', 71, 90, 396, NULL, 32, 'f'),
('helm24', 15, 2, 7, '1.7', 108, 94, 389, NULL, 31, 'f'),
('helm24', 15, 3, 12, '1.3', 6, 96, 183, NULL, 40, 'm'),
('helm24', 15, 4, 12, '1.1', 9, 97, 103, NULL, 33, 'm'),
('helm24', 16, 1, 4, '2.0', 115, 74, 72, NULL, 77, 'm'),
('helm24', 16, 2, 16, '1.5', 88, 87, 200, 28, 69, 'm'),
('helm24', 16, 3, 16, '1.6', 92, 83, 363, 11, 71, 'f'),
('helm24', 16, 4, 4, '2.4', 71, 78, 142, NULL, 66, 'm'),
('helm24', 17, 1, 18, '1.5', 6, 90, 266, 22, 73, 'f'),
('helm24', 17, 2, 13, '1.9', 74, 70, 205, 33, 82, 'm'),
('helm24', 17, 3, 13, '2.0', 95, 73, 210, 27, 74, 'm'),
('helm24', 17, 4, 18, '1.5', 7, 93, 243, 36, 65, 'm'),
('helm24', 18, 1, 4, '2.4', 74, 68, 174, NULL, 26, 'm'),
('helm24', 18, 2, 11, '1.3', 45, 96, 380, NULL, 35, 'f'),
('helm24', 18, 3, 11, '1.0', 34, 100, 416, NULL, 38, 'f'),
('helm24', 18, 4, 4, '2.3', 70, 66, 187, NULL, 33, 'm'),
('helm24', 19, 1, 17, '1.7', 27, 80, 344, 18, 98, 'f'),
('helm24', 19, 2, 17, '1.8', 32, 83, 150, 34, 84, 'm'),
('helm24', 19, 3, 13, '2.4', 88, 75, 428, 14, 91, 'f'),
('helm24', 19, 4, 13, '2.3', 99, 78, 445, 20, 90, 'f'),
('helm24', 20, 1, 12, '1.1', 6, 96, 235, NULL, 59, 'm'),
('helm24', 20, 2, 8, '1.8', 36, 87, 271, NULL, 48, 'f'),
('helm24', 20, 3, 8, '1.7', 44, 84, 65, NULL, 44, 'm'),
('helm24', 20, 4, 12, '1.0', 11, 99, 63, NULL, 62, 'm'),
('helm24', 21, 1, 12, '1.3', 8, 99, 359, NULL, 65, 'f'),
('helm24', 21, 2, 5, '2.1', 31, 79, 260, NULL, 71, 'f'),
('helm24', 21, 3, 12, '1.3', 14, 97, 236, NULL, 63, 'm'),
('helm24', 21, 4, 5, '2.4', 44, 74, 378, NULL, 69, 'f'),
('helm24', 22, 1, 20, '1.3', 43, 95, 381, 16, 24, 'f'),
('helm24', 22, 2, 10, '1.0', 73, 97, 177, NULL, 23, 'm'),
('helm24', 22, 3, 20, '1.3', 22, 95, 121, 38, 31, 'm'),
('helm24', 22, 4, 10, '1.1', 90, 99, 420, NULL, 28, 'f'),
('helm24', 23, 1, 5, '2.0', 21, 66, 265, NULL, 39, 'f'),
('helm24', 23, 2, 5, '2.4', 39, 68, 257, NULL, 30, 'f'),
('helm24', 23, 3, 15, '2.2', 14, 74, 302, 11, 36, 'f'),
('helm24', 23, 4, 5, '2.2', 41, 79, 283, NULL, 40, 'f'),
('helm24', 24, 1, 11, '1.1', 36, 96, 208, NULL, 28, 'm'),
('helm24', 24, 2, 11, '1.1', 37, 96, 416, NULL, 35, 'f'),
('helm24', 24, 3, 7, '1.7', 111, 88, 148, NULL, 32, 'm'),
('helm24', 24, 4, 7, '1.7', 92, 84, 87, NULL, 29, 'm'),
('helm24', 25, 1, 20, '1.3', 33, 97, 104, 41, 52, 'm'),
('helm24', 25, 2, 20, '1.0', 35, 99, 204, 30, 48, 'm'),
('helm24', 25, 3, 8, '1.7', 49, 80, 282, NULL, 55, 'f'),
('helm24', 25, 4, 8, '1.5', 26, 93, 349, NULL, 51, 'f'),
('helm24', 26, 1, 4, '2.3', 94, 69, 258, NULL, 47, 'f'),
('helm24', 26, 2, 4, '1.9', 110, 69, 397, NULL, 58, 'f'),
('helm24', 26, 3, 9, '1.8', 12, 89, 379, NULL, 51, 'f'),
('helm24', 26, 4, 9, '1.6', 8, 85, 403, NULL, 43, 'f'),
('helm24', 27, 1, 17, '1.4', 41, 83, 132, 27, 46, 'm'),
('helm24', 27, 2, 21, '1.3', 10, 98, 272, 19, 52, 'f'),
('helm24', 27, 3, 17, '1.5', 46, 84, 103, 26, 61, 'm'),
('helm24', 27, 4, 21, '1.3', 10, 100, 108, 37, 44, 'm'),
('helm24', 28, 1, 20, '1.3', 35, 98, 154, 25, 33, 'm'),
('helm24', 28, 2, 20, '1.0', 23, 98, 214, 26, 40, 'm'),
('helm24', 28, 3, 5, '2.4', 50, 66, 371, NULL, 24, 'f'),
('helm24', 28, 4, 5, '2.3', 36, 66, 362, NULL, 32, 'f'),
('helm24', 29, 1, 4, '1.9', 102, 69, 183, NULL, 59, 'm'),
('helm24', 29, 2, 4, '2.2', 91, 71, 84, NULL, 55, 'm'),
('helm24', 29, 3, 12, '1.1', 5, 99, 287, NULL, 47, 'f'),
('helm24', 29, 4, 12, '1.2', 8, 97, 95, NULL, 48, 'm'),
('helm24', 30, 1, 9, '1.8', 5, 88, 249, NULL, 79, 'f'),
('helm24', 30, 2, 5, '2.4', 41, 76, 293, NULL, 66, 'f'),
('helm24', 30, 3, 9, '1.5', 8, 92, 259, NULL, 64, 'f'),
('helm24', 30, 4, 5, '2.4', 37, 72, 306, NULL, 81, 'f'),
('helm24', 31, 1, 8, '1.4', 47, 80, 280, NULL, 70, 'f'),
('helm24', 31, 2, 18, '1.7', 14, 94, 283, 21, 67, 'f'),
('helm24', 31, 3, 18, '1.5', 10, 91, 290, 23, 74, 'f'),
('helm24', 31, 4, 8, '1.5', 44, 92, 394, NULL, 64, 'f'),
('helm24', 32, 1, 11, '1.0', 29, 97, 99, NULL, 74, 'm'),
('helm24', 32, 2, 11, '1.1', 36, 96, 278, NULL, 81, 'f'),
('helm24', 32, 3, 21, '1.3', 10, 97, 130, 27, 80, 'm'),
('helm24', 32, 4, 21, '1.1', 13, 99, 53, 32, 67, 'm'),
('helm24', 33, 1, 20, '1.3', 23, 99, 262, 23, 38, 'f'),
('helm24', 33, 2, 16, '1.8', 88, 91, 326, 11, 29, 'f'),
('helm24', 33, 3, 20, '1.2', 29, 95, 346, 20, 31, 'f'),
('helm24', 33, 4, 16, '1.7', 98, 89, 219, 34, 42, 'm'),
('helm24', 34, 1, 5, '2.2', 24, 66, 215, NULL, 98, 'm'),
('helm24', 34, 2, 17, '1.8', 48, 94, 364, 16, 97, 'f'),
('helm24', 34, 3, 5, '2.3', 31, 72, 112, NULL, 85, 'm'),
('helm24', 34, 4, 17, '1.4', 44, 93, 372, 20, 83, 'f'),
('helm24', 35, 1, 21, '1.0', 13, 100, 51, 28, 93, 'm'),
('helm24', 35, 2, 21, '1.3', 13, 100, 185, 33, 102, 'm'),
('helm24', 35, 3, 10, '1.2', 74, 100, 297, NULL, 86, 'f'),
('helm24', 35, 4, 10, '1.1', 88, 99, 176, NULL, 95, 'm'),
('helm24', 36, 1, 18, '1.6', 13, 86, 63, 40, 41, 'm'),
('helm24', 36, 2, 14, '2.1', 49, 68, 354, 12, 36, 'f'),
('helm24', 36, 3, 18, '1.4', 9, 91, 295, 15, 24, 'f'),
('helm24', 36, 4, 14, '2.1', 39, 74, 300, 16, 26, 'f'),
('Henk15', 1, 1, 7, '1.7', 98, 91, 212, NULL, 83, 'm'),
('Henk15', 1, 2, 7, '1.7', 117, 83, 238, NULL, 93, 'm'),
('Henk15', 1, 3, 18, '1.5', 10, 86, 59, 26, 94, 'm'),
('Henk15', 1, 4, 18, '1.4', 10, 93, 200, 34, 88, 'm'),
('Henk15', 2, 1, 7, '1.8', 106, 87, 96, NULL, 74, 'm'),
('Henk15', 2, 2, 7, '1.8', 93, 87, 415, NULL, 69, 'f'),
('Henk15', 2, 3, 17, '1.4', 47, 93, 78, 32, 77, 'm'),
('Henk15', 2, 4, 17, '1.6', 25, 92, 183, 36, 68, 'm'),
('Henk15', 3, 1, 17, '1.6', 22, 82, 366, 16, 90, 'f'),
('Henk15', 3, 2, 13, '1.9', 93, 68, 168, 36, 92, 'm'),
('Henk15', 3, 3, 17, '1.5', 47, 87, 316, 21, 84, 'f'),
('Henk15', 3, 4, 13, '1.9', 81, 78, 154, 39, 88, 'm'),
('Henk15', 4, 1, 5, '2.4', 27, 71, 370, NULL, 82, 'f'),
('Henk15', 4, 2, 17, '1.8', 29, 94, 360, 23, 67, 'f'),
('Henk15', 4, 3, 17, '1.5', 47, 89, 174, 38, 74, 'm'),
('Henk15', 4, 4, 5, '2.1', 37, 72, 92, NULL, 80, 'm'),
('Henk15', 5, 1, 15, '2.3', 8, 73, 90, 35, 92, 'm'),
('Henk15', 5, 2, 5, '1.9', 48, 70, 436, NULL, 96, 'f'),
('Henk15', 5, 3, 5, '2.0', 48, 71, 122, NULL, 99, 'm'),
('Henk15', 5, 4, 5, '2.1', 49, 67, 345, NULL, 94, 'f'),
('Henk15', 6, 1, 11, '1.0', 23, 98, 96, NULL, 49, 'm'),
('Henk15', 6, 2, 11, '1.3', 42, 97, 424, NULL, 43, 'f'),
('Henk15', 6, 3, 21, '1.3', 15, 100, 280, 23, 48, 'f'),
('Henk15', 6, 4, 21, '1.2', 7, 98, 339, 11, 47, 'f'),
('Henk15', 7, 1, 21, '1.1', 6, 98, 300, 13, 86, 'f'),
('Henk15', 7, 2, 13, '2.0', 74, 74, 110, 33, 102, 'm'),
('Henk15', 7, 3, 21, '1.3', 8, 99, 343, 14, 90, 'f'),
('Henk15', 7, 4, 13, '2.2', 77, 68, 290, 19, 91, 'f'),
('Henk15', 8, 1, 20, '1.1', 32, 97, 357, 18, 65, 'f'),
('Henk15', 8, 2, 5, '2.0', 41, 68, 274, NULL, 63, 'f'),
('Henk15', 8, 3, 20, '1.0', 43, 98, 416, 14, 76, 'f'),
('Henk15', 8, 4, 5, '1.9', 27, 66, 115, NULL, 82, 'm'),
('Henk15', 9, 1, 8, '1.5', 42, 87, 414, NULL, 96, 'f'),
('Henk15', 9, 2, 20, '1.0', 25, 98, 304, 22, 100, 'f'),
('Henk15', 9, 3, 20, '1.3', 49, 99, 83, 34, 99, 'm'),
('Henk15', 9, 4, 8, '1.8', 20, 89, 234, NULL, 91, 'm'),
('Henk15', 10, 1, 13, '2.1', 72, 69, 317, 21, 98, 'f'),
('Henk15', 10, 2, 20, '1.1', 47, 97, 440, 20, 95, 'f'),
('Henk15', 10, 3, 20, '1.0', 21, 99, 57, 38, 83, 'm'),
('Henk15', 10, 4, 13, '2.3', 80, 68, 273, 15, 88, 'f'),
('Henk15', 11, 1, 21, '1.1', 10, 96, 80, 38, 38, 'm'),
('Henk15', 11, 2, 17, '1.6', 49, 89, 210, 36, 39, 'm'),
('Henk15', 11, 3, 17, '1.5', 34, 85, 369, 20, 32, 'f'),
('Henk15', 11, 4, 21, '1.1', 8, 97, 261, 15, 37, 'f'),
('Henk15', 12, 1, 15, '2.2', 15, 75, 277, 18, 45, 'f'),
('Henk15', 12, 2, 4, '2.3', 73, 69, 366, NULL, 51, 'f'),
('Henk15', 12, 3, 15, '2.1', 15, 71, 179, 27, 47, 'm'),
('Henk15', 12, 4, 4, '2.1', 116, 70, 84, NULL, 44, 'm'),
('Henk15', 13, 1, 18, '1.6', 12, 87, 437, 24, 82, 'f'),
('Henk15', 13, 2, 18, '1.8', 14, 91, 106, 31, 75, 'm'),
('Henk15', 13, 3, 13, '2.4', 103, 69, 65, 33, 76, 'm'),
('Henk15', 13, 4, 13, '2.1', 85, 73, 254, 23, 80, 'f'),
('Henk15', 14, 1, 14, '2.0', 50, 67, 404, 23, 80, 'f'),
('Henk15', 14, 2, 4, '2.3', 74, 78, 382, NULL, 64, 'f'),
('Henk15', 14, 3, 4, '2.2', 93, 69, 360, NULL, 68, 'f'),
('Henk15', 14, 4, 14, '2.3', 50, 76, 436, 17, 73, 'f'),
('Henk15', 15, 1, 21, '1.2', 5, 97, 404, 12, 91, 'f'),
('Henk15', 15, 2, 14, '2.2', 38, 73, 233, 38, 83, 'm'),
('Henk15', 15, 3, 14, '2.1', 30, 78, 369, 19, 95, 'f'),
('Henk15', 15, 4, 21, '1.3', 6, 100, 82, 30, 99, 'm'),
('Henk15', 16, 1, 19, '1.2', 96, 99, 398, 21, 64, 'f'),
('Henk15', 16, 2, 19, '1.0', 112, 100, 174, 31, 78, 'm'),
('Henk15', 16, 3, 4, '2.1', 102, 77, 406, NULL, 80, 'f'),
('Henk15', 16, 4, 4, '2.4', 95, 71, 266, NULL, 82, 'f'),
('Henk15', 17, 1, 4, '2.1', 96, 70, 376, NULL, 49, 'f'),
('Henk15', 17, 2, 16, '1.4', 95, 92, 339, 21, 54, 'f'),
('Henk15', 17, 3, 16, '1.6', 103, 91, 242, 37, 44, 'm'),
('Henk15', 17, 4, 4, '1.9', 117, 73, 296, NULL, 56, 'f'),
('Henk15', 18, 1, 8, '1.4', 48, 89, 365, NULL, 30, 'f'),
('Henk15', 18, 2, 4, '2.1', 115, 71, 224, NULL, 23, 'm'),
('Henk15', 18, 3, 4, '2.4', 89, 79, 397, NULL, 41, 'f'),
('Henk15', 18, 4, 8, '1.4', 47, 86, 434, NULL, 40, 'f'),
('Henk15', 19, 1, 9, '1.7', 11, 93, 440, NULL, 61, 'f'),
('Henk15', 19, 2, 21, '1.3', 7, 97, 311, 18, 50, 'f'),
('Henk15', 19, 3, 9, '1.8', 5, 90, 402, NULL, 47, 'f'),
('Henk15', 19, 4, 21, '1.0', 7, 95, 94, 28, 53, 'm'),
('Henk15', 20, 1, 16, '1.4', 108, 82, 132, 26, 102, 'm'),
('Henk15', 20, 2, 20, '1.0', 47, 97, 370, 23, 92, 'f'),
('Henk15', 20, 3, 20, '1.0', 22, 100, 403, 19, 88, 'f'),
('Henk15', 20, 4, 16, '1.5', 109, 88, 412, 22, 94, 'f'),
('Henk15', 21, 1, 10, '1.0', 90, 100, 425, NULL, 98, 'f'),
('Henk15', 21, 2, 21, '1.3', 6, 99, 375, 21, 99, 'f'),
('Henk15', 21, 3, 21, '1.2', 15, 100, 101, 31, 87, 'm'),
('Henk15', 21, 4, 10, '1.1', 112, 97, 355, NULL, 89, 'f'),
('Henk15', 22, 1, 18, '1.7', 6, 93, 246, 34, 31, 'm'),
('Henk15', 22, 2, 14, '2.2', 22, 67, 104, 30, 39, 'm'),
('Henk15', 22, 3, 14, '2.2', 33, 66, 139, 33, 33, 'm'),
('Henk15', 22, 4, 18, '1.4', 15, 90, 390, 15, 23, 'f'),
('Henk15', 23, 1, 5, '2.1', 42, 73, 270, NULL, 74, 'f'),
('Henk15', 23, 2, 12, '1.2', 7, 97, 224, NULL, 78, 'm'),
('Henk15', 23, 3, 5, '2.4', 36, 76, 248, NULL, 66, 'm'),
('Henk15', 23, 4, 12, '1.0', 7, 100, 97, NULL, 81, 'm'),
('Henk15', 24, 1, 18, '1.7', 10, 85, 133, 33, 101, 'm'),
('Henk15', 24, 2, 8, '1.8', 20, 92, 327, NULL, 97, 'f'),
('Henk15', 24, 3, 18, '1.7', 9, 92, 307, 23, 93, 'f'),
('Henk15', 24, 4, 8, '1.6', 42, 80, 211, NULL, 89, 'm'),
('Henk15', 25, 1, 11, '1.3', 24, 98, 239, NULL, 50, 'm'),
('Henk15', 25, 2, 11, '1.0', 26, 99, 101, NULL, 60, 'm'),
('Henk15', 25, 3, 7, '1.6', 80, 94, 203, NULL, 56, 'm'),
('Henk15', 25, 4, 7, '1.5', 108, 80, 340, NULL, 62, 'f'),
('Henk15', 26, 1, 12, '1.1', 13, 98, 253, NULL, 64, 'f'),
('Henk15', 26, 2, 12, '1.2', 11, 96, 410, NULL, 81, 'f'),
('Henk15', 26, 3, 4, '2.3', 102, 75, 229, NULL, 80, 'm'),
('Henk15', 26, 4, 4, '1.9', 102, 66, 322, NULL, 69, 'f'),
('Henk15', 27, 1, 16, '1.8', 100, 88, 284, 23, 101, 'f'),
('Henk15', 27, 2, 16, '1.4', 119, 90, 273, 21, 88, 'f'),
('Henk15', 27, 3, 21, '1.2', 5, 95, 443, 11, 102, 'f'),
('Henk15', 27, 4, 21, '1.0', 10, 97, 236, 41, 93, 'm'),
('Henk15', 28, 1, 8, '1.6', 28, 92, 262, NULL, 66, 'f'),
('Henk15', 28, 2, 8, '1.6', 34, 80, 118, NULL, 70, 'm'),
('Henk15', 28, 3, 12, '1.2', 12, 98, 344, NULL, 82, 'f'),
('Henk15', 28, 4, 12, '1.3', 11, 96, 289, NULL, 71, 'f'),
('Henk15', 29, 1, 9, '1.7', 13, 82, 356, NULL, 71, 'f'),
('Henk15', 29, 2, 5, '2.2', 30, 76, 139, NULL, 75, 'm'),
('Henk15', 29, 3, 5, '2.1', 41, 74, 286, NULL, 78, 'f'),
('Henk15', 29, 4, 9, '1.4', 13, 86, 253, NULL, 63, 'f'),
('Henk15', 30, 1, 21, '1.3', 6, 95, 222, 35, 80, 'm'),
('Henk15', 30, 2, 21, '1.3', 15, 100, 347, 16, 81, 'f'),
('Henk15', 30, 3, 6, '2.2', 12, 67, 382, NULL, 67, 'f'),
('Henk15', 30, 4, 6, '2.4', 5, 74, 370, NULL, 78, 'f'),
('Henk15', 31, 1, 7, '1.7', 89, 92, 315, NULL, 34, 'f'),
('Henk15', 31, 2, 12, '1.0', 13, 98, 323, NULL, 35, 'f'),
('Henk15', 31, 3, 7, '1.7', 82, 92, 381, NULL, 36, 'f'),
('Henk15', 31, 4, 12, '1.1', 12, 99, 212, NULL, 26, 'm'),
('Henk15', 32, 1, 6, '2.2', 13, 71, 216, NULL, 83, 'm'),
('Henk15', 32, 2, 18, '1.8', 7, 86, 447, 16, 101, 'f'),
('Henk15', 32, 3, 18, '1.7', 14, 85, 383, 13, 96, 'f'),
('Henk15', 32, 4, 6, '2.3', 6, 68, 118, NULL, 90, 'm'),
('Henk15', 33, 1, 4, '2.1', 96, 70, 172, NULL, 43, 'm'),
('Henk15', 33, 2, 4, '1.9', 72, 67, 314, NULL, 51, 'f'),
('Henk15', 33, 3, 11, '1.2', 29, 100, 339, NULL, 49, 'f'),
('Henk15', 33, 4, 11, '1.2', 36, 98, 206, NULL, 45, 'm'),
('Henk15', 34, 1, 9, '1.7', 10, 80, 316, NULL, 51, 'f'),
('Henk15', 34, 2, 4, '2.4', 120, 79, 442, NULL, 48, 'f'),
('Henk15', 34, 3, 9, '1.4', 15, 84, 360, NULL, 57, 'f'),
('Henk15', 34, 4, 4, '1.9', 97, 78, 64, NULL, 50, 'm'),
('Henk15', 35, 1, 20, '1.0', 49, 100, 268, 12, 68, 'f'),
('Henk15', 35, 2, 20, '1.2', 47, 96, 347, 19, 69, 'f'),
('Henk15', 35, 3, 10, '1.1', 75, 95, 334, NULL, 73, 'f'),
('Henk15', 35, 4, 10, '1.2', 75, 97, 364, NULL, 77, 'f'),
('Henk15', 36, 1, 19, '1.2', 109, 99, 423, 12, 64, 'f'),
('Henk15', 36, 2, 19, '1.1', 104, 95, 49, 38, 69, 'm'),
('Henk15', 36, 3, 7, '1.6', 107, 82, 172, NULL, 63, 'm'),
('Henk15', 36, 4, 7, '1.6', 106, 91, 52, NULL, 81, 'm'),
('hest06', 1, 1, 17, '1.8', 40, 80, 307, 19, 79, 'f'),
('hest06', 1, 2, 17, '1.6', 42, 83, 313, 16, 69, 'f'),
('hest06', 1, 3, 7, '1.4', 107, 87, 71, NULL, 70, 'm'),
('hest06', 1, 4, 7, '1.6', 105, 81, 264, NULL, 73, 'f'),
('hest06', 2, 1, 7, '1.5', 80, 82, 209, NULL, 28, 'm'),
('hest06', 2, 2, 18, '1.6', 10, 93, 131, 34, 23, 'm'),
('hest06', 2, 3, 7, '1.6', 119, 92, 170, NULL, 35, 'm'),
('hest06', 2, 4, 18, '1.6', 9, 85, 174, 32, 38, 'm'),
('hest06', 3, 1, 19, '1.2', 112, 100, 249, 22, 69, 'f'),
('hest06', 3, 2, 4, '2.3', 101, 72, 364, NULL, 73, 'f'),
('hest06', 3, 3, 19, '1.1', 112, 99, 404, 23, 70, 'f'),
('hest06', 3, 4, 4, '2.2', 115, 68, 78, NULL, 67, 'm'),
('hest06', 4, 1, 18, '1.6', 8, 87, 235, 38, 95, 'm'),
('hest06', 4, 2, 6, '2.1', 5, 69, 347, NULL, 100, 'f'),
('hest06', 4, 3, 18, '1.8', 7, 94, 237, 39, 94, 'm'),
('hest06', 4, 4, 6, '2.2', 6, 73, 282, NULL, 96, 'f'),
('hest06', 5, 1, 8, '1.8', 46, 92, 316, NULL, 53, 'f'),
('hest06', 5, 2, 18, '1.5', 14, 80, 217, 34, 55, 'm'),
('hest06', 5, 3, 18, '1.6', 13, 84, 307, 12, 50, 'f'),
('hest06', 5, 4, 8, '1.7', 46, 91, 339, NULL, 59, 'f'),
('hest06', 6, 1, 7, '1.4', 110, 93, 230, NULL, 47, 'm'),
('hest06', 6, 2, 19, '1.1', 111, 96, 448, 17, 49, 'f'),
('hest06', 6, 3, 19, '1.2', 71, 95, 79, 33, 52, 'm'),
('hest06', 6, 4, 7, '1.7', 105, 94, 101, NULL, 56, 'm'),
('hest06', 7, 1, 20, '1.2', 36, 96, 233, 33, 87, 'm'),
('hest06', 7, 2, 5, '2.3', 31, 67, 279, NULL, 97, 'f'),
('hest06', 7, 3, 5, '2.1', 43, 79, 64, NULL, 94, 'm'),
('hest06', 7, 4, 20, '1.2', 38, 95, 131, 39, 83, 'm'),
('hest06', 8, 1, 10, '1.0', 116, 99, 252, NULL, 56, 'f'),
('hest06', 8, 2, 20, '1.2', 31, 99, 64, 26, 48, 'm'),
('hest06', 8, 3, 10, '1.1', 115, 98, 178, NULL, 50, 'm'),
('hest06', 8, 4, 20, '1.2', 37, 99, 331, 14, 49, 'f'),
('hest06', 9, 1, 9, '1.5', 14, 94, 149, NULL, 102, 'm'),
('hest06', 9, 2, 5, '2.3', 49, 70, 409, NULL, 92, 'f'),
('hest06', 9, 3, 5, '2.2', 41, 73, 310, NULL, 85, 'f'),
('hest06', 9, 4, 9, '1.8', 8, 87, 56, NULL, 96, 'm'),
('hest06', 10, 1, 10, '1.1', 72, 100, 124, NULL, 34, 'm'),
('hest06', 10, 2, 10, '1.2', 72, 98, 137, NULL, 39, 'm'),
('hest06', 10, 3, 21, '1.1', 8, 98, 420, 22, 35, 'f'),
('hest06', 10, 4, 21, '1.2', 5, 100, 247, 40, 37, 'm'),
('hest06', 11, 1, 5, '2.2', 25, 77, 203, NULL, 81, 'm'),
('hest06', 11, 2, 5, '1.9', 50, 77, 401, NULL, 71, 'f'),
('hest06', 11, 3, 5, '2.0', 42, 67, 321, NULL, 67, 'f'),
('hest06', 11, 4, 15, '2.1', 9, 72, 335, 17, 73, 'f'),
('hest06', 12, 1, 18, '1.7', 15, 89, 446, 15, 64, 'f'),
('hest06', 12, 2, 13, '2.0', 115, 67, 221, 32, 74, 'm'),
('hest06', 12, 3, 13, '2.3', 74, 75, 115, 25, 71, 'm'),
('hest06', 12, 4, 18, '1.8', 11, 85, 100, 27, 82, 'm'),
('hest06', 13, 1, 21, '1.1', 10, 95, 383, 22, 81, 'f'),
('hest06', 13, 2, 21, '1.1', 13, 97, 237, 39, 79, 'm'),
('hest06', 13, 3, 6, '2.3', 8, 78, 167, NULL, 70, 'm'),
('hest06', 13, 4, 6, '2.2', 15, 66, 332, NULL, 73, 'f'),
('hest06', 14, 1, 13, '2.4', 109, 73, 233, 32, 67, 'm'),
('hest06', 14, 2, 13, '2.0', 94, 74, 99, 33, 64, 'm'),
('hest06', 14, 3, 20, '1.1', 32, 95, 439, 16, 77, 'f'),
('hest06', 14, 4, 20, '1.3', 34, 96, 386, 18, 68, 'f'),
('hest06', 15, 1, 4, '2.1', 84, 77, 76, NULL, 73, 'm'),
('hest06', 15, 2, 4, '2.0', 72, 78, 170, NULL, 71, 'm'),
('hest06', 15, 3, 15, '2.0', 5, 76, 298, 23, 82, 'f'),
('hest06', 15, 4, 15, '2.2', 10, 77, 55, 27, 78, 'm'),
('hest06', 16, 1, 14, '2.3', 22, 74, 148, 38, 75, 'm'),
('hest06', 16, 2, 21, '1.1', 5, 97, 176, 36, 66, 'm'),
('hest06', 16, 3, 21, '1.3', 15, 100, 193, 28, 78, 'm'),
('hest06', 16, 4, 14, '1.9', 33, 71, 216, 27, 67, 'm'),
('hest06', 17, 1, 5, '1.9', 34, 66, 349, NULL, 84, 'f'),
('hest06', 17, 2, 17, '1.5', 23, 90, 143, 26, 90, 'm'),
('hest06', 17, 3, 17, '1.5', 29, 90, 361, 23, 98, 'f'),
('hest06', 17, 4, 5, '2.4', 43, 68, 68, NULL, 86, 'm'),
('hest06', 18, 1, 11, '1.1', 33, 98, 377, NULL, 51, 'f'),
('hest06', 18, 2, 21, '1.3', 11, 97, 442, 13, 57, 'f'),
('hest06', 18, 3, 21, '1.1', 8, 95, 425, 20, 45, 'f'),
('hest06', 18, 4, 11, '1.0', 39, 95, 168, NULL, 48, 'm'),
('hest06', 19, 1, 20, '1.3', 43, 100, 363, 21, 29, 'f'),
('hest06', 19, 2, 16, '1.8', 75, 83, 143, 27, 27, 'm'),
('hest06', 19, 3, 20, '1.1', 38, 96, 369, 22, 34, 'f'),
('hest06', 19, 4, 16, '1.7', 71, 81, 69, 30, 36, 'm'),
('hest06', 20, 1, 14, '2.0', 40, 67, 148, 39, 53, 'm'),
('hest06', 20, 2, 4, '2.2', 102, 76, 281, NULL, 59, 'f'),
('hest06', 20, 3, 4, '2.3', 101, 78, 158, NULL, 54, 'm'),
('hest06', 20, 4, 14, '2.2', 30, 79, 125, 36, 48, 'm'),
('hest06', 21, 1, 8, '1.5', 36, 90, 65, NULL, 91, 'm'),
('hest06', 21, 2, 20, '1.1', 23, 99, 160, 28, 96, 'm'),
('hest06', 21, 3, 8, '1.7', 43, 84, 345, NULL, 84, 'f'),
('hest06', 21, 4, 20, '1.1', 37, 95, 442, 20, 102, 'f'),
('hest06', 22, 1, 9, '1.6', 6, 86, 365, NULL, 26, 'f'),
('hest06', 22, 2, 4, '2.4', 110, 79, 116, NULL, 32, 'm'),
('hest06', 22, 3, 9, '1.5', 10, 91, 332, NULL, 39, 'f'),
('hest06', 22, 4, 4, '2.0', 107, 68, 287, NULL, 40, 'f'),
('hest06', 23, 1, 4, '2.4', 73, 72, 379, NULL, 99, 'f'),
('hest06', 23, 2, 11, '1.1', 25, 100, 107, NULL, 101, 'm'),
('hest06', 23, 3, 4, '2.3', 114, 76, 335, NULL, 90, 'f'),
('hest06', 23, 4, 11, '1.3', 48, 98, 144, NULL, 94, 'm'),
('hest06', 24, 1, 4, '2.0', 78, 79, 59, NULL, 65, 'm'),
('hest06', 24, 2, 8, '1.6', 35, 84, 211, NULL, 73, 'm'),
('hest06', 24, 3, 8, '1.5', 21, 92, 448, NULL, 72, 'f'),
('hest06', 24, 4, 4, '2.1', 93, 69, 424, NULL, 79, 'f'),
('hest06', 25, 1, 7, '1.6', 107, 88, 299, NULL, 96, 'f'),
('hest06', 25, 2, 11, '1.2', 32, 95, 439, NULL, 98, 'f'),
('hest06', 25, 3, 7, '1.7', 107, 89, 316, NULL, 101, 'f'),
('hest06', 25, 4, 11, '1.2', 28, 97, 292, NULL, 92, 'f'),
('hest06', 26, 1, 16, '1.5', 89, 88, 275, 18, 56, 'f'),
('hest06', 26, 2, 21, '1.1', 7, 95, 72, 29, 48, 'm'),
('hest06', 26, 3, 21, '1.0', 14, 97, 62, 26, 43, 'm'),
('hest06', 26, 4, 16, '1.8', 103, 83, 340, 17, 45, 'f'),
('hest06', 27, 1, 13, '1.9', 81, 74, 368, 18, 68, 'f'),
('hest06', 27, 2, 21, '1.2', 8, 99, 407, 11, 79, 'f'),
('hest06', 27, 3, 21, '1.1', 14, 98, 141, 38, 67, 'm'),
('hest06', 27, 4, 13, '2.1', 112, 70, 129, 35, 78, 'm'),
('hest06', 28, 1, 9, '1.5', 10, 81, 399, NULL, 42, 'f'),
('hest06', 28, 2, 21, '1.2', 7, 100, 83, 29, 25, 'm'),
('hest06', 28, 3, 9, '1.7', 7, 80, 424, NULL, 26, 'f'),
('hest06', 28, 4, 21, '1.1', 12, 96, 408, 15, 34, 'f'),
('hest06', 29, 1, 14, '2.0', 34, 74, 268, 17, 31, 'f'),
('hest06', 29, 2, 18, '1.5', 5, 85, 410, 23, 42, 'f'),
('hest06', 29, 3, 14, '2.2', 20, 73, 384, 19, 26, 'f'),
('hest06', 29, 4, 18, '1.7', 13, 88, 59, 29, 29, 'm'),
('hest06', 30, 1, 12, '1.2', 9, 96, 250, NULL, 100, 'f'),
('hest06', 30, 2, 4, '1.9', 100, 73, 216, NULL, 102, 'm'),
('hest06', 30, 3, 12, '1.2', 6, 100, 314, NULL, 83, 'f'),
('hest06', 30, 4, 4, '2.3', 100, 71, 241, NULL, 97, 'm'),
('hest06', 31, 1, 13, '2.0', 103, 73, 177, 36, 93, 'm'),
('hest06', 31, 2, 13, '2.2', 90, 73, 168, 32, 85, 'm'),
('hest06', 31, 3, 17, '1.7', 32, 80, 447, 20, 84, 'f'),
('hest06', 31, 4, 17, '1.4', 39, 89, 239, 25, 89, 'm'),
('hest06', 32, 1, 17, '1.4', 48, 90, 287, 20, 70, 'f'),
('hest06', 32, 2, 17, '1.8', 41, 85, 204, 27, 74, 'm'),
('hest06', 32, 3, 21, '1.1', 15, 98, 444, 15, 66, 'f'),
('hest06', 32, 4, 21, '1.3', 14, 99, 212, 25, 76, 'm'),
('hest06', 33, 1, 16, '1.5', 120, 90, 273, 20, 38, 'f'),
('hest06', 33, 2, 4, '2.2', 86, 70, 233, NULL, 28, 'm'),
('hest06', 33, 3, 4, '2.3', 108, 70, 355, NULL, 41, 'f'),
('hest06', 33, 4, 16, '1.5', 117, 80, 107, 26, 40, 'm'),
('hest06', 34, 1, 5, '2.3', 38, 78, 76, NULL, 37, 'm'),
('hest06', 34, 2, 12, '1.2', 9, 98, 236, NULL, 38, 'm'),
('hest06', 34, 3, 12, '1.2', 10, 98, 348, NULL, 28, 'f'),
('hest06', 34, 4, 5, '2.1', 24, 70, 71, NULL, 29, 'm'),
('hest06', 35, 1, 12, '1.1', 6, 96, 347, NULL, 55, 'f'),
('hest06', 35, 2, 8, '1.8', 24, 89, 332, NULL, 61, 'f'),
('hest06', 35, 3, 12, '1.3', 6, 100, 153, NULL, 54, 'm'),
('hest06', 35, 4, 8, '1.7', 38, 84, 74, NULL, 60, 'm'),
('hest06', 36, 1, 12, '1.3', 14, 95, 308, NULL, 48, 'f'),
('hest06', 36, 2, 7, '1.4', 96, 88, 295, NULL, 61, 'f'),
('hest06', 36, 3, 12, '1.0', 8, 97, 274, NULL, 59, 'f'),
('hest06', 36, 4, 7, '1.8', 112, 94, 282, NULL, 44, 'f'),
('irrk01', 1, 1, 13, '1.9', 85, 79, 275, 12, 91, 'f'),
('irrk01', 1, 2, 18, '1.8', 5, 93, 155, 30, 99, 'm'),
('irrk01', 1, 3, 13, '2.3', 73, 75, 418, 22, 98, 'f'),
('irrk01', 1, 4, 18, '1.7', 9, 84, 383, 11, 100, 'f'),
('irrk01', 2, 1, 5, '2.2', 38, 69, 163, NULL, 72, 'm'),
('irrk01', 2, 2, 12, '1.2', 9, 97, 296, NULL, 80, 'f'),
('irrk01', 2, 3, 12, '1.1', 10, 97, 370, NULL, 65, 'f'),
('irrk01', 2, 4, 5, '2.0', 39, 66, 267, NULL, 68, 'f'),
('irrk01', 3, 1, 11, '1.2', 23, 97, 315, NULL, 62, 'f'),
('irrk01', 3, 2, 4, '2.3', 93, 73, 259, NULL, 45, 'f'),
('irrk01', 3, 3, 4, '2.3', 88, 66, 326, NULL, 58, 'f'),
('irrk01', 3, 4, 11, '1.1', 43, 97, 125, NULL, 53, 'm'),
('irrk01', 4, 1, 18, '1.5', 14, 88, 185, 25, 54, 'm'),
('irrk01', 4, 2, 8, '1.5', 22, 87, 354, NULL, 59, 'f'),
('irrk01', 4, 3, 18, '1.7', 13, 82, 186, 40, 43, 'm'),
('irrk01', 4, 4, 8, '1.4', 22, 82, 161, NULL, 62, 'm'),
('irrk01', 5, 1, 9, '1.8', 10, 89, 97, NULL, 30, 'm'),
('irrk01', 5, 2, 5, '2.3', 44, 72, 354, NULL, 37, 'f'),
('irrk01', 5, 3, 9, '1.6', 9, 83, 189, NULL, 29, 'm'),
('irrk01', 5, 4, 5, '2.2', 26, 68, 185, NULL, 41, 'm'),
('irrk01', 6, 1, 13, '2.3', 98, 66, 338, 17, 81, 'f'),
('irrk01', 6, 2, 13, '2.1', 113, 70, 408, 19, 82, 'f'),
('irrk01', 6, 3, 20, '1.2', 22, 98, 247, 27, 77, 'm'),
('irrk01', 6, 4, 20, '1.0', 31, 99, 130, 30, 67, 'm'),
('irrk01', 7, 1, 16, '1.6', 117, 90, 69, 34, 39, 'm'),
('irrk01', 7, 2, 20, '1.0', 39, 95, 131, 39, 28, 'm'),
('irrk01', 7, 3, 16, '1.8', 101, 92, 370, 18, 35, 'f'),
('irrk01', 7, 4, 20, '1.1', 47, 96, 349, 16, 31, 'f'),
('irrk01', 8, 1, 4, '1.9', 101, 79, 87, NULL, 65, 'm'),
('irrk01', 8, 2, 16, '1.7', 75, 83, 366, 23, 81, 'f'),
('irrk01', 8, 3, 4, '2.2', 99, 76, 80, NULL, 78, 'm'),
('irrk01', 8, 4, 16, '1.7', 101, 89, 352, 19, 76, 'f'),
('irrk01', 9, 1, 4, '2.2', 81, 79, 122, NULL, 70, 'm'),
('irrk01', 9, 2, 12, '1.3', 10, 99, 338, NULL, 66, 'f'),
('irrk01', 9, 3, 4, '1.9', 109, 78, 78, NULL, 71, 'm'),
('irrk01', 9, 4, 12, '1.2', 6, 96, 210, NULL, 78, 'm'),
('irrk01', 10, 1, 21, '1.3', 10, 95, 128, 41, 83, 'm'),
('irrk01', 10, 2, 21, '1.1', 5, 100, 231, 26, 101, 'm'),
('irrk01', 10, 3, 10, '1.3', 115, 96, 434, NULL, 92, 'f'),
('irrk01', 10, 4, 10, '1.1', 104, 96, 374, NULL, 91, 'f'),
('irrk01', 11, 1, 21, '1.2', 13, 97, 95, 38, 40, 'm'),
('irrk01', 11, 2, 21, '1.0', 15, 95, 102, 37, 30, 'm'),
('irrk01', 11, 3, 13, '2.1', 89, 71, 60, 29, 32, 'm'),
('irrk01', 11, 4, 13, '2.4', 88, 67, 340, 11, 37, 'f'),
('irrk01', 12, 1, 7, '1.8', 101, 93, 154, NULL, 71, 'm'),
('irrk01', 12, 2, 18, '1.8', 12, 89, 183, 32, 70, 'm'),
('irrk01', 12, 3, 7, '1.6', 107, 81, 116, NULL, 66, 'm'),
('irrk01', 12, 4, 18, '1.8', 5, 83, 269, 23, 81, 'f'),
('irrk01', 13, 1, 19, '1.0', 101, 100, 145, 38, 31, 'm'),
('irrk01', 13, 2, 4, '1.9', 99, 75, 196, NULL, 33, 'm'),
('irrk01', 13, 3, 19, '1.1', 84, 100, 102, 33, 34, 'm'),
('irrk01', 13, 4, 4, '1.9', 112, 68, 146, NULL, 29, 'm'),
('irrk01', 14, 1, 5, '2.3', 33, 71, 441, NULL, 57, 'f'),
('irrk01', 14, 2, 5, '2.3', 42, 71, 222, NULL, 59, 'm'),
('irrk01', 14, 3, 15, '2.0', 8, 74, 247, 40, 43, 'm'),
('irrk01', 14, 4, 5, '2.1', 42, 76, 282, NULL, 51, 'f'),
('irrk01', 15, 1, 21, '1.3', 15, 96, 442, 14, 46, 'f'),
('irrk01', 15, 2, 11, '1.2', 42, 95, 143, NULL, 47, 'm'),
('irrk01', 15, 3, 21, '1.3', 11, 100, 391, 16, 56, 'f'),
('irrk01', 15, 4, 11, '1.3', 43, 96, 321, NULL, 43, 'f'),
('irrk01', 16, 1, 17, '1.7', 30, 90, 213, 32, 63, 'm'),
('irrk01', 16, 2, 21, '1.3', 15, 96, 195, 41, 78, 'm'),
('irrk01', 16, 3, 21, '1.3', 14, 95, 138, 29, 81, 'm'),
('irrk01', 16, 4, 17, '1.6', 32, 81, 104, 28, 69, 'm'),
('irrk01', 17, 1, 4, '1.9', 115, 69, 279, NULL, 76, 'f'),
('irrk01', 17, 2, 14, '1.9', 33, 79, 212, 39, 79, 'm'),
('irrk01', 17, 3, 14, '2.4', 50, 77, 142, 33, 68, 'm'),
('irrk01', 17, 4, 4, '2.1', 119, 79, 366, NULL, 74, 'f'),
('irrk01', 18, 1, 9, '1.8', 10, 83, 55, NULL, 49, 'm'),
('irrk01', 18, 2, 4, '2.3', 99, 71, 312, NULL, 46, 'f'),
('irrk01', 18, 3, 4, '2.1', 85, 69, 268, NULL, 56, 'f'),
('irrk01', 18, 4, 9, '1.7', 13, 88, 432, NULL, 60, 'f'),
('irrk01', 19, 1, 17, '1.6', 27, 87, 438, 17, 32, 'f'),
('irrk01', 19, 2, 17, '1.6', 45, 81, 164, 29, 31, 'm'),
('irrk01', 19, 3, 7, '1.8', 112, 94, 269, NULL, 23, 'f'),
('irrk01', 19, 4, 7, '1.4', 80, 92, 407, NULL, 42, 'f'),
('irrk01', 20, 1, 17, '1.4', 33, 94, 228, 40, 63, 'm'),
('irrk01', 20, 2, 13, '2.0', 118, 75, 350, 14, 64, 'f'),
('irrk01', 20, 3, 13, '2.4', 118, 68, 182, 29, 66, 'm'),
('irrk01', 20, 4, 17, '1.7', 50, 89, 169, 31, 81, 'm'),
('irrk01', 21, 1, 12, '1.3', 7, 96, 107, NULL, 73, 'm'),
('irrk01', 21, 2, 7, '1.4', 82, 92, 386, NULL, 66, 'f'),
('irrk01', 21, 3, 7, '1.5', 108, 81, 237, NULL, 70, 'm'),
('irrk01', 21, 4, 12, '1.0', 14, 95, 406, NULL, 72, 'f'),
('irrk01', 22, 1, 8, '1.6', 45, 80, 123, NULL, 83, 'm'),
('irrk01', 22, 2, 20, '1.0', 45, 100, 261, 12, 85, 'f'),
('irrk01', 22, 3, 8, '1.7', 22, 82, 351, NULL, 86, 'f'),
('irrk01', 22, 4, 20, '1.1', 46, 95, 318, 16, 99, 'f'),
('irrk01', 23, 1, 5, '1.9', 21, 78, 293, NULL, 96, 'f'),
('irrk01', 23, 2, 20, '1.0', 41, 95, 405, 22, 100, 'f'),
('irrk01', 23, 3, 5, '1.9', 50, 76, 211, NULL, 97, 'm'),
('irrk01', 23, 4, 20, '1.3', 33, 97, 389, 19, 84, 'f'),
('irrk01', 24, 1, 9, '1.4', 5, 80, 163, NULL, 59, 'm'),
('irrk01', 24, 2, 9, '1.6', 10, 92, 172, NULL, 55, 'm'),
('irrk01', 24, 3, 21, '1.2', 8, 97, 338, 22, 58, 'f'),
('irrk01', 24, 4, 21, '1.2', 12, 96, 434, 20, 49, 'f'),
('irrk01', 25, 1, 18, '1.4', 7, 81, 421, 18, 42, 'f'),
('irrk01', 25, 2, 6, '2.2', 9, 75, 353, NULL, 24, 'f'),
('irrk01', 25, 3, 18, '1.7', 15, 83, 163, 33, 30, 'm'),
('irrk01', 25, 4, 6, '2.4', 10, 71, 209, NULL, 37, 'm'),
('irrk01', 26, 1, 8, '1.5', 39, 94, 80, NULL, 25, 'm'),
('irrk01', 26, 2, 12, '1.2', 8, 100, 169, NULL, 32, 'm'),
('irrk01', 26, 3, 12, '1.3', 8, 96, 102, NULL, 27, 'm'),
('irrk01', 26, 4, 8, '1.7', 47, 94, 420, NULL, 41, 'f'),
('irrk01', 27, 1, 8, '1.8', 30, 90, 334, NULL, 24, 'f'),
('irrk01', 27, 2, 4, '2.3', 85, 66, 153, NULL, 28, 'm'),
('irrk01', 27, 3, 4, '2.3', 99, 75, 263, NULL, 34, 'f'),
('irrk01', 27, 4, 8, '1.6', 20, 81, 159, NULL, 32, 'm'),
('irrk01', 28, 1, 7, '1.8', 80, 94, 222, NULL, 70, 'm'),
('irrk01', 28, 2, 11, '1.2', 26, 98, 387, NULL, 77, 'f'),
('irrk01', 28, 3, 7, '1.5', 106, 83, 202, NULL, 69, 'm'),
('irrk01', 28, 4, 11, '1.1', 40, 95, 335, NULL, 72, 'f'),
('irrk01', 29, 1, 19, '1.0', 96, 98, 403, 20, 84, 'f'),
('irrk01', 29, 2, 7, '1.7', 92, 93, 49, NULL, 99, 'm'),
('irrk01', 29, 3, 19, '1.0', 76, 97, 356, 17, 93, 'f'),
('irrk01', 29, 4, 7, '1.8', 87, 84, 445, NULL, 89, 'f'),
('irrk01', 30, 1, 20, '1.1', 50, 98, 387, 21, 63, 'f'),
('irrk01', 30, 2, 20, '1.1', 31, 95, 155, 31, 72, 'm'),
('irrk01', 30, 3, 10, '1.2', 84, 97, 360, NULL, 78, 'f'),
('irrk01', 30, 4, 10, '1.0', 90, 97, 307, NULL, 75, 'f'),
('irrk01', 31, 1, 15, '2.0', 13, 77, 370, 19, 99, 'f'),
('irrk01', 31, 2, 4, '2.4', 111, 78, 334, NULL, 88, 'f'),
('irrk01', 31, 3, 4, '2.1', 88, 73, 412, NULL, 96, 'f'),
('irrk01', 31, 4, 15, '2.4', 11, 78, 269, 13, 92, 'f'),
('irrk01', 32, 1, 18, '1.7', 7, 88, 411, 11, 35, 'f'),
('irrk01', 32, 2, 14, '1.9', 34, 75, 184, 40, 29, 'm'),
('irrk01', 32, 3, 14, '2.4', 42, 67, 72, 32, 40, 'm'),
('irrk01', 32, 4, 18, '1.6', 13, 87, 349, 16, 24, 'f'),
('irrk01', 33, 1, 21, '1.0', 7, 100, 105, 36, 74, 'm'),
('irrk01', 33, 2, 14, '2.1', 36, 67, 52, 35, 81, 'm'),
('irrk01', 33, 3, 21, '1.2', 12, 96, 371, 19, 78, 'f'),
('irrk01', 33, 4, 14, '2.2', 30, 78, 88, 38, 70, 'm'),
('irrk01', 34, 1, 5, '2.4', 26, 79, 135, NULL, 98, 'm'),
('irrk01', 34, 2, 17, '1.6', 50, 91, 220, 32, 92, 'm'),
('irrk01', 34, 3, 17, '1.7', 45, 89, 161, 30, 87, 'm'),
('irrk01', 34, 4, 5, '2.0', 43, 73, 436, NULL, 97, 'f'),
('irrk01', 35, 1, 6, '2.1', 9, 70, 318, NULL, 35, 'f'),
('irrk01', 35, 2, 21, '1.2', 8, 100, 366, 17, 27, 'f'),
('irrk01', 35, 3, 21, '1.0', 11, 99, 217, 27, 33, 'm'),
('irrk01', 35, 4, 6, '2.1', 8, 77, 113, NULL, 37, 'm'),
('irrk01', 36, 1, 16, '1.7', 95, 87, 375, 12, 28, 'f'),
('irrk01', 36, 2, 21, '1.1', 7, 98, 372, 11, 31, 'f'),
('irrk01', 36, 3, 16, '1.8', 102, 90, 50, 33, 30, 'm'),
('irrk01', 36, 4, 21, '1.2', 9, 98, 288, 16, 26, 'f'),
('juan29', 1, 1, 11, '1.3', 45, 97, 405, NULL, 47, 'f'),
('juan29', 1, 2, 21, '1.0', 8, 99, 440, 18, 60, 'f'),
('juan29', 1, 3, 11, '1.3', 24, 100, 55, NULL, 49, 'm'),
('juan29', 1, 4, 21, '1.2', 11, 98, 349, 12, 53, 'f'),
('juan29', 2, 1, 10, '1.1', 103, 100, 156, NULL, 25, 'm'),
('juan29', 2, 2, 20, '1.3', 29, 96, 331, 14, 26, 'f'),
('juan29', 2, 3, 20, '1.3', 22, 98, 362, 12, 37, 'f'),
('juan29', 2, 4, 10, '1.1', 110, 98, 323, NULL, 35, 'f'),
('juan29', 3, 1, 14, '2.2', 43, 69, 427, 19, 86, 'f'),
('juan29', 3, 2, 14, '2.1', 40, 69, 295, 21, 87, 'f'),
('juan29', 3, 3, 4, '2.3', 120, 76, 80, NULL, 88, 'm'),
('juan29', 3, 4, 4, '2.1', 98, 77, 437, NULL, 85, 'f'),
('juan29', 4, 1, 18, '1.8', 5, 80, 96, 28, 34, 'm'),
('juan29', 4, 2, 6, '2.1', 9, 70, 350, NULL, 41, 'f'),
('juan29', 4, 3, 18, '1.7', 14, 85, 286, 14, 28, 'f'),
('juan29', 4, 4, 6, '2.1', 13, 66, 238, NULL, 30, 'm'),
('juan29', 5, 1, 15, '2.4', 10, 70, 188, 26, 59, 'm'),
('juan29', 5, 2, 4, '2.2', 103, 74, 433, NULL, 47, 'f'),
('juan29', 5, 3, 15, '1.9', 10, 75, 330, 22, 55, 'f'),
('juan29', 5, 4, 4, '2.0', 113, 79, 83, NULL, 53, 'm'),
('juan29', 6, 1, 20, '1.1', 39, 100, 419, 13, 50, 'f'),
('juan29', 6, 2, 20, '1.2', 50, 98, 399, 20, 58, 'f'),
('juan29', 6, 3, 5, '2.2', 39, 71, 162, NULL, 55, 'm'),
('juan29', 6, 4, 5, '1.9', 50, 66, 156, NULL, 48, 'm'),
('juan29', 7, 1, 4, '1.9', 73, 79, 219, NULL, 82, 'm'),
('juan29', 7, 2, 4, '1.9', 94, 75, 141, NULL, 65, 'm'),
('juan29', 7, 3, 16, '1.8', 109, 86, 251, 18, 80, 'f'),
('juan29', 7, 4, 16, '1.4', 88, 89, 362, 11, 69, 'f'),
('juan29', 8, 1, 9, '1.8', 8, 94, 320, NULL, 55, 'f'),
('juan29', 8, 2, 9, '1.8', 6, 92, 103, NULL, 56, 'm'),
('juan29', 8, 3, 5, '2.2', 36, 72, 371, NULL, 47, 'f'),
('juan29', 8, 4, 5, '2.0', 48, 70, 87, NULL, 46, 'm'),
('juan29', 9, 1, 4, '1.9', 118, 66, 258, NULL, 75, 'f'),
('juan29', 9, 2, 8, '1.6', 40, 83, 338, NULL, 74, 'f'),
('juan29', 9, 3, 8, '1.4', 45, 87, 400, NULL, 69, 'f'),
('juan29', 9, 4, 4, '2.0', 102, 66, 179, NULL, 65, 'm'),
('juan29', 10, 1, 13, '2.2', 80, 76, 68, 39, 46, 'm'),
('juan29', 10, 2, 13, '2.1', 106, 74, 150, 30, 52, 'm'),
('juan29', 10, 3, 21, '1.1', 14, 96, 335, 16, 48, 'f'),
('juan29', 10, 4, 21, '1.1', 7, 96, 405, 24, 55, 'f'),
('juan29', 11, 1, 4, '2.4', 72, 78, 66, NULL, 93, 'm'),
('juan29', 11, 2, 4, '1.9', 84, 72, 144, NULL, 83, 'm'),
('juan29', 11, 3, 12, '1.1', 12, 99, 166, NULL, 86, 'm'),
('juan29', 11, 4, 12, '1.3', 9, 99, 333, NULL, 87, 'f'),
('juan29', 12, 1, 4, '2.4', 97, 72, 268, NULL, 24, 'f'),
('juan29', 12, 2, 11, '1.1', 48, 100, 306, NULL, 33, 'f'),
('juan29', 12, 3, 11, '1.2', 45, 98, 280, NULL, 32, 'f'),
('juan29', 12, 4, 4, '2.2', 117, 70, 193, NULL, 35, 'm'),
('juan29', 13, 1, 16, '1.6', 96, 89, 141, 29, 27, 'm'),
('juan29', 13, 2, 16, '1.5', 105, 90, 247, 27, 39, 'm'),
('juan29', 13, 3, 20, '1.3', 21, 100, 97, 33, 36, 'm'),
('juan29', 13, 4, 20, '1.1', 26, 98, 110, 34, 41, 'm'),
('juan29', 14, 1, 20, '1.1', 45, 100, 201, 27, 84, 'm'),
('juan29', 14, 2, 20, '1.3', 47, 97, 354, 21, 99, 'f'),
('juan29', 14, 3, 13, '2.0', 87, 75, 272, 18, 95, 'f'),
('juan29', 14, 4, 13, '2.4', 113, 66, 417, 14, 87, 'f'),
('juan29', 15, 1, 21, '1.3', 5, 95, 108, 35, 79, 'm'),
('juan29', 15, 2, 17, '1.5', 23, 86, 205, 40, 78, 'm'),
('juan29', 15, 3, 17, '1.8', 43, 86, 272, 23, 69, 'f'),
('juan29', 15, 4, 21, '1.2', 9, 97, 313, 22, 65, 'f'),
('juan29', 16, 1, 5, '2.1', 20, 70, 78, NULL, 30, 'm'),
('juan29', 16, 2, 12, '1.3', 5, 95, 254, NULL, 24, 'f'),
('juan29', 16, 3, 5, '2.4', 33, 73, 61, NULL, 28, 'm'),
('juan29', 16, 4, 12, '1.1', 8, 100, 203, NULL, 39, 'm'),
('juan29', 17, 1, 10, '1.1', 114, 99, 107, NULL, 83, 'm'),
('juan29', 17, 2, 10, '1.3', 104, 98, 70, NULL, 90, 'm'),
('juan29', 17, 3, 21, '1.3', 9, 99, 93, 40, 86, 'm'),
('juan29', 17, 4, 21, '1.0', 6, 95, 385, 21, 101, 'f'),
('juan29', 18, 1, 7, '1.5', 86, 82, 273, NULL, 98, 'f'),
('juan29', 18, 2, 17, '1.5', 33, 91, 146, 38, 99, 'm'),
('juan29', 18, 3, 17, '1.5', 39, 80, 189, 33, 97, 'm'),
('juan29', 18, 4, 7, '1.7', 70, 84, 140, NULL, 83, 'm'),
('juan29', 19, 1, 11, '1.0', 47, 96, 431, NULL, 53, 'f'),
('juan29', 19, 2, 7, '1.4', 97, 83, 130, NULL, 44, 'm'),
('juan29', 19, 3, 7, '1.5', 93, 89, 249, NULL, 57, 'f'),
('juan29', 19, 4, 11, '1.2', 43, 95, 223, NULL, 56, 'm'),
('juan29', 20, 1, 5, '2.0', 27, 72, 159, NULL, 96, 'm'),
('juan29', 20, 2, 5, '1.9', 36, 68, 112, NULL, 84, 'm'),
('juan29', 20, 3, 5, '2.2', 40, 68, 228, NULL, 93, 'm'),
('juan29', 20, 4, 15, '2.4', 13, 74, 376, 17, 99, 'f'),
('juan29', 21, 1, 19, '1.2', 101, 95, 251, 23, 72, 'f'),
('juan29', 21, 2, 19, '1.0', 115, 99, 302, 17, 67, 'f'),
('juan29', 21, 3, 4, '2.0', 114, 73, 78, NULL, 75, 'm'),
('juan29', 21, 4, 4, '2.2', 99, 68, 358, NULL, 64, 'f'),
('juan29', 22, 1, 18, '1.8', 9, 89, 321, 23, 51, 'f'),
('juan29', 22, 2, 18, '1.4', 14, 93, 447, 14, 46, 'f'),
('juan29', 22, 3, 8, '1.4', 42, 93, 386, NULL, 59, 'f'),
('juan29', 22, 4, 8, '1.7', 41, 88, 396, NULL, 62, 'f'),
('juan29', 23, 1, 7, '1.6', 87, 86, 83, NULL, 38, 'm'),
('juan29', 23, 2, 7, '1.6', 118, 89, 136, NULL, 25, 'm'),
('juan29', 23, 3, 18, '1.7', 15, 86, 200, 40, 31, 'm'),
('juan29', 23, 4, 18, '1.7', 9, 89, 424, 16, 26, 'f'),
('juan29', 24, 1, 16, '1.7', 118, 86, 378, 14, 67, 'f'),
('juan29', 24, 2, 21, '1.0', 14, 99, 271, 16, 64, 'f'),
('juan29', 24, 3, 21, '1.3', 8, 100, 407, 18, 69, 'f'),
('juan29', 24, 4, 16, '1.4', 102, 86, 127, 32, 78, 'm'),
('juan29', 25, 1, 12, '1.0', 13, 96, 407, NULL, 76, 'f'),
('juan29', 25, 2, 7, '1.8', 111, 84, 196, NULL, 80, 'm'),
('juan29', 25, 3, 7, '1.5', 109, 82, 164, NULL, 68, 'm'),
('juan29', 25, 4, 12, '1.1', 10, 95, 65, NULL, 71, 'm'),
('juan29', 26, 1, 7, '1.6', 81, 86, 126, NULL, 39, 'm'),
('juan29', 26, 2, 7, '1.6', 99, 85, 357, NULL, 35, 'f'),
('juan29', 26, 3, 19, '1.2', 115, 96, 347, 18, 33, 'f'),
('juan29', 26, 4, 19, '1.3', 70, 96, 320, 16, 23, 'f'),
('juan29', 27, 1, 17, '1.5', 48, 88, 120, 25, 73, 'm'),
('juan29', 27, 2, 17, '1.7', 50, 86, 107, 41, 76, 'm'),
('juan29', 27, 3, 13, '2.4', 89, 67, 188, 30, 77, 'm'),
('juan29', 27, 4, 13, '2.3', 119, 79, 242, 35, 69, 'm'),
('juan29', 28, 1, 8, '1.6', 45, 93, 271, NULL, 43, 'f'),
('juan29', 28, 2, 20, '1.0', 47, 98, 412, 17, 60, 'f'),
('juan29', 28, 3, 20, '1.1', 24, 95, 103, 29, 50, 'm'),
('juan29', 28, 4, 8, '1.6', 21, 86, 296, NULL, 61, 'f'),
('juan29', 29, 1, 8, '1.4', 23, 93, 93, NULL, 38, 'm'),
('juan29', 29, 2, 8, '1.8', 31, 83, 164, NULL, 29, 'm'),
('juan29', 29, 3, 12, '1.2', 8, 98, 311, NULL, 25, 'f'),
('juan29', 29, 4, 12, '1.0', 10, 98, 364, NULL, 23, 'f'),
('juan29', 30, 1, 14, '1.9', 39, 79, 326, 15, 90, 'f'),
('juan29', 30, 2, 21, '1.1', 8, 100, 196, 30, 98, 'm'),
('juan29', 30, 3, 21, '1.2', 10, 98, 440, 21, 84, 'f'),
('juan29', 30, 4, 14, '1.9', 21, 69, 230, 27, 96, 'm'),
('juan29', 31, 1, 18, '1.4', 13, 88, 366, 16, 88, 'f'),
('juan29', 31, 2, 18, '1.6', 13, 80, 159, 39, 94, 'm'),
('juan29', 31, 3, 14, '1.9', 24, 76, 341, 14, 95, 'f'),
('juan29', 31, 4, 14, '2.0', 26, 71, 416, 17, 96, 'f'),
('juan29', 32, 1, 21, '1.0', 5, 99, 287, 22, 50, 'f'),
('juan29', 32, 2, 21, '1.3', 15, 100, 387, 23, 43, 'f'),
('juan29', 32, 3, 9, '1.4', 13, 80, 105, NULL, 58, 'm'),
('juan29', 32, 4, 9, '1.4', 12, 87, 428, NULL, 56, 'f'),
('juan29', 33, 1, 9, '1.8', 12, 84, 356, NULL, 42, 'f'),
('juan29', 33, 2, 9, '1.8', 10, 89, 107, NULL, 36, 'm'),
('juan29', 33, 3, 4, '2.0', 81, 77, 390, NULL, 34, 'f'),
('juan29', 33, 4, 4, '2.2', 113, 77, 447, NULL, 29, 'f'),
('juan29', 34, 1, 21, '1.2', 10, 96, 347, 20, 92, 'f'),
('juan29', 34, 2, 6, '2.3', 10, 73, 169, NULL, 100, 'm'),
('juan29', 34, 3, 21, '1.0', 6, 99, 177, 27, 97, 'm'),
('juan29', 34, 4, 6, '2.0', 11, 79, 301, NULL, 102, 'f'),
('juan29', 35, 1, 13, '1.9', 110, 71, 283, 12, 99, 'f'),
('juan29', 35, 2, 18, '1.7', 15, 94, 171, 32, 100, 'm'),
('juan29', 35, 3, 18, '1.6', 9, 91, 174, 35, 95, 'm'),
('juan29', 35, 4, 13, '2.2', 115, 74, 392, 11, 83, 'f'),
('juan29', 36, 1, 5, '1.9', 34, 75, 265, NULL, 89, 'f'),
('juan29', 36, 2, 17, '1.4', 43, 82, 351, 13, 93, 'f'),
('juan29', 36, 3, 5, '2.3', 28, 68, 444, NULL, 101, 'f'),
('juan29', 36, 4, 17, '1.6', 24, 80, 126, 27, 88, 'm'),
('jurd09', 1, 1, 5, '2.0', 35, 77, 113, NULL, 43, 'm'),
('jurd09', 1, 2, 5, '2.1', 35, 68, 307, NULL, 50, 'f'),
('jurd09', 1, 3, 17, '1.7', 25, 89, 209, 31, 47, 'm'),
('jurd09', 1, 4, 17, '1.7', 22, 80, 273, 11, 45, 'f'),
('jurd09', 2, 1, 5, '2.2', 25, 68, 128, NULL, 47, 'm'),
('jurd09', 2, 2, 5, '2.4', 45, 71, 218, NULL, 56, 'm'),
('jurd09', 2, 3, 20, '1.1', 20, 95, 113, 41, 48, 'm'),
('jurd09', 2, 4, 20, '1.2', 50, 95, 174, 32, 50, 'm'),
('jurd09', 3, 1, 15, '2.2', 14, 69, 158, 41, 50, 'm'),
('jurd09', 3, 2, 5, '2.2', 20, 76, 328, NULL, 58, 'f'),
('jurd09', 3, 3, 5, '2.0', 48, 67, 241, NULL, 59, 'm'),
('jurd09', 3, 4, 5, '2.2', 42, 75, 100, NULL, 46, 'm'),
('jurd09', 4, 1, 17, '1.5', 32, 87, 410, 18, 51, 'f'),
('jurd09', 4, 2, 21, '1.3', 6, 98, 395, 21, 53, 'f'),
('jurd09', 4, 3, 17, '1.4', 31, 91, 69, 37, 58, 'm'),
('jurd09', 4, 4, 21, '1.2', 10, 98, 137, 31, 62, 'm'),
('jurd09', 5, 1, 6, '2.0', 12, 74, 292, NULL, 69, 'f'),
('jurd09', 5, 2, 18, '1.5', 7, 90, 257, 18, 76, 'f'),
('jurd09', 5, 3, 6, '2.3', 7, 67, 293, NULL, 68, 'f'),
('jurd09', 5, 4, 18, '1.6', 6, 84, 203, 36, 70, 'm'),
('jurd09', 6, 1, 16, '1.8', 110, 91, 350, 21, 77, 'f'),
('jurd09', 6, 2, 20, '1.3', 28, 95, 242, 30, 73, 'm'),
('jurd09', 6, 3, 16, '1.5', 103, 82, 396, 22, 70, 'f'),
('jurd09', 6, 4, 20, '1.0', 31, 95, 233, 35, 67, 'm'),
('jurd09', 7, 1, 7, '1.4', 95, 92, 247, NULL, 29, 'm'),
('jurd09', 7, 2, 19, '1.0', 104, 100, 318, 24, 35, 'f'),
('jurd09', 7, 3, 7, '1.8', 113, 94, 322, NULL, 38, 'f'),
('jurd09', 7, 4, 19, '1.3', 106, 96, 135, 26, 33, 'm'),
('jurd09', 8, 1, 18, '1.6', 10, 92, 87, 32, 46, 'm'),
('jurd09', 8, 2, 18, '1.6', 12, 85, 328, 12, 48, 'f'),
('jurd09', 8, 3, 14, '2.0', 30, 73, 111, 27, 54, 'm'),
('jurd09', 8, 4, 14, '2.2', 38, 73, 213, 26, 50, 'm'),
('jurd09', 9, 1, 20, '1.2', 41, 96, 308, 18, 68, 'f'),
('jurd09', 9, 2, 8, '1.5', 32, 87, 128, NULL, 78, 'm'),
('jurd09', 9, 3, 8, '1.8', 42, 89, 386, NULL, 66, 'f'),
('jurd09', 9, 4, 20, '1.2', 28, 95, 364, 21, 76, 'f'),
('jurd09', 10, 1, 17, '1.7', 39, 80, 414, 18, 24, 'f'),
('jurd09', 10, 2, 17, '1.4', 30, 80, 330, 12, 37, 'f'),
('jurd09', 10, 3, 13, '2.2', 75, 78, 268, 13, 32, 'f'),
('jurd09', 10, 4, 13, '2.4', 117, 78, 266, 19, 36, 'f'),
('jurd09', 11, 1, 18, '1.6', 11, 85, 156, 37, 45, 'm'),
('jurd09', 11, 2, 13, '2.0', 73, 72, 114, 27, 56, 'm'),
('jurd09', 11, 3, 13, '2.1', 110, 79, 83, 40, 52, 'm'),
('jurd09', 11, 4, 18, '1.8', 13, 91, 118, 32, 47, 'm'),
('jurd09', 12, 1, 4, '1.9', 79, 72, 174, NULL, 75, 'm'),
('jurd09', 12, 2, 4, '1.9', 87, 70, 142, NULL, 70, 'm'),
('jurd09', 12, 3, 15, '2.0', 9, 66, 361, 24, 65, 'f'),
('jurd09', 12, 4, 15, '1.9', 13, 76, 192, 37, 67, 'm'),
('jurd09', 13, 1, 7, '1.6', 88, 90, 327, NULL, 26, 'f'),
('jurd09', 13, 2, 7, '1.7', 82, 88, 133, NULL, 25, 'm'),
('jurd09', 13, 3, 17, '1.4', 41, 94, 114, 25, 36, 'm'),
('jurd09', 13, 4, 17, '1.4', 27, 86, 367, 13, 42, 'f'),
('jurd09', 14, 1, 4, '2.1', 90, 71, 144, NULL, 29, 'm'),
('jurd09', 14, 2, 4, '2.1', 94, 68, 373, NULL, 39, 'f'),
('jurd09', 14, 3, 14, '2.3', 37, 78, 239, 27, 38, 'm'),
('jurd09', 14, 4, 14, '2.4', 38, 69, 419, 24, 27, 'f'),
('jurd09', 15, 1, 21, '1.1', 11, 100, 304, 14, 92, 'f'),
('jurd09', 15, 2, 16, '1.4', 79, 85, 410, 15, 99, 'f'),
('jurd09', 15, 3, 16, '1.6', 91, 83, 180, 38, 91, 'm'),
('jurd09', 15, 4, 21, '1.3', 13, 95, 326, 11, 94, 'f'),
('jurd09', 16, 1, 13, '2.1', 80, 72, 151, 37, 46, 'm'),
('jurd09', 16, 2, 13, '2.1', 91, 76, 443, 12, 51, 'f'),
('jurd09', 16, 3, 20, '1.1', 31, 96, 340, 15, 54, 'f'),
('jurd09', 16, 4, 20, '1.2', 22, 98, 228, 34, 45, 'm'),
('jurd09', 17, 1, 18, '1.7', 15, 94, 317, 24, 95, 'f'),
('jurd09', 17, 2, 18, '1.8', 14, 94, 426, 15, 96, 'f'),
('jurd09', 17, 3, 8, '1.7', 33, 90, 82, NULL, 98, 'm'),
('jurd09', 17, 4, 8, '1.5', 37, 90, 156, NULL, 83, 'm'),
('jurd09', 18, 1, 13, '1.9', 100, 68, 91, 41, 26, 'm'),
('jurd09', 18, 2, 21, '1.1', 15, 97, 280, 17, 37, 'f'),
('jurd09', 18, 3, 21, '1.0', 8, 99, 397, 14, 42, 'f'),
('jurd09', 18, 4, 13, '2.4', 115, 78, 194, 39, 24, 'm'),
('jurd09', 19, 1, 7, '1.6', 82, 87, 388, NULL, 56, 'f'),
('jurd09', 19, 2, 11, '1.3', 31, 100, 421, NULL, 55, 'f'),
('jurd09', 19, 3, 7, '1.8', 98, 84, 401, NULL, 47, 'f'),
('jurd09', 19, 4, 11, '1.2', 26, 100, 329, NULL, 44, 'f'),
('jurd09', 20, 1, 21, '1.0', 5, 100, 406, 11, 39, 'f'),
('jurd09', 20, 2, 10, '1.0', 78, 95, 294, NULL, 31, 'f'),
('jurd09', 20, 3, 10, '1.2', 110, 95, 237, NULL, 29, 'm'),
('jurd09', 20, 4, 21, '1.2', 9, 99, 421, 17, 23, 'f'),
('jurd09', 21, 1, 21, '1.2', 5, 98, 334, 12, 29, 'f'),
('jurd09', 21, 2, 9, '1.4', 9, 81, 417, NULL, 39, 'f'),
('jurd09', 21, 3, 9, '1.5', 9, 83, 325, NULL, 33, 'f'),
('jurd09', 21, 4, 21, '1.0', 5, 96, 213, 38, 25, 'm'),
('jurd09', 22, 1, 16, '1.8', 85, 87, 397, 18, 91, 'f'),
('jurd09', 22, 2, 16, '1.4', 74, 80, 166, 37, 87, 'm'),
('jurd09', 22, 3, 4, '2.2', 118, 70, 242, NULL, 85, 'm'),
('jurd09', 22, 4, 4, '2.2', 93, 71, 250, NULL, 97, 'f'),
('jurd09', 23, 1, 8, '1.5', 25, 93, 144, NULL, 50, 'm'),
('jurd09', 23, 2, 8, '1.5', 47, 86, 442, NULL, 56, 'f'),
('jurd09', 23, 3, 4, '2.2', 111, 77, 177, NULL, 46, 'm'),
('jurd09', 23, 4, 4, '2.0', 114, 78, 71, NULL, 45, 'm'),
('jurd09', 24, 1, 10, '1.0', 96, 97, 169, NULL, 97, 'm'),
('jurd09', 24, 2, 20, '1.1', 30, 99, 198, 39, 94, 'm'),
('jurd09', 24, 3, 20, '1.3', 47, 97, 231, 30, 84, 'm'),
('jurd09', 24, 4, 10, '1.0', 102, 98, 122, NULL, 86, 'm'),
('jurd09', 25, 1, 4, '2.3', 83, 74, 274, NULL, 58, 'f'),
('jurd09', 25, 2, 11, '1.2', 39, 96, 98, NULL, 43, 'm'),
('jurd09', 25, 3, 11, '1.0', 24, 98, 199, NULL, 51, 'm'),
('jurd09', 25, 4, 4, '2.1', 102, 66, 314, NULL, 47, 'f'),
('jurd09', 26, 1, 18, '1.5', 11, 80, 77, 39, 58, 'm'),
('jurd09', 26, 2, 7, '1.7', 86, 84, 102, NULL, 55, 'm'),
('jurd09', 26, 3, 7, '1.6', 107, 92, 150, NULL, 54, 'm'),
('jurd09', 26, 4, 18, '1.6', 9, 86, 427, 18, 56, 'f'),
('jurd09', 27, 1, 5, '1.9', 35, 72, 107, NULL, 64, 'm'),
('jurd09', 27, 2, 9, '1.4', 10, 85, 224, NULL, 65, 'm'),
('jurd09', 27, 3, 9, '1.4', 12, 91, 397, NULL, 80, 'f'),
('jurd09', 27, 4, 5, '2.3', 31, 70, 53, NULL, 66, 'm'),
('jurd09', 28, 1, 19, '1.3', 107, 96, 344, 24, 36, 'f'),
('jurd09', 28, 2, 4, '2.0', 119, 72, 171, NULL, 24, 'm'),
('jurd09', 28, 3, 4, '2.2', 77, 69, 196, NULL, 39, 'm'),
('jurd09', 28, 4, 19, '1.0', 113, 99, 393, 23, 30, 'f'),
('jurd09', 29, 1, 5, '2.4', 49, 74, 416, NULL, 58, 'f'),
('jurd09', 29, 2, 12, '1.2', 13, 98, 188, NULL, 48, 'm'),
('jurd09', 29, 3, 12, '1.2', 14, 98, 196, NULL, 55, 'm'),
('jurd09', 29, 4, 5, '2.1', 28, 76, 398, NULL, 61, 'f'),
('jurd09', 30, 1, 14, '2.0', 45, 79, 295, 21, 67, 'f'),
('jurd09', 30, 2, 21, '1.2', 12, 99, 293, 15, 68, 'f'),
('jurd09', 30, 3, 21, '1.1', 8, 100, 446, 19, 78, 'f'),
('jurd09', 30, 4, 14, '2.0', 41, 75, 414, 22, 79, 'f'),
('jurd09', 31, 1, 12, '1.3', 14, 98, 314, NULL, 61, 'f'),
('jurd09', 31, 2, 12, '1.3', 6, 100, 158, NULL, 45, 'm'),
('jurd09', 31, 3, 7, '1.7', 96, 94, 176, NULL, 43, 'm'),
('jurd09', 31, 4, 7, '1.5', 119, 89, 369, NULL, 47, 'f'),
('jurd09', 32, 1, 9, '1.7', 8, 91, 340, NULL, 65, 'f'),
('jurd09', 32, 2, 9, '1.5', 13, 80, 138, NULL, 72, 'm'),
('jurd09', 32, 3, 4, '2.1', 92, 79, 153, NULL, 79, 'm'),
('jurd09', 32, 4, 4, '2.1', 76, 77, 100, NULL, 67, 'm'),
('jurd09', 33, 1, 21, '1.2', 7, 95, 273, 24, 80, 'f'),
('jurd09', 33, 2, 11, '1.2', 46, 95, 139, NULL, 70, 'm'),
('jurd09', 33, 3, 21, '1.2', 11, 97, 182, 28, 63, 'm'),
('jurd09', 33, 4, 11, '1.1', 46, 98, 313, NULL, 77, 'f'),
('jurd09', 34, 1, 12, '1.1', 12, 96, 422, NULL, 29, 'f'),
('jurd09', 34, 2, 4, '2.4', 105, 79, 117, NULL, 38, 'm'),
('jurd09', 34, 3, 12, '1.3', 7, 95, 445, NULL, 42, 'f'),
('jurd09', 34, 4, 4, '2.3', 96, 76, 52, NULL, 41, 'm'),
('jurd09', 35, 1, 8, '1.4', 49, 93, 317, NULL, 71, 'f'),
('jurd09', 35, 2, 8, '1.7', 37, 82, 130, NULL, 72, 'm'),
('jurd09', 35, 3, 12, '1.3', 7, 100, 357, NULL, 73, 'f'),
('jurd09', 35, 4, 12, '1.2', 12, 95, 170, NULL, 63, 'm'),
('jurd09', 36, 1, 21, '1.0', 8, 98, 176, 31, 44, 'm'),
('jurd09', 36, 2, 21, '1.3', 6, 95, 438, 16, 52, 'f'),
('jurd09', 36, 3, 6, '2.4', 11, 77, 444, NULL, 48, 'f'),
('jurd09', 36, 4, 6, '2.1', 9, 79, 305, NULL, 58, 'f'),
('kado10', 1, 1, 20, '1.1', 35, 95, 53, 38, 82, 'm'),
('kado10', 1, 2, 20, '1.1', 37, 99, 210, 28, 73, 'm'),
('kado10', 1, 3, 13, '2.0', 103, 75, 255, 24, 81, 'f'),
('kado10', 1, 4, 13, '2.1', 110, 78, 335, 17, 71, 'f'),
('kado10', 2, 1, 5, '2.3', 38, 66, 334, NULL, 98, 'f'),
('kado10', 2, 2, 12, '1.2', 10, 95, 70, NULL, 86, 'm'),
('kado10', 2, 3, 12, '1.1', 10, 96, 250, NULL, 89, 'f'),
('kado10', 2, 4, 5, '2.2', 22, 78, 144, NULL, 83, 'm'),
('kado10', 3, 1, 5, '2.3', 39, 67, 354, NULL, 49, 'f'),
('kado10', 3, 2, 9, '1.7', 6, 83, 373, NULL, 56, 'f'),
('kado10', 3, 3, 9, '1.4', 12, 92, 194, NULL, 61, 'm'),
('kado10', 3, 4, 5, '1.9', 32, 68, 64, NULL, 60, 'm'),
('kado10', 4, 1, 21, '1.0', 6, 95, 433, 22, 43, 'f'),
('kado10', 4, 2, 16, '1.4', 119, 87, 128, 30, 53, 'm'),
('kado10', 4, 3, 21, '1.3', 15, 100, 351, 14, 45, 'f');
INSERT INTO `concretetasks` (`vpID`, `tempPos`, `locPos`, `levelID`, `note`, `anzahl`, `prozent`, `nameID`, `photoID`, `adressID`, `sex`) VALUES
('kado10', 4, 4, 16, '1.7', 84, 87, 163, 36, 48, 'm'),
('kado10', 5, 1, 8, '1.5', 23, 84, 400, NULL, 45, 'f'),
('kado10', 5, 2, 4, '2.0', 87, 70, 280, NULL, 55, 'f'),
('kado10', 5, 3, 8, '1.6', 20, 81, 290, NULL, 49, 'f'),
('kado10', 5, 4, 4, '2.0', 119, 72, 416, NULL, 62, 'f'),
('kado10', 6, 1, 7, '1.4', 71, 85, 400, NULL, 33, 'f'),
('kado10', 6, 2, 7, '1.8', 106, 85, 417, NULL, 39, 'f'),
('kado10', 6, 3, 17, '1.4', 41, 88, 81, 26, 32, 'm'),
('kado10', 6, 4, 17, '1.4', 40, 90, 426, 21, 24, 'f'),
('kado10', 7, 1, 13, '2.4', 83, 67, 421, 18, 33, 'f'),
('kado10', 7, 2, 18, '1.8', 11, 82, 89, 32, 32, 'm'),
('kado10', 7, 3, 13, '2.4', 74, 79, 325, 12, 27, 'f'),
('kado10', 7, 4, 18, '1.8', 15, 92, 432, 22, 41, 'f'),
('kado10', 8, 1, 13, '1.9', 89, 78, 209, 26, 88, 'm'),
('kado10', 8, 2, 21, '1.3', 14, 98, 152, 28, 101, 'm'),
('kado10', 8, 3, 13, '2.2', 115, 69, 85, 40, 100, 'm'),
('kado10', 8, 4, 21, '1.3', 15, 98, 346, 13, 90, 'f'),
('kado10', 9, 1, 6, '1.9', 13, 68, 310, NULL, 70, 'f'),
('kado10', 9, 2, 6, '2.3', 10, 69, 404, NULL, 72, 'f'),
('kado10', 9, 3, 18, '1.6', 9, 82, 79, 36, 69, 'm'),
('kado10', 9, 4, 18, '1.4', 15, 93, 65, 33, 82, 'm'),
('kado10', 10, 1, 16, '1.4', 80, 89, 112, 25, 85, 'm'),
('kado10', 10, 2, 20, '1.2', 23, 96, 56, 32, 84, 'm'),
('kado10', 10, 3, 20, '1.3', 20, 99, 249, 21, 96, 'f'),
('kado10', 10, 4, 16, '1.4', 120, 88, 82, 26, 88, 'm'),
('kado10', 11, 1, 19, '1.2', 88, 95, 139, 27, 84, 'm'),
('kado10', 11, 2, 4, '2.1', 80, 75, 287, NULL, 93, 'f'),
('kado10', 11, 3, 19, '1.1', 92, 97, 104, 32, 100, 'm'),
('kado10', 11, 4, 4, '2.4', 95, 71, 240, NULL, 99, 'm'),
('kado10', 12, 1, 5, '1.9', 36, 67, 92, NULL, 53, 'm'),
('kado10', 12, 2, 20, '1.2', 47, 97, 125, 32, 50, 'm'),
('kado10', 12, 3, 20, '1.2', 38, 99, 213, 34, 51, 'm'),
('kado10', 12, 4, 5, '1.9', 49, 71, 235, NULL, 54, 'm'),
('kado10', 13, 1, 4, '1.9', 97, 77, 321, NULL, 98, 'f'),
('kado10', 13, 2, 12, '1.0', 10, 96, 164, NULL, 100, 'm'),
('kado10', 13, 3, 12, '1.0', 12, 96, 261, NULL, 85, 'f'),
('kado10', 13, 4, 4, '2.3', 94, 69, 120, NULL, 99, 'm'),
('kado10', 14, 1, 5, '2.0', 28, 66, 192, NULL, 63, 'm'),
('kado10', 14, 2, 17, '1.6', 37, 83, 248, 25, 66, 'm'),
('kado10', 14, 3, 17, '1.4', 34, 82, 94, 31, 73, 'm'),
('kado10', 14, 4, 5, '2.3', 42, 72, 219, NULL, 78, 'm'),
('kado10', 15, 1, 4, '1.9', 79, 73, 195, NULL, 83, 'm'),
('kado10', 15, 2, 15, '2.2', 13, 66, 340, 15, 97, 'f'),
('kado10', 15, 3, 15, '2.3', 6, 74, 120, 26, 90, 'm'),
('kado10', 15, 4, 4, '1.9', 106, 78, 240, NULL, 99, 'm'),
('kado10', 16, 1, 17, '1.6', 45, 94, 202, 34, 81, 'm'),
('kado10', 16, 2, 17, '1.7', 26, 91, 143, 32, 72, 'm'),
('kado10', 16, 3, 21, '1.3', 14, 98, 316, 24, 65, 'f'),
('kado10', 16, 4, 21, '1.1', 11, 95, 418, 19, 68, 'f'),
('kado10', 17, 1, 8, '1.8', 20, 86, 147, NULL, 83, 'm'),
('kado10', 17, 2, 20, '1.1', 35, 100, 184, 28, 89, 'm'),
('kado10', 17, 3, 20, '1.0', 49, 99, 307, 17, 102, 'f'),
('kado10', 17, 4, 8, '1.7', 23, 84, 144, NULL, 91, 'm'),
('kado10', 18, 1, 17, '1.8', 33, 82, 250, 13, 97, 'f'),
('kado10', 18, 2, 13, '2.0', 119, 66, 402, 18, 100, 'f'),
('kado10', 18, 3, 17, '1.6', 38, 81, 367, 12, 94, 'f'),
('kado10', 18, 4, 13, '1.9', 79, 71, 339, 14, 84, 'f'),
('kado10', 19, 1, 18, '1.5', 5, 87, 337, 23, 34, 'f'),
('kado10', 19, 2, 8, '1.8', 50, 84, 213, NULL, 35, 'm'),
('kado10', 19, 3, 18, '1.4', 15, 88, 90, 33, 27, 'm'),
('kado10', 19, 4, 8, '1.6', 22, 85, 236, NULL, 29, 'm'),
('kado10', 20, 1, 5, '2.0', 45, 76, 367, NULL, 32, 'f'),
('kado10', 20, 2, 15, '2.1', 14, 73, 104, 38, 37, 'm'),
('kado10', 20, 3, 5, '2.1', 47, 72, 77, NULL, 31, 'm'),
('kado10', 20, 4, 5, '2.3', 48, 77, 136, NULL, 29, 'm'),
('kado10', 21, 1, 14, '2.4', 45, 69, 78, 28, 50, 'm'),
('kado10', 21, 2, 4, '2.1', 73, 74, 257, NULL, 49, 'f'),
('kado10', 21, 3, 14, '2.0', 43, 67, 314, 15, 45, 'f'),
('kado10', 21, 4, 4, '2.0', 118, 69, 151, NULL, 52, 'm'),
('kado10', 22, 1, 7, '1.6', 94, 84, 397, NULL, 27, 'f'),
('kado10', 22, 2, 7, '1.7', 100, 81, 315, NULL, 30, 'f'),
('kado10', 22, 3, 19, '1.0', 91, 98, 60, 40, 28, 'm'),
('kado10', 22, 4, 19, '1.1', 102, 99, 314, 17, 24, 'f'),
('kado10', 23, 1, 11, '1.3', 46, 96, 295, NULL, 63, 'f'),
('kado10', 23, 2, 7, '1.4', 89, 93, 381, NULL, 69, 'f'),
('kado10', 23, 3, 11, '1.1', 41, 99, 167, NULL, 75, 'm'),
('kado10', 23, 4, 7, '1.5', 90, 87, 78, NULL, 65, 'm'),
('kado10', 24, 1, 8, '1.6', 31, 87, 59, NULL, 52, 'm'),
('kado10', 24, 2, 8, '1.8', 48, 83, 394, NULL, 49, 'f'),
('kado10', 24, 3, 12, '1.0', 10, 99, 435, NULL, 45, 'f'),
('kado10', 24, 4, 12, '1.0', 11, 98, 285, NULL, 62, 'f'),
('kado10', 25, 1, 21, '1.0', 13, 96, 376, 12, 45, 'f'),
('kado10', 25, 2, 14, '2.0', 38, 70, 66, 40, 53, 'm'),
('kado10', 25, 3, 14, '2.3', 27, 69, 170, 27, 51, 'm'),
('kado10', 25, 4, 21, '1.2', 15, 97, 159, 31, 43, 'm'),
('kado10', 26, 1, 7, '1.5', 85, 89, 411, NULL, 65, 'f'),
('kado10', 26, 2, 12, '1.2', 10, 95, 387, NULL, 69, 'f'),
('kado10', 26, 3, 12, '1.2', 5, 96, 176, NULL, 71, 'm'),
('kado10', 26, 4, 7, '1.5', 79, 92, 334, NULL, 73, 'f'),
('kado10', 27, 1, 18, '1.6', 13, 83, 220, 28, 27, 'm'),
('kado10', 27, 2, 14, '2.0', 22, 67, 96, 36, 41, 'm'),
('kado10', 27, 3, 14, '2.1', 50, 73, 158, 35, 37, 'm'),
('kado10', 27, 4, 18, '1.7', 8, 90, 228, 40, 33, 'm'),
('kado10', 28, 1, 4, '2.2', 80, 75, 224, NULL, 79, 'm'),
('kado10', 28, 2, 11, '1.3', 28, 99, 66, NULL, 75, 'm'),
('kado10', 28, 3, 4, '2.0', 104, 66, 177, NULL, 68, 'm'),
('kado10', 28, 4, 11, '1.0', 25, 95, 410, NULL, 81, 'f'),
('kado10', 29, 1, 9, '1.6', 13, 82, 321, NULL, 88, 'f'),
('kado10', 29, 2, 4, '2.4', 118, 66, 246, NULL, 100, 'm'),
('kado10', 29, 3, 4, '2.0', 84, 67, 190, NULL, 102, 'm'),
('kado10', 29, 4, 9, '1.7', 13, 89, 178, NULL, 87, 'm'),
('kado10', 30, 1, 6, '2.0', 6, 72, 102, NULL, 26, 'm'),
('kado10', 30, 2, 21, '1.1', 12, 98, 325, 20, 42, 'f'),
('kado10', 30, 3, 6, '2.3', 12, 78, 213, NULL, 23, 'm'),
('kado10', 30, 4, 21, '1.2', 12, 99, 320, 13, 33, 'f'),
('kado10', 31, 1, 16, '1.4', 114, 80, 434, 16, 74, 'f'),
('kado10', 31, 2, 4, '2.1', 74, 74, 119, NULL, 77, 'm'),
('kado10', 31, 3, 16, '1.7', 117, 92, 165, 28, 69, 'm'),
('kado10', 31, 4, 4, '2.2', 108, 71, 157, NULL, 65, 'm'),
('kado10', 32, 1, 20, '1.2', 29, 97, 100, 35, 86, 'm'),
('kado10', 32, 2, 10, '1.2', 113, 99, 200, NULL, 94, 'm'),
('kado10', 32, 3, 20, '1.2', 31, 99, 381, 15, 83, 'f'),
('kado10', 32, 4, 10, '1.1', 99, 98, 416, NULL, 101, 'f'),
('kado10', 33, 1, 21, '1.0', 15, 96, 422, 17, 32, 'f'),
('kado10', 33, 2, 11, '1.0', 26, 96, 437, NULL, 42, 'f'),
('kado10', 33, 3, 21, '1.1', 11, 97, 51, 34, 36, 'm'),
('kado10', 33, 4, 11, '1.3', 49, 96, 343, NULL, 24, 'f'),
('kado10', 34, 1, 21, '1.3', 15, 96, 132, 40, 80, 'm'),
('kado10', 34, 2, 9, '1.6', 11, 89, 334, NULL, 79, 'f'),
('kado10', 34, 3, 21, '1.3', 10, 97, 251, 20, 65, 'f'),
('kado10', 34, 4, 9, '1.8', 12, 91, 414, NULL, 69, 'f'),
('kado10', 35, 1, 10, '1.3', 94, 98, 402, NULL, 77, 'f'),
('kado10', 35, 2, 10, '1.1', 102, 96, 139, NULL, 71, 'm'),
('kado10', 35, 3, 21, '1.0', 10, 100, 319, 15, 80, 'f'),
('kado10', 35, 4, 21, '1.2', 15, 100, 90, 26, 63, 'm'),
('kado10', 36, 1, 18, '1.5', 14, 87, 62, 35, 75, 'm'),
('kado10', 36, 2, 7, '1.7', 78, 91, 178, NULL, 65, 'm'),
('kado10', 36, 3, 7, '1.8', 105, 93, 285, NULL, 80, 'f'),
('kado10', 36, 4, 18, '1.8', 5, 93, 208, 28, 68, 'm'),
('Kher29', 1, 1, 8, '1.4', 47, 93, 429, NULL, 38, 'f'),
('Kher29', 1, 2, 18, '1.7', 6, 84, 191, 26, 37, 'm'),
('Kher29', 1, 3, 18, '1.7', 14, 87, 335, 21, 24, 'f'),
('Kher29', 1, 4, 8, '1.8', 49, 80, 144, NULL, 39, 'm'),
('Kher29', 2, 1, 17, '1.5', 41, 83, 170, 39, 24, 'm'),
('Kher29', 2, 2, 13, '1.9', 114, 70, 269, 22, 25, 'f'),
('Kher29', 2, 3, 13, '2.3', 87, 73, 119, 26, 23, 'm'),
('Kher29', 2, 4, 17, '1.8', 24, 83, 183, 27, 31, 'm'),
('Kher29', 3, 1, 16, '1.7', 93, 91, 185, 27, 78, 'm'),
('Kher29', 3, 2, 16, '1.8', 113, 91, 284, 20, 82, 'f'),
('Kher29', 3, 3, 21, '1.3', 6, 95, 281, 15, 72, 'f'),
('Kher29', 3, 4, 21, '1.1', 12, 96, 310, 11, 65, 'f'),
('Kher29', 4, 1, 18, '1.7', 15, 93, 377, 22, 50, 'f'),
('Kher29', 4, 2, 13, '2.3', 93, 66, 98, 32, 52, 'm'),
('Kher29', 4, 3, 18, '1.4', 7, 83, 346, 19, 62, 'f'),
('Kher29', 4, 4, 13, '2.1', 106, 79, 104, 36, 44, 'm'),
('Kher29', 5, 1, 12, '1.3', 14, 95, 232, NULL, 100, 'm'),
('Kher29', 5, 2, 5, '2.0', 20, 76, 100, NULL, 84, 'm'),
('Kher29', 5, 3, 12, '1.1', 15, 96, 144, NULL, 90, 'm'),
('Kher29', 5, 4, 5, '2.1', 42, 71, 142, NULL, 89, 'm'),
('Kher29', 6, 1, 19, '1.2', 116, 96, 345, 16, 26, 'f'),
('Kher29', 6, 2, 4, '1.9', 96, 71, 199, NULL, 35, 'm'),
('Kher29', 6, 3, 4, '2.0', 99, 73, 300, NULL, 41, 'f'),
('Kher29', 6, 4, 19, '1.1', 86, 98, 131, 27, 25, 'm'),
('Kher29', 7, 1, 21, '1.1', 7, 98, 281, 17, 37, 'f'),
('Kher29', 7, 2, 21, '1.2', 13, 96, 220, 40, 29, 'm'),
('Kher29', 7, 3, 13, '2.0', 113, 73, 197, 28, 35, 'm'),
('Kher29', 7, 4, 13, '2.4', 97, 72, 323, 11, 26, 'f'),
('Kher29', 8, 1, 17, '1.7', 35, 92, 249, 15, 55, 'f'),
('Kher29', 8, 2, 17, '1.6', 47, 94, 372, 13, 46, 'f'),
('Kher29', 8, 3, 21, '1.2', 9, 97, 439, 20, 49, 'f'),
('Kher29', 8, 4, 21, '1.0', 14, 99, 340, 11, 53, 'f'),
('Kher29', 9, 1, 16, '1.5', 100, 86, 212, 28, 91, 'm'),
('Kher29', 9, 2, 16, '1.8', 99, 90, 242, 40, 89, 'm'),
('Kher29', 9, 3, 4, '2.4', 97, 68, 191, NULL, 87, 'm'),
('Kher29', 9, 4, 4, '2.4', 87, 74, 167, NULL, 85, 'm'),
('Kher29', 10, 1, 5, '2.4', 28, 79, 364, NULL, 91, 'f'),
('Kher29', 10, 2, 5, '2.2', 20, 73, 56, NULL, 96, 'm'),
('Kher29', 10, 3, 15, '2.3', 5, 76, 235, 37, 92, 'm'),
('Kher29', 10, 4, 5, '2.0', 50, 77, 321, NULL, 90, 'f'),
('Kher29', 11, 1, 17, '1.5', 35, 82, 295, 21, 41, 'f'),
('Kher29', 11, 2, 17, '1.5', 50, 85, 292, 13, 38, 'f'),
('Kher29', 11, 3, 5, '2.4', 43, 76, 181, NULL, 37, 'm'),
('Kher29', 11, 4, 5, '2.4', 36, 70, 150, NULL, 29, 'm'),
('Kher29', 12, 1, 7, '1.8', 91, 89, 271, NULL, 92, 'f'),
('Kher29', 12, 2, 11, '1.1', 24, 98, 282, NULL, 95, 'f'),
('Kher29', 12, 3, 11, '1.1', 26, 96, 204, NULL, 93, 'm'),
('Kher29', 12, 4, 7, '1.4', 82, 86, 331, NULL, 99, 'f'),
('Kher29', 13, 1, 6, '1.9', 11, 76, 140, NULL, 68, 'm'),
('Kher29', 13, 2, 18, '1.7', 12, 94, 424, 24, 82, 'f'),
('Kher29', 13, 3, 18, '1.5', 8, 80, 334, 12, 66, 'f'),
('Kher29', 13, 4, 6, '2.3', 10, 76, 102, NULL, 79, 'm'),
('Kher29', 14, 1, 21, '1.0', 11, 98, 59, 27, 62, 'm'),
('Kher29', 14, 2, 6, '2.4', 11, 79, 412, NULL, 59, 'f'),
('Kher29', 14, 3, 21, '1.2', 11, 98, 292, 17, 55, 'f'),
('Kher29', 14, 4, 6, '2.0', 10, 67, 400, NULL, 46, 'f'),
('Kher29', 15, 1, 21, '1.1', 7, 100, 208, 36, 25, 'm'),
('Kher29', 15, 2, 21, '1.1', 9, 95, 99, 35, 27, 'm'),
('Kher29', 15, 3, 14, '2.4', 23, 71, 349, 22, 39, 'f'),
('Kher29', 15, 4, 14, '2.4', 37, 69, 365, 21, 35, 'f'),
('Kher29', 16, 1, 21, '1.2', 9, 99, 363, 23, 101, 'f'),
('Kher29', 16, 2, 11, '1.1', 43, 98, 217, NULL, 83, 'm'),
('Kher29', 16, 3, 11, '1.2', 27, 95, 274, NULL, 91, 'f'),
('Kher29', 16, 4, 21, '1.0', 12, 95, 364, 16, 87, 'f'),
('Kher29', 17, 1, 18, '1.6', 14, 87, 333, 21, 83, 'f'),
('Kher29', 17, 2, 7, '1.4', 117, 80, 370, NULL, 98, 'f'),
('Kher29', 17, 3, 18, '1.4', 9, 93, 154, 26, 102, 'm'),
('Kher29', 17, 4, 7, '1.6', 91, 81, 345, NULL, 86, 'f'),
('Kher29', 18, 1, 15, '2.1', 7, 72, 56, 36, 76, 'm'),
('Kher29', 18, 2, 4, '2.1', 118, 74, 234, NULL, 63, 'm'),
('Kher29', 18, 3, 15, '2.2', 6, 70, 123, 32, 69, 'm'),
('Kher29', 18, 4, 4, '2.4', 91, 79, 229, NULL, 66, 'm'),
('Kher29', 19, 1, 9, '1.7', 6, 86, 282, NULL, 23, 'f'),
('Kher29', 19, 2, 21, '1.3', 5, 97, 61, 37, 29, 'm'),
('Kher29', 19, 3, 21, '1.1', 14, 98, 346, 11, 40, 'f'),
('Kher29', 19, 4, 9, '1.6', 11, 85, 174, NULL, 37, 'm'),
('Kher29', 20, 1, 9, '1.6', 6, 92, 109, NULL, 101, 'm'),
('Kher29', 20, 2, 5, '2.1', 21, 67, 411, NULL, 102, 'f'),
('Kher29', 20, 3, 9, '1.4', 14, 89, 68, NULL, 90, 'm'),
('Kher29', 20, 4, 5, '2.0', 36, 75, 97, NULL, 84, 'm'),
('Kher29', 21, 1, 12, '1.0', 12, 100, 366, NULL, 68, 'f'),
('Kher29', 21, 2, 12, '1.3', 14, 97, 163, NULL, 76, 'm'),
('Kher29', 21, 3, 4, '2.2', 99, 78, 240, NULL, 71, 'm'),
('Kher29', 21, 4, 4, '2.0', 117, 70, 393, NULL, 74, 'f'),
('Kher29', 22, 1, 21, '1.1', 8, 98, 111, 31, 69, 'm'),
('Kher29', 22, 2, 10, '1.0', 90, 95, 369, NULL, 80, 'f'),
('Kher29', 22, 3, 21, '1.0', 9, 95, 217, 39, 79, 'm'),
('Kher29', 22, 4, 10, '1.1', 119, 98, 376, NULL, 75, 'f'),
('Kher29', 23, 1, 10, '1.2', 101, 98, 167, NULL, 32, 'm'),
('Kher29', 23, 2, 20, '1.3', 34, 98, 364, 17, 26, 'f'),
('Kher29', 23, 3, 10, '1.1', 82, 98, 303, NULL, 36, 'f'),
('Kher29', 23, 4, 20, '1.2', 21, 99, 106, 27, 27, 'm'),
('Kher29', 24, 1, 13, '2.2', 115, 75, 310, 21, 28, 'f'),
('Kher29', 24, 2, 20, '1.3', 37, 100, 92, 27, 42, 'm'),
('Kher29', 24, 3, 13, '2.4', 103, 72, 127, 41, 37, 'm'),
('Kher29', 24, 4, 20, '1.3', 33, 100, 70, 38, 29, 'm'),
('Kher29', 25, 1, 5, '2.4', 50, 79, 332, NULL, 47, 'f'),
('Kher29', 25, 2, 20, '1.1', 48, 95, 224, 27, 45, 'm'),
('Kher29', 25, 3, 5, '1.9', 23, 75, 243, NULL, 57, 'm'),
('Kher29', 25, 4, 20, '1.1', 28, 97, 271, 17, 51, 'f'),
('Kher29', 26, 1, 14, '2.1', 40, 67, 401, 22, 33, 'f'),
('Kher29', 26, 2, 14, '2.4', 36, 74, 176, 28, 39, 'm'),
('Kher29', 26, 3, 18, '1.6', 5, 86, 97, 41, 32, 'm'),
('Kher29', 26, 4, 18, '1.4', 6, 94, 190, 36, 34, 'm'),
('Kher29', 27, 1, 11, '1.0', 48, 98, 61, NULL, 63, 'm'),
('Kher29', 27, 2, 4, '2.3', 103, 69, 107, NULL, 68, 'm'),
('Kher29', 27, 3, 11, '1.1', 41, 96, 179, NULL, 76, 'm'),
('Kher29', 27, 4, 4, '1.9', 93, 70, 360, NULL, 79, 'f'),
('Kher29', 28, 1, 7, '1.8', 117, 88, 302, NULL, 47, 'f'),
('Kher29', 28, 2, 19, '1.1', 111, 97, 217, 25, 48, 'm'),
('Kher29', 28, 3, 7, '1.7', 84, 81, 70, NULL, 50, 'm'),
('Kher29', 28, 4, 19, '1.3', 74, 99, 96, 29, 53, 'm'),
('Kher29', 29, 1, 8, '1.6', 36, 92, 63, NULL, 42, 'm'),
('Kher29', 29, 2, 8, '1.5', 42, 81, 125, NULL, 28, 'm'),
('Kher29', 29, 3, 12, '1.1', 9, 99, 150, NULL, 41, 'm'),
('Kher29', 29, 4, 12, '1.1', 7, 97, 294, NULL, 31, 'f'),
('Kher29', 30, 1, 8, '1.8', 30, 87, 426, NULL, 34, 'f'),
('Kher29', 30, 2, 20, '1.3', 27, 98, 144, 36, 41, 'm'),
('Kher29', 30, 3, 8, '1.8', 34, 85, 448, NULL, 37, 'f'),
('Kher29', 30, 4, 20, '1.3', 47, 99, 393, 11, 42, 'f'),
('Kher29', 31, 1, 12, '1.1', 5, 96, 397, NULL, 47, 'f'),
('Kher29', 31, 2, 12, '1.0', 10, 99, 190, NULL, 60, 'm'),
('Kher29', 31, 3, 7, '1.8', 110, 91, 208, NULL, 61, 'm'),
('Kher29', 31, 4, 7, '1.8', 111, 81, 68, NULL, 49, 'm'),
('Kher29', 32, 1, 7, '1.8', 78, 92, 167, NULL, 36, 'm'),
('Kher29', 32, 2, 17, '1.4', 26, 88, 251, 11, 35, 'f'),
('Kher29', 32, 3, 17, '1.4', 33, 94, 394, 23, 42, 'f'),
('Kher29', 32, 4, 7, '1.8', 97, 82, 67, NULL, 40, 'm'),
('Kher29', 33, 1, 9, '1.4', 7, 89, 56, NULL, 50, 'm'),
('Kher29', 33, 2, 4, '2.0', 93, 67, 264, NULL, 43, 'f'),
('Kher29', 33, 3, 4, '2.3', 108, 67, 447, NULL, 57, 'f'),
('Kher29', 33, 4, 9, '1.4', 13, 83, 394, NULL, 46, 'f'),
('Kher29', 34, 1, 4, '2.2', 113, 71, 447, NULL, 46, 'f'),
('Kher29', 34, 2, 8, '1.8', 36, 86, 255, NULL, 45, 'f'),
('Kher29', 34, 3, 8, '1.4', 50, 80, 297, NULL, 49, 'f'),
('Kher29', 34, 4, 4, '2.4', 70, 78, 386, NULL, 52, 'f'),
('Kher29', 35, 1, 16, '1.6', 109, 83, 293, 19, 83, 'f'),
('Kher29', 35, 2, 16, '1.5', 97, 87, 216, 28, 89, 'm'),
('Kher29', 35, 3, 20, '1.0', 43, 96, 378, 11, 101, 'f'),
('Kher29', 35, 4, 20, '1.3', 32, 96, 228, 37, 84, 'm'),
('Kher29', 36, 1, 4, '2.2', 70, 73, 216, NULL, 92, 'm'),
('Kher29', 36, 2, 4, '2.2', 84, 73, 142, NULL, 88, 'm'),
('Kher29', 36, 3, 14, '2.1', 47, 70, 355, 21, 94, 'f'),
('Kher29', 36, 4, 14, '1.9', 32, 69, 353, 23, 86, 'f'),
('maed13', 1, 1, 17, '1.8', 24, 90, 179, 38, 32, 'm'),
('maed13', 1, 2, 21, '1.0', 5, 99, 92, 34, 37, 'm'),
('maed13', 1, 3, 17, '1.4', 20, 82, 105, 32, 38, 'm'),
('maed13', 1, 4, 21, '1.1', 15, 100, 345, 23, 29, 'f'),
('maed13', 2, 1, 6, '1.9', 5, 69, 54, NULL, 89, 'm'),
('maed13', 2, 2, 21, '1.2', 8, 97, 201, 32, 91, 'm'),
('maed13', 2, 3, 6, '2.2', 14, 77, 320, NULL, 83, 'f'),
('maed13', 2, 4, 21, '1.2', 9, 96, 137, 37, 88, 'm'),
('maed13', 3, 1, 20, '1.2', 26, 98, 225, 36, 80, 'm'),
('maed13', 3, 2, 20, '1.1', 24, 97, 203, 33, 67, 'm'),
('maed13', 3, 3, 8, '1.7', 37, 86, 422, NULL, 66, 'f'),
('maed13', 3, 4, 8, '1.5', 27, 92, 388, NULL, 81, 'f'),
('maed13', 4, 1, 9, '1.6', 14, 93, 397, NULL, 77, 'f'),
('maed13', 4, 2, 5, '2.0', 48, 68, 419, NULL, 82, 'f'),
('maed13', 4, 3, 5, '2.2', 27, 68, 326, NULL, 63, 'f'),
('maed13', 4, 4, 9, '1.8', 5, 82, 56, NULL, 69, 'm'),
('maed13', 5, 1, 9, '1.4', 7, 86, 326, NULL, 62, 'f'),
('maed13', 5, 2, 9, '1.5', 15, 82, 240, NULL, 55, 'm'),
('maed13', 5, 3, 21, '1.2', 5, 97, 441, 11, 46, 'f'),
('maed13', 5, 4, 21, '1.0', 7, 98, 302, 17, 50, 'f'),
('maed13', 6, 1, 13, '2.0', 87, 78, 199, 25, 91, 'm'),
('maed13', 6, 2, 18, '1.7', 8, 85, 242, 35, 93, 'm'),
('maed13', 6, 3, 18, '1.7', 12, 91, 447, 24, 84, 'f'),
('maed13', 6, 4, 13, '2.4', 78, 67, 60, 28, 92, 'm'),
('maed13', 7, 1, 7, '1.4', 87, 83, 429, NULL, 58, 'f'),
('maed13', 7, 2, 19, '1.3', 105, 96, 307, 13, 53, 'f'),
('maed13', 7, 3, 7, '1.8', 81, 92, 422, NULL, 49, 'f'),
('maed13', 7, 4, 19, '1.2', 92, 97, 86, 28, 54, 'm'),
('maed13', 8, 1, 7, '1.7', 93, 88, 383, NULL, 74, 'f'),
('maed13', 8, 2, 18, '1.5', 10, 83, 192, 25, 66, 'm'),
('maed13', 8, 3, 7, '1.7', 72, 82, 304, NULL, 82, 'f'),
('maed13', 8, 4, 18, '1.4', 9, 91, 231, 35, 81, 'm'),
('maed13', 9, 1, 19, '1.2', 118, 100, 126, 37, 62, 'm'),
('maed13', 9, 2, 19, '1.0', 117, 95, 76, 35, 51, 'm'),
('maed13', 9, 3, 4, '2.3', 74, 78, 237, NULL, 48, 'm'),
('maed13', 9, 4, 4, '2.1', 81, 71, 401, NULL, 45, 'f'),
('maed13', 10, 1, 13, '2.1', 81, 77, 351, 23, 58, 'f'),
('maed13', 10, 2, 17, '1.6', 45, 86, 248, 36, 51, 'm'),
('maed13', 10, 3, 17, '1.7', 26, 91, 84, 27, 46, 'm'),
('maed13', 10, 4, 13, '2.0', 114, 73, 335, 19, 61, 'f'),
('maed13', 11, 1, 6, '2.3', 5, 77, 328, NULL, 89, 'f'),
('maed13', 11, 2, 18, '1.8', 15, 81, 381, 16, 100, 'f'),
('maed13', 11, 3, 6, '2.4', 8, 76, 442, NULL, 90, 'f'),
('maed13', 11, 4, 18, '1.7', 13, 89, 178, 28, 93, 'm'),
('maed13', 12, 1, 4, '2.1', 83, 74, 180, NULL, 25, 'm'),
('maed13', 12, 2, 4, '2.0', 73, 74, 344, NULL, 24, 'f'),
('maed13', 12, 3, 14, '2.2', 27, 74, 245, 39, 33, 'm'),
('maed13', 12, 4, 14, '2.3', 21, 67, 431, 21, 40, 'f'),
('maed13', 13, 1, 4, '2.0', 82, 71, 82, NULL, 82, 'm'),
('maed13', 13, 2, 4, '2.2', 107, 67, 420, NULL, 71, 'f'),
('maed13', 13, 3, 15, '2.2', 12, 73, 274, 16, 74, 'f'),
('maed13', 13, 4, 15, '2.1', 6, 68, 140, 40, 79, 'm'),
('maed13', 14, 1, 7, '1.6', 113, 80, 425, NULL, 79, 'f'),
('maed13', 14, 2, 7, '1.8', 103, 88, 446, NULL, 76, 'f'),
('maed13', 14, 3, 17, '1.4', 35, 85, 81, 29, 70, 'm'),
('maed13', 14, 4, 17, '1.7', 22, 94, 291, 19, 69, 'f'),
('maed13', 15, 1, 8, '1.6', 30, 93, 403, NULL, 93, 'f'),
('maed13', 15, 2, 4, '2.0', 110, 76, 406, NULL, 83, 'f'),
('maed13', 15, 3, 8, '1.4', 26, 87, 305, NULL, 96, 'f'),
('maed13', 15, 4, 4, '2.4', 109, 70, 131, NULL, 98, 'm'),
('maed13', 16, 1, 20, '1.0', 21, 99, 91, 26, 52, 'm'),
('maed13', 16, 2, 10, '1.3', 70, 96, 103, NULL, 57, 'm'),
('maed13', 16, 3, 20, '1.2', 40, 98, 292, 12, 45, 'f'),
('maed13', 16, 4, 10, '1.0', 83, 98, 427, NULL, 48, 'f'),
('maed13', 17, 1, 13, '2.0', 119, 68, 372, 20, 68, 'f'),
('maed13', 17, 2, 13, '1.9', 74, 74, 202, 28, 81, 'm'),
('maed13', 17, 3, 21, '1.3', 10, 100, 271, 21, 77, 'f'),
('maed13', 17, 4, 21, '1.2', 11, 98, 284, 14, 72, 'f'),
('maed13', 18, 1, 20, '1.2', 47, 97, 382, 22, 31, 'f'),
('maed13', 18, 2, 16, '1.4', 109, 82, 291, 13, 39, 'f'),
('maed13', 18, 3, 16, '1.5', 78, 88, 428, 16, 25, 'f'),
('maed13', 18, 4, 20, '1.2', 50, 95, 101, 34, 23, 'm'),
('maed13', 19, 1, 21, '1.1', 12, 96, 272, 20, 39, 'f'),
('maed13', 19, 2, 21, '1.0', 5, 95, 362, 13, 37, 'f'),
('maed13', 19, 3, 16, '1.4', 82, 84, 230, 26, 41, 'm'),
('maed13', 19, 4, 16, '1.5', 106, 80, 335, 15, 29, 'f'),
('maed13', 20, 1, 4, '2.1', 83, 76, 307, NULL, 96, 'f'),
('maed13', 20, 2, 9, '1.8', 10, 93, 259, NULL, 83, 'f'),
('maed13', 20, 3, 9, '1.5', 8, 84, 427, NULL, 89, 'f'),
('maed13', 20, 4, 4, '1.9', 110, 72, 106, NULL, 84, 'm'),
('maed13', 21, 1, 7, '1.5', 100, 80, 369, NULL, 53, 'f'),
('maed13', 21, 2, 11, '1.2', 40, 99, 354, NULL, 61, 'f'),
('maed13', 21, 3, 11, '1.2', 24, 99, 254, NULL, 50, 'f'),
('maed13', 21, 4, 7, '1.7', 74, 81, 278, NULL, 54, 'f'),
('maed13', 22, 1, 5, '2.2', 29, 74, 389, NULL, 61, 'f'),
('maed13', 22, 2, 5, '2.0', 46, 79, 444, NULL, 56, 'f'),
('maed13', 22, 3, 20, '1.1', 31, 96, 312, 11, 54, 'f'),
('maed13', 22, 4, 20, '1.3', 35, 100, 71, 37, 45, 'm'),
('maed13', 23, 1, 10, '1.3', 92, 99, 307, NULL, 65, 'f'),
('maed13', 23, 2, 21, '1.3', 6, 95, 325, 23, 67, 'f'),
('maed13', 23, 3, 10, '1.1', 106, 96, 232, NULL, 68, 'm'),
('maed13', 23, 4, 21, '1.1', 6, 100, 375, 17, 74, 'f'),
('maed13', 24, 1, 12, '1.1', 10, 95, 373, NULL, 55, 'f'),
('maed13', 24, 2, 8, '1.7', 44, 85, 356, NULL, 54, 'f'),
('maed13', 24, 3, 8, '1.5', 49, 88, 263, NULL, 51, 'f'),
('maed13', 24, 4, 12, '1.3', 10, 95, 81, NULL, 56, 'm'),
('maed13', 25, 1, 12, '1.2', 10, 98, 419, NULL, 80, 'f'),
('maed13', 25, 2, 5, '2.0', 23, 73, 118, NULL, 64, 'm'),
('maed13', 25, 3, 12, '1.3', 11, 100, 342, NULL, 79, 'f'),
('maed13', 25, 4, 5, '2.0', 24, 75, 414, NULL, 76, 'f'),
('maed13', 26, 1, 5, '2.4', 40, 73, 332, NULL, 51, 'f'),
('maed13', 26, 2, 17, '1.5', 35, 83, 385, 17, 60, 'f'),
('maed13', 26, 3, 5, '2.1', 24, 69, 280, NULL, 49, 'f'),
('maed13', 26, 4, 17, '1.8', 26, 91, 59, 36, 45, 'm'),
('maed13', 27, 1, 20, '1.3', 32, 96, 344, 17, 47, 'f'),
('maed13', 27, 2, 13, '2.4', 95, 79, 367, 22, 58, 'f'),
('maed13', 27, 3, 13, '1.9', 115, 69, 152, 40, 51, 'm'),
('maed13', 27, 4, 20, '1.3', 36, 95, 108, 30, 60, 'm'),
('maed13', 28, 1, 5, '2.4', 31, 75, 360, NULL, 94, 'f'),
('maed13', 28, 2, 15, '2.2', 8, 79, 310, 14, 90, 'f'),
('maed13', 28, 3, 5, '2.2', 35, 72, 154, NULL, 86, 'm'),
('maed13', 28, 4, 5, '2.3', 34, 76, 282, NULL, 96, 'f'),
('maed13', 29, 1, 4, '2.0', 93, 76, 288, NULL, 98, 'f'),
('maed13', 29, 2, 11, '1.1', 23, 99, 131, NULL, 97, 'm'),
('maed13', 29, 3, 4, '1.9', 114, 70, 68, NULL, 92, 'm'),
('maed13', 29, 4, 11, '1.3', 48, 100, 317, NULL, 91, 'f'),
('maed13', 30, 1, 21, '1.1', 12, 98, 341, 12, 100, 'f'),
('maed13', 30, 2, 14, '1.9', 26, 76, 374, 14, 98, 'f'),
('maed13', 30, 3, 21, '1.1', 14, 96, 365, 17, 96, 'f'),
('maed13', 30, 4, 14, '2.4', 25, 78, 319, 18, 95, 'f'),
('maed13', 31, 1, 12, '1.0', 13, 96, 288, NULL, 73, 'f'),
('maed13', 31, 2, 4, '2.4', 99, 71, 99, NULL, 76, 'm'),
('maed13', 31, 3, 4, '2.3', 107, 67, 394, NULL, 79, 'f'),
('maed13', 31, 4, 12, '1.1', 9, 98, 354, NULL, 71, 'f'),
('maed13', 32, 1, 21, '1.2', 8, 99, 146, 25, 34, 'm'),
('maed13', 32, 2, 11, '1.0', 40, 97, 113, NULL, 36, 'm'),
('maed13', 32, 3, 11, '1.2', 25, 98, 80, NULL, 24, 'm'),
('maed13', 32, 4, 21, '1.0', 9, 99, 317, 22, 32, 'f'),
('maed13', 33, 1, 18, '1.4', 13, 85, 225, 41, 80, 'm'),
('maed13', 33, 2, 8, '1.4', 34, 85, 408, NULL, 76, 'f'),
('maed13', 33, 3, 18, '1.5', 8, 82, 346, 23, 75, 'f'),
('maed13', 33, 4, 8, '1.5', 40, 94, 210, NULL, 74, 'm'),
('maed13', 34, 1, 18, '1.8', 6, 85, 303, 23, 67, 'f'),
('maed13', 34, 2, 14, '1.9', 36, 70, 164, 37, 75, 'm'),
('maed13', 34, 3, 14, '2.0', 47, 75, 117, 25, 72, 'm'),
('maed13', 34, 4, 18, '1.6', 13, 83, 237, 35, 82, 'm'),
('maed13', 35, 1, 12, '1.3', 6, 99, 165, NULL, 58, 'm'),
('maed13', 35, 2, 12, '1.1', 7, 96, 289, NULL, 59, 'f'),
('maed13', 35, 3, 7, '1.7', 78, 89, 266, NULL, 61, 'f'),
('maed13', 35, 4, 7, '1.6', 97, 90, 237, NULL, 50, 'm'),
('maed13', 36, 1, 16, '1.7', 93, 82, 235, 40, 35, 'm'),
('maed13', 36, 2, 4, '1.9', 97, 78, 265, NULL, 27, 'f'),
('maed13', 36, 3, 16, '1.4', 72, 85, 386, 17, 29, 'f'),
('maed13', 36, 4, 4, '2.3', 91, 73, 151, NULL, 30, 'm'),
('MALD01', 1, 1, 8, '1.4', 29, 81, 296, NULL, 40, 'f'),
('MALD01', 1, 2, 20, '1.1', 39, 99, 72, 26, 42, 'm'),
('MALD01', 1, 3, 20, '1.1', 47, 95, 73, 31, 33, 'm'),
('MALD01', 1, 4, 8, '1.4', 24, 81, 208, NULL, 23, 'm'),
('MALD01', 2, 1, 14, '2.1', 24, 72, 71, 39, 69, 'm'),
('MALD01', 2, 2, 4, '2.4', 105, 75, 407, NULL, 68, 'f'),
('MALD01', 2, 3, 4, '2.3', 92, 72, 100, NULL, 79, 'm'),
('MALD01', 2, 4, 14, '2.2', 46, 79, 175, 29, 66, 'm'),
('MALD01', 3, 1, 9, '1.5', 8, 91, 234, NULL, 49, 'm'),
('MALD01', 3, 2, 9, '1.4', 11, 80, 420, NULL, 59, 'f'),
('MALD01', 3, 3, 21, '1.3', 15, 95, 250, 18, 62, 'f'),
('MALD01', 3, 4, 21, '1.3', 10, 100, 264, 17, 56, 'f'),
('MALD01', 4, 1, 19, '1.2', 103, 96, 261, 22, 94, 'f'),
('MALD01', 4, 2, 7, '1.5', 71, 93, 170, NULL, 87, 'm'),
('MALD01', 4, 3, 19, '1.1', 118, 98, 431, 20, 92, 'f'),
('MALD01', 4, 4, 7, '1.6', 90, 80, 218, NULL, 99, 'm'),
('MALD01', 5, 1, 5, '2.0', 20, 73, 107, NULL, 33, 'm'),
('MALD01', 5, 2, 17, '1.4', 35, 87, 150, 28, 23, 'm'),
('MALD01', 5, 3, 5, '2.1', 22, 68, 102, NULL, 30, 'm'),
('MALD01', 5, 4, 17, '1.8', 43, 80, 153, 37, 24, 'm'),
('MALD01', 6, 1, 18, '1.7', 12, 81, 223, 35, 73, 'm'),
('MALD01', 6, 2, 14, '2.0', 46, 75, 112, 30, 77, 'm'),
('MALD01', 6, 3, 18, '1.6', 9, 84, 272, 16, 65, 'f'),
('MALD01', 6, 4, 14, '2.2', 39, 68, 211, 25, 70, 'm'),
('MALD01', 7, 1, 19, '1.1', 89, 96, 315, 12, 81, 'f'),
('MALD01', 7, 2, 19, '1.3', 97, 96, 179, 34, 72, 'm'),
('MALD01', 7, 3, 4, '2.1', 96, 77, 79, NULL, 82, 'm'),
('MALD01', 7, 4, 4, '2.0', 86, 67, 77, NULL, 70, 'm'),
('MALD01', 8, 1, 5, '2.2', 47, 76, 88, NULL, 43, 'm'),
('MALD01', 8, 2, 20, '1.0', 22, 95, 339, 15, 53, 'f'),
('MALD01', 8, 3, 5, '2.4', 21, 77, 415, NULL, 61, 'f'),
('MALD01', 8, 4, 20, '1.0', 26, 96, 296, 12, 56, 'f'),
('MALD01', 9, 1, 9, '1.8', 6, 81, 417, NULL, 65, 'f'),
('MALD01', 9, 2, 4, '1.9', 83, 71, 91, NULL, 75, 'm'),
('MALD01', 9, 3, 9, '1.5', 14, 83, 187, NULL, 68, 'm'),
('MALD01', 9, 4, 4, '2.4', 83, 66, 199, NULL, 81, 'm'),
('MALD01', 10, 1, 21, '1.3', 12, 98, 223, 41, 43, 'm'),
('MALD01', 10, 2, 21, '1.2', 10, 100, 420, 11, 53, 'f'),
('MALD01', 10, 3, 11, '1.2', 31, 95, 390, NULL, 60, 'f'),
('MALD01', 10, 4, 11, '1.1', 33, 95, 446, NULL, 44, 'f'),
('MALD01', 11, 1, 21, '1.1', 8, 99, 311, 17, 96, 'f'),
('MALD01', 11, 2, 14, '2.2', 27, 74, 248, 33, 94, 'm'),
('MALD01', 11, 3, 21, '1.2', 12, 96, 103, 30, 93, 'm'),
('MALD01', 11, 4, 14, '1.9', 40, 68, 292, 20, 98, 'f'),
('MALD01', 12, 1, 8, '1.5', 39, 88, 210, NULL, 49, 'm'),
('MALD01', 12, 2, 18, '1.8', 10, 84, 232, 34, 44, 'm'),
('MALD01', 12, 3, 8, '1.4', 42, 81, 333, NULL, 43, 'f'),
('MALD01', 12, 4, 18, '1.6', 6, 92, 368, 19, 50, 'f'),
('MALD01', 13, 1, 15, '2.2', 15, 66, 356, 14, 58, 'f'),
('MALD01', 13, 2, 4, '2.1', 120, 72, 418, NULL, 50, 'f'),
('MALD01', 13, 3, 15, '2.1', 14, 68, 295, 15, 57, 'f'),
('MALD01', 13, 4, 4, '2.1', 87, 72, 85, NULL, 62, 'm'),
('MALD01', 14, 1, 5, '2.0', 50, 67, 105, NULL, 40, 'm'),
('MALD01', 14, 2, 12, '1.1', 8, 95, 258, NULL, 42, 'f'),
('MALD01', 14, 3, 5, '2.0', 43, 79, 122, NULL, 31, 'm'),
('MALD01', 14, 4, 12, '1.3', 11, 99, 207, NULL, 30, 'm'),
('MALD01', 15, 1, 20, '1.0', 36, 98, 317, 24, 94, 'f'),
('MALD01', 15, 2, 20, '1.0', 47, 99, 394, 20, 86, 'f'),
('MALD01', 15, 3, 10, '1.2', 110, 95, 276, NULL, 91, 'f'),
('MALD01', 15, 4, 10, '1.0', 120, 98, 406, NULL, 84, 'f'),
('MALD01', 16, 1, 8, '1.7', 47, 80, 395, NULL, 42, 'f'),
('MALD01', 16, 2, 8, '1.6', 31, 90, 297, NULL, 23, 'f'),
('MALD01', 16, 3, 12, '1.3', 8, 95, 445, NULL, 34, 'f'),
('MALD01', 16, 4, 12, '1.3', 9, 99, 425, NULL, 24, 'f'),
('MALD01', 17, 1, 4, '2.3', 76, 66, 444, NULL, 85, 'f'),
('MALD01', 17, 2, 4, '1.9', 113, 77, 205, NULL, 84, 'm'),
('MALD01', 17, 3, 16, '1.7', 76, 91, 166, 36, 101, 'm'),
('MALD01', 17, 4, 16, '1.5', 76, 91, 442, 11, 102, 'f'),
('MALD01', 18, 1, 16, '1.6', 100, 80, 231, 25, 72, 'm'),
('MALD01', 18, 2, 21, '1.2', 8, 98, 391, 21, 75, 'f'),
('MALD01', 18, 3, 21, '1.1', 9, 97, 173, 27, 73, 'm'),
('MALD01', 18, 4, 16, '1.8', 70, 83, 310, 19, 78, 'f'),
('MALD01', 19, 1, 11, '1.2', 43, 100, 333, NULL, 65, 'f'),
('MALD01', 19, 2, 7, '1.4', 76, 90, 430, NULL, 76, 'f'),
('MALD01', 19, 3, 7, '1.4', 95, 90, 345, NULL, 70, 'f'),
('MALD01', 19, 4, 11, '1.1', 33, 96, 260, NULL, 68, 'f'),
('MALD01', 20, 1, 9, '1.7', 10, 82, 93, NULL, 39, 'm'),
('MALD01', 20, 2, 9, '1.4', 13, 88, 244, NULL, 32, 'm'),
('MALD01', 20, 3, 5, '2.4', 32, 71, 288, NULL, 31, 'f'),
('MALD01', 20, 4, 5, '2.4', 50, 75, 169, NULL, 34, 'm'),
('MALD01', 21, 1, 21, '1.1', 11, 100, 401, 11, 78, 'f'),
('MALD01', 21, 2, 21, '1.3', 12, 99, 444, 12, 80, 'f'),
('MALD01', 21, 3, 6, '2.4', 7, 74, 353, NULL, 77, 'f'),
('MALD01', 21, 4, 6, '1.9', 9, 79, 127, NULL, 82, 'm'),
('MALD01', 22, 1, 6, '2.3', 13, 69, 78, NULL, 72, 'm'),
('MALD01', 22, 2, 6, '2.0', 15, 79, 59, NULL, 80, 'm'),
('MALD01', 22, 3, 18, '1.5', 6, 88, 281, 24, 69, 'f'),
('MALD01', 22, 4, 18, '1.8', 15, 89, 225, 26, 77, 'm'),
('MALD01', 23, 1, 4, '1.9', 96, 72, 109, NULL, 90, 'm'),
('MALD01', 23, 2, 4, '2.3', 119, 77, 426, NULL, 99, 'f'),
('MALD01', 23, 3, 11, '1.1', 21, 100, 161, NULL, 87, 'm'),
('MALD01', 23, 4, 11, '1.2', 22, 99, 99, NULL, 102, 'm'),
('MALD01', 24, 1, 5, '2.2', 38, 79, 207, NULL, 35, 'm'),
('MALD01', 24, 2, 15, '1.9', 5, 73, 113, 29, 39, 'm'),
('MALD01', 24, 3, 5, '2.2', 45, 78, 93, NULL, 25, 'm'),
('MALD01', 24, 4, 5, '2.3', 28, 76, 232, NULL, 29, 'm'),
('MALD01', 25, 1, 21, '1.3', 8, 100, 220, 33, 45, 'm'),
('MALD01', 25, 2, 21, '1.2', 14, 100, 439, 14, 49, 'f'),
('MALD01', 25, 3, 13, '2.0', 76, 71, 415, 12, 56, 'f'),
('MALD01', 25, 4, 13, '2.0', 88, 67, 114, 34, 50, 'm'),
('MALD01', 26, 1, 10, '1.2', 103, 99, 362, NULL, 94, 'f'),
('MALD01', 26, 2, 10, '1.2', 81, 97, 361, NULL, 83, 'f'),
('MALD01', 26, 3, 21, '1.0', 15, 97, 297, 11, 93, 'f'),
('MALD01', 26, 4, 21, '1.0', 7, 98, 112, 36, 97, 'm'),
('MALD01', 27, 1, 13, '2.4', 84, 75, 389, 15, 23, 'f'),
('MALD01', 27, 2, 13, '2.1', 78, 79, 371, 18, 38, 'f'),
('MALD01', 27, 3, 20, '1.1', 38, 99, 237, 31, 34, 'm'),
('MALD01', 27, 4, 20, '1.2', 39, 98, 263, 12, 33, 'f'),
('MALD01', 28, 1, 7, '1.6', 70, 80, 61, NULL, 40, 'm'),
('MALD01', 28, 2, 12, '1.3', 11, 97, 359, NULL, 36, 'f'),
('MALD01', 28, 3, 12, '1.3', 8, 95, 341, NULL, 29, 'f'),
('MALD01', 28, 4, 7, '1.4', 97, 94, 436, NULL, 28, 'f'),
('MALD01', 29, 1, 17, '1.6', 39, 82, 321, 23, 99, 'f'),
('MALD01', 29, 2, 7, '1.4', 100, 86, 224, NULL, 101, 'm'),
('MALD01', 29, 3, 17, '1.8', 30, 82, 371, 15, 83, 'f'),
('MALD01', 29, 4, 7, '1.5', 105, 88, 424, NULL, 97, 'f'),
('MALD01', 30, 1, 17, '1.6', 26, 93, 308, 12, 66, 'f'),
('MALD01', 30, 2, 13, '2.0', 87, 70, 244, 36, 63, 'm'),
('MALD01', 30, 3, 13, '1.9', 118, 76, 292, 13, 69, 'f'),
('MALD01', 30, 4, 17, '1.6', 43, 80, 323, 24, 75, 'f'),
('MALD01', 31, 1, 4, '2.1', 81, 66, 384, NULL, 83, 'f'),
('MALD01', 31, 2, 12, '1.2', 13, 96, 172, NULL, 91, 'm'),
('MALD01', 31, 3, 12, '1.1', 8, 97, 406, NULL, 87, 'f'),
('MALD01', 31, 4, 4, '2.4', 72, 68, 111, NULL, 92, 'm'),
('MALD01', 32, 1, 18, '1.4', 15, 91, 186, 28, 33, 'm'),
('MALD01', 32, 2, 7, '1.7', 93, 94, 349, NULL, 24, 'f'),
('MALD01', 32, 3, 18, '1.4', 10, 84, 187, 33, 31, 'm'),
('MALD01', 32, 4, 7, '1.6', 76, 80, 433, NULL, 25, 'f'),
('MALD01', 33, 1, 16, '1.7', 81, 83, 183, 31, 58, 'm'),
('MALD01', 33, 2, 16, '1.5', 99, 92, 353, 22, 50, 'f'),
('MALD01', 33, 3, 20, '1.0', 24, 97, 81, 33, 53, 'm'),
('MALD01', 33, 4, 20, '1.1', 33, 100, 116, 41, 56, 'm'),
('MALD01', 34, 1, 4, '2.0', 116, 68, 209, NULL, 34, 'm'),
('MALD01', 34, 2, 4, '2.1', 76, 67, 243, NULL, 35, 'm'),
('MALD01', 34, 3, 8, '1.5', 42, 90, 354, NULL, 40, 'f'),
('MALD01', 34, 4, 8, '1.7', 33, 91, 233, NULL, 38, 'm'),
('MALD01', 35, 1, 13, '2.1', 95, 79, 105, 35, 69, 'm'),
('MALD01', 35, 2, 13, '2.3', 105, 78, 312, 11, 68, 'f'),
('MALD01', 35, 3, 18, '1.5', 12, 86, 71, 37, 71, 'm'),
('MALD01', 35, 4, 18, '1.4', 7, 93, 393, 18, 70, 'f'),
('MALD01', 36, 1, 17, '1.6', 24, 87, 209, 36, 52, 'm'),
('MALD01', 36, 2, 21, '1.1', 5, 95, 202, 28, 51, 'm'),
('MALD01', 36, 3, 21, '1.3', 15, 100, 340, 20, 62, 'f'),
('MALD01', 36, 4, 17, '1.7', 43, 93, 259, 23, 48, 'f'),
('Mark19', 1, 1, 4, '2.2', 112, 71, 440, NULL, 31, 'f'),
('Mark19', 1, 2, 12, '1.2', 9, 99, 110, NULL, 33, 'm'),
('Mark19', 1, 3, 4, '2.0', 80, 72, 62, NULL, 34, 'm'),
('Mark19', 1, 4, 12, '1.3', 12, 100, 208, NULL, 30, 'm'),
('Mark19', 2, 1, 8, '1.6', 48, 85, 56, NULL, 61, 'm'),
('Mark19', 2, 2, 12, '1.0', 7, 95, 218, NULL, 48, 'm'),
('Mark19', 2, 3, 8, '1.5', 39, 94, 130, NULL, 59, 'm'),
('Mark19', 2, 4, 12, '1.2', 11, 97, 347, NULL, 45, 'f'),
('Mark19', 3, 1, 20, '1.2', 24, 98, 264, 14, 43, 'f'),
('Mark19', 3, 2, 13, '2.3', 110, 68, 186, 26, 59, 'm'),
('Mark19', 3, 3, 13, '2.1', 104, 68, 358, 18, 58, 'f'),
('Mark19', 3, 4, 20, '1.3', 34, 100, 307, 22, 56, 'f'),
('Mark19', 4, 1, 4, '2.3', 111, 69, 385, NULL, 27, 'f'),
('Mark19', 4, 2, 8, '1.6', 23, 90, 400, NULL, 38, 'f'),
('Mark19', 4, 3, 4, '2.0', 101, 75, 264, NULL, 24, 'f'),
('Mark19', 4, 4, 8, '1.7', 40, 81, 164, NULL, 26, 'm'),
('Mark19', 5, 1, 21, '1.1', 5, 99, 85, 29, 101, 'm'),
('Mark19', 5, 2, 11, '1.0', 27, 100, 54, NULL, 102, 'm'),
('Mark19', 5, 3, 11, '1.1', 48, 96, 124, NULL, 92, 'm'),
('Mark19', 5, 4, 21, '1.0', 11, 97, 89, 27, 93, 'm'),
('Mark19', 6, 1, 16, '1.7', 110, 89, 68, 34, 94, 'm'),
('Mark19', 6, 2, 4, '2.2', 106, 70, 144, NULL, 95, 'm'),
('Mark19', 6, 3, 16, '1.4', 106, 85, 102, 38, 90, 'm'),
('Mark19', 6, 4, 4, '1.9', 99, 72, 428, NULL, 100, 'f'),
('Mark19', 7, 1, 12, '1.0', 11, 97, 218, NULL, 77, 'm'),
('Mark19', 7, 2, 7, '1.6', 81, 86, 334, NULL, 63, 'f'),
('Mark19', 7, 3, 7, '1.7', 97, 90, 71, NULL, 67, 'm'),
('Mark19', 7, 4, 12, '1.2', 13, 95, 91, NULL, 74, 'm'),
('Mark19', 8, 1, 20, '1.0', 36, 97, 230, 29, 43, 'm'),
('Mark19', 8, 2, 20, '1.1', 35, 96, 249, 15, 50, 'f'),
('Mark19', 8, 3, 5, '2.4', 27, 77, 324, NULL, 53, 'f'),
('Mark19', 8, 4, 5, '1.9', 31, 71, 422, NULL, 49, 'f'),
('Mark19', 9, 1, 4, '2.2', 97, 68, 426, NULL, 76, 'f'),
('Mark19', 9, 2, 19, '1.2', 99, 100, 436, 14, 69, 'f'),
('Mark19', 9, 3, 4, '1.9', 86, 74, 58, NULL, 72, 'm'),
('Mark19', 9, 4, 19, '1.2', 81, 96, 349, 19, 73, 'f'),
('Mark19', 10, 1, 18, '1.5', 13, 81, 359, 23, 26, 'f'),
('Mark19', 10, 2, 18, '1.6', 9, 81, 273, 22, 36, 'f'),
('Mark19', 10, 3, 6, '2.2', 10, 68, 280, NULL, 37, 'f'),
('Mark19', 10, 4, 6, '1.9', 15, 70, 277, NULL, 40, 'f'),
('Mark19', 11, 1, 5, '2.3', 36, 71, 319, NULL, 77, 'f'),
('Mark19', 11, 2, 12, '1.2', 11, 97, 60, NULL, 80, 'm'),
('Mark19', 11, 3, 12, '1.3', 6, 99, 280, NULL, 66, 'f'),
('Mark19', 11, 4, 5, '2.4', 29, 73, 219, NULL, 67, 'm'),
('Mark19', 12, 1, 21, '1.1', 5, 96, 425, 21, 47, 'f'),
('Mark19', 12, 2, 21, '1.2', 13, 98, 233, 37, 53, 'm'),
('Mark19', 12, 3, 9, '1.7', 12, 92, 170, NULL, 46, 'm'),
('Mark19', 12, 4, 9, '1.4', 6, 92, 190, NULL, 57, 'm'),
('Mark19', 13, 1, 13, '2.3', 116, 74, 122, 41, 63, 'm'),
('Mark19', 13, 2, 17, '1.8', 28, 91, 114, 39, 77, 'm'),
('Mark19', 13, 3, 13, '2.2', 93, 72, 223, 34, 68, 'm'),
('Mark19', 13, 4, 17, '1.8', 50, 91, 383, 17, 80, 'f'),
('Mark19', 14, 1, 14, '2.0', 39, 71, 351, 21, 69, 'f'),
('Mark19', 14, 2, 18, '1.6', 14, 81, 112, 28, 64, 'm'),
('Mark19', 14, 3, 14, '2.4', 49, 70, 52, 29, 65, 'm'),
('Mark19', 14, 4, 18, '1.6', 9, 93, 321, 24, 75, 'f'),
('Mark19', 15, 1, 7, '1.6', 98, 85, 65, NULL, 70, 'm'),
('Mark19', 15, 2, 7, '1.8', 72, 83, 433, NULL, 73, 'f'),
('Mark19', 15, 3, 11, '1.2', 45, 95, 193, NULL, 75, 'm'),
('Mark19', 15, 4, 11, '1.3', 37, 97, 255, NULL, 66, 'f'),
('Mark19', 16, 1, 5, '1.9', 20, 76, 361, NULL, 62, 'f'),
('Mark19', 16, 2, 5, '2.4', 50, 69, 314, NULL, 58, 'f'),
('Mark19', 16, 3, 15, '1.9', 9, 74, 444, 14, 55, 'f'),
('Mark19', 16, 4, 5, '2.0', 46, 68, 237, NULL, 45, 'm'),
('Mark19', 17, 1, 21, '1.2', 12, 97, 248, 31, 66, 'm'),
('Mark19', 17, 2, 14, '2.0', 50, 68, 57, 39, 72, 'm'),
('Mark19', 17, 3, 21, '1.2', 9, 97, 217, 25, 79, 'm'),
('Mark19', 17, 4, 14, '2.0', 49, 76, 379, 20, 82, 'f'),
('Mark19', 18, 1, 20, '1.1', 25, 97, 421, 12, 47, 'f'),
('Mark19', 18, 2, 10, '1.0', 80, 96, 100, NULL, 52, 'm'),
('Mark19', 18, 3, 20, '1.3', 41, 100, 390, 20, 49, 'f'),
('Mark19', 18, 4, 10, '1.0', 108, 99, 369, NULL, 48, 'f'),
('Mark19', 19, 1, 17, '1.6', 31, 83, 153, 33, 56, 'm'),
('Mark19', 19, 2, 5, '2.2', 46, 69, 401, NULL, 60, 'f'),
('Mark19', 19, 3, 17, '1.4', 28, 81, 278, 18, 46, 'f'),
('Mark19', 19, 4, 5, '2.3', 43, 79, 339, NULL, 52, 'f'),
('Mark19', 20, 1, 15, '2.2', 14, 77, 239, 39, 43, 'm'),
('Mark19', 20, 2, 15, '2.1', 11, 76, 108, 30, 53, 'm'),
('Mark19', 20, 3, 4, '1.9', 103, 73, 373, NULL, 59, 'f'),
('Mark19', 20, 4, 4, '2.2', 106, 75, 434, NULL, 61, 'f'),
('Mark19', 21, 1, 4, '1.9', 96, 66, 268, NULL, 39, 'f'),
('Mark19', 21, 2, 4, '2.3', 84, 79, 429, NULL, 26, 'f'),
('Mark19', 21, 3, 11, '1.0', 45, 98, 261, NULL, 30, 'f'),
('Mark19', 21, 4, 11, '1.0', 21, 96, 417, NULL, 29, 'f'),
('Mark19', 22, 1, 8, '1.8', 45, 90, 312, NULL, 54, 'f'),
('Mark19', 22, 2, 8, '1.7', 40, 86, 176, NULL, 57, 'm'),
('Mark19', 22, 3, 18, '1.8', 8, 91, 408, 12, 60, 'f'),
('Mark19', 22, 4, 18, '1.6', 9, 92, 370, 23, 50, 'f'),
('Mark19', 23, 1, 5, '2.4', 28, 67, 82, NULL, 62, 'm'),
('Mark19', 23, 2, 9, '1.8', 7, 85, 266, NULL, 55, 'f'),
('Mark19', 23, 3, 5, '2.2', 23, 71, 362, NULL, 50, 'f'),
('Mark19', 23, 4, 9, '1.6', 14, 86, 330, NULL, 44, 'f'),
('Mark19', 24, 1, 17, '1.5', 28, 85, 199, 26, 63, 'm'),
('Mark19', 24, 2, 17, '1.6', 45, 88, 191, 38, 80, 'm'),
('Mark19', 24, 3, 7, '1.8', 118, 81, 177, NULL, 78, 'm'),
('Mark19', 24, 4, 7, '1.7', 115, 93, 246, NULL, 79, 'm'),
('Mark19', 25, 1, 6, '2.1', 7, 72, 165, NULL, 45, 'm'),
('Mark19', 25, 2, 6, '2.1', 5, 66, 59, NULL, 48, 'm'),
('Mark19', 25, 3, 21, '1.0', 10, 100, 320, 22, 60, 'f'),
('Mark19', 25, 4, 21, '1.2', 7, 96, 356, 23, 47, 'f'),
('Mark19', 26, 1, 21, '1.2', 7, 99, 99, 39, 84, 'm'),
('Mark19', 26, 2, 16, '1.6', 80, 81, 239, 27, 86, 'm'),
('Mark19', 26, 3, 21, '1.2', 13, 97, 329, 24, 87, 'f'),
('Mark19', 26, 4, 16, '1.6', 100, 82, 270, 12, 101, 'f'),
('Mark19', 27, 1, 9, '1.5', 6, 91, 371, NULL, 67, 'f'),
('Mark19', 27, 2, 9, '1.5', 5, 88, 101, NULL, 76, 'm'),
('Mark19', 27, 3, 4, '2.0', 117, 77, 179, NULL, 70, 'm'),
('Mark19', 27, 4, 4, '2.4', 117, 74, 273, NULL, 69, 'f'),
('Mark19', 28, 1, 16, '1.6', 72, 85, 187, 36, 52, 'm'),
('Mark19', 28, 2, 16, '1.6', 108, 94, 185, 40, 51, 'm'),
('Mark19', 28, 3, 20, '1.0', 25, 100, 127, 30, 58, 'm'),
('Mark19', 28, 4, 20, '1.1', 23, 99, 182, 26, 43, 'm'),
('Mark19', 29, 1, 14, '2.0', 40, 69, 56, 28, 52, 'm'),
('Mark19', 29, 2, 4, '2.0', 116, 74, 151, NULL, 55, 'm'),
('Mark19', 29, 3, 14, '2.1', 41, 68, 211, 29, 43, 'm'),
('Mark19', 29, 4, 4, '1.9', 97, 70, 247, NULL, 54, 'm'),
('Mark19', 30, 1, 18, '1.6', 10, 81, 366, 17, 27, 'f'),
('Mark19', 30, 2, 7, '1.7', 96, 82, 394, NULL, 42, 'f'),
('Mark19', 30, 3, 7, '1.7', 99, 86, 87, NULL, 32, 'm'),
('Mark19', 30, 4, 18, '1.6', 6, 94, 103, 28, 23, 'm'),
('Mark19', 31, 1, 21, '1.1', 5, 96, 200, 31, 91, 'm'),
('Mark19', 31, 2, 10, '1.0', 90, 97, 130, NULL, 92, 'm'),
('Mark19', 31, 3, 10, '1.0', 77, 97, 447, NULL, 90, 'f'),
('Mark19', 31, 4, 21, '1.0', 15, 95, 404, 14, 85, 'f'),
('Mark19', 32, 1, 19, '1.1', 100, 99, 168, 30, 83, 'm'),
('Mark19', 32, 2, 7, '1.7', 106, 91, 376, NULL, 96, 'f'),
('Mark19', 32, 3, 7, '1.8', 108, 88, 230, NULL, 100, 'm'),
('Mark19', 32, 4, 19, '1.1', 96, 95, 366, 24, 98, 'f'),
('Mark19', 33, 1, 13, '2.3', 110, 73, 389, 14, 61, 'f'),
('Mark19', 33, 2, 18, '1.4', 14, 88, 72, 31, 62, 'm'),
('Mark19', 33, 3, 18, '1.7', 5, 94, 165, 38, 49, 'm'),
('Mark19', 33, 4, 13, '1.9', 103, 68, 308, 22, 44, 'f'),
('Mark19', 34, 1, 17, '1.4', 26, 83, 174, 38, 90, 'm'),
('Mark19', 34, 2, 21, '1.0', 12, 95, 243, 37, 96, 'm'),
('Mark19', 34, 3, 17, '1.8', 26, 91, 111, 34, 100, 'm'),
('Mark19', 34, 4, 21, '1.3', 8, 98, 260, 13, 97, 'f'),
('Mark19', 35, 1, 20, '1.3', 31, 96, 292, 16, 72, 'f'),
('Mark19', 35, 2, 20, '1.2', 33, 99, 271, 24, 63, 'f'),
('Mark19', 35, 3, 8, '1.6', 21, 89, 60, NULL, 64, 'm'),
('Mark19', 35, 4, 8, '1.8', 33, 84, 395, NULL, 82, 'f'),
('Mark19', 36, 1, 21, '1.3', 14, 98, 111, 27, 70, 'm'),
('Mark19', 36, 2, 13, '2.3', 70, 76, 317, 15, 66, 'f'),
('Mark19', 36, 3, 13, '2.2', 93, 73, 358, 13, 76, 'f'),
('Mark19', 36, 4, 21, '1.0', 12, 99, 419, 11, 77, 'f'),
('meli11', 1, 1, 4, '2.4', 88, 78, 168, NULL, 71, 'm'),
('meli11', 1, 2, 19, '1.0', 83, 95, 53, 34, 70, 'm'),
('meli11', 1, 3, 19, '1.1', 79, 96, 74, 27, 80, 'm'),
('meli11', 1, 4, 4, '2.3', 99, 71, 237, NULL, 76, 'm'),
('meli11', 2, 1, 18, '1.4', 10, 84, 318, 21, 100, 'f'),
('meli11', 2, 2, 6, '2.2', 13, 70, 258, NULL, 96, 'f'),
('meli11', 2, 3, 18, '1.6', 8, 92, 155, 36, 88, 'm'),
('meli11', 2, 4, 6, '2.0', 11, 72, 305, NULL, 90, 'f'),
('meli11', 3, 1, 15, '2.2', 7, 73, 173, 27, 37, 'm'),
('meli11', 3, 2, 5, '2.1', 29, 73, 361, NULL, 32, 'f'),
('meli11', 3, 3, 5, '2.3', 44, 78, 291, NULL, 42, 'f'),
('meli11', 3, 4, 5, '2.1', 44, 78, 103, NULL, 40, 'm'),
('meli11', 4, 1, 9, '1.7', 11, 83, 87, NULL, 92, 'm'),
('meli11', 4, 2, 21, '1.1', 5, 96, 438, 22, 94, 'f'),
('meli11', 4, 3, 21, '1.1', 13, 96, 249, 11, 90, 'f'),
('meli11', 4, 4, 9, '1.5', 6, 86, 98, NULL, 85, 'm'),
('meli11', 5, 1, 21, '1.0', 5, 97, 158, 36, 80, 'm'),
('meli11', 5, 2, 21, '1.0', 8, 97, 246, 30, 75, 'm'),
('meli11', 5, 3, 16, '1.4', 120, 93, 76, 31, 63, 'm'),
('meli11', 5, 4, 16, '1.7', 118, 83, 79, 29, 65, 'm'),
('meli11', 6, 1, 16, '1.6', 87, 81, 309, 18, 23, 'f'),
('meli11', 6, 2, 4, '2.2', 114, 70, 174, NULL, 27, 'm'),
('meli11', 6, 3, 16, '1.5', 109, 89, 98, 39, 35, 'm'),
('meli11', 6, 4, 4, '1.9', 95, 79, 419, NULL, 32, 'f'),
('meli11', 7, 1, 8, '1.4', 34, 82, 441, NULL, 102, 'f'),
('meli11', 7, 2, 12, '1.3', 5, 97, 204, NULL, 96, 'm'),
('meli11', 7, 3, 8, '1.5', 49, 86, 413, NULL, 88, 'f'),
('meli11', 7, 4, 12, '1.1', 11, 97, 416, NULL, 100, 'f'),
('meli11', 8, 1, 14, '2.4', 37, 78, 366, 22, 54, 'f'),
('meli11', 8, 2, 21, '1.3', 11, 98, 139, 31, 45, 'm'),
('meli11', 8, 3, 14, '2.2', 28, 72, 267, 18, 62, 'f'),
('meli11', 8, 4, 21, '1.2', 14, 95, 125, 40, 60, 'm'),
('meli11', 9, 1, 13, '2.2', 100, 69, 223, 40, 80, 'm'),
('meli11', 9, 2, 20, '1.2', 44, 97, 190, 41, 69, 'm'),
('meli11', 9, 3, 20, '1.1', 34, 99, 328, 16, 82, 'f'),
('meli11', 9, 4, 13, '1.9', 115, 66, 238, 35, 73, 'm'),
('meli11', 10, 1, 4, '2.0', 105, 73, 336, NULL, 53, 'f'),
('meli11', 10, 2, 8, '1.7', 42, 86, 317, NULL, 60, 'f'),
('meli11', 10, 3, 8, '1.7', 23, 91, 338, NULL, 51, 'f'),
('meli11', 10, 4, 4, '2.4', 109, 73, 388, NULL, 58, 'f'),
('meli11', 11, 1, 14, '2.4', 30, 77, 215, 25, 85, 'm'),
('meli11', 11, 2, 4, '2.2', 91, 76, 97, NULL, 97, 'm'),
('meli11', 11, 3, 4, '2.1', 104, 74, 419, NULL, 88, 'f'),
('meli11', 11, 4, 14, '1.9', 42, 73, 394, 13, 89, 'f'),
('meli11', 12, 1, 20, '1.1', 32, 96, 89, 34, 98, 'm'),
('meli11', 12, 2, 10, '1.1', 109, 96, 389, NULL, 102, 'f'),
('meli11', 12, 3, 10, '1.0', 115, 100, 118, NULL, 85, 'm'),
('meli11', 12, 4, 20, '1.2', 28, 98, 319, 19, 84, 'f'),
('meli11', 13, 1, 7, '1.5', 101, 87, 381, NULL, 80, 'f'),
('meli11', 13, 2, 7, '1.6', 103, 85, 110, NULL, 66, 'm'),
('meli11', 13, 3, 17, '1.6', 36, 87, 97, 25, 81, 'm'),
('meli11', 13, 4, 17, '1.8', 22, 80, 234, 38, 71, 'm'),
('meli11', 14, 1, 21, '1.1', 9, 98, 111, 35, 49, 'm'),
('meli11', 14, 2, 21, '1.0', 9, 95, 346, 17, 45, 'f'),
('meli11', 14, 3, 11, '1.3', 29, 99, 341, NULL, 58, 'f'),
('meli11', 14, 4, 11, '1.0', 38, 98, 403, NULL, 55, 'f'),
('meli11', 15, 1, 21, '1.1', 5, 96, 313, 14, 48, 'f'),
('meli11', 15, 2, 21, '1.2', 15, 97, 395, 11, 59, 'f'),
('meli11', 15, 3, 6, '2.2', 7, 69, 165, NULL, 50, 'm'),
('meli11', 15, 4, 6, '1.9', 9, 72, 133, NULL, 54, 'm'),
('meli11', 16, 1, 20, '1.3', 29, 96, 263, 18, 94, 'f'),
('meli11', 16, 2, 20, '1.1', 31, 98, 105, 29, 102, 'm'),
('meli11', 16, 3, 8, '1.6', 30, 85, 200, NULL, 97, 'm'),
('meli11', 16, 4, 8, '1.6', 33, 81, 205, NULL, 93, 'm'),
('meli11', 17, 1, 18, '1.4', 6, 90, 212, 32, 55, 'm'),
('meli11', 17, 2, 18, '1.8', 11, 85, 73, 39, 51, 'm'),
('meli11', 17, 3, 7, '1.5', 103, 92, 172, NULL, 54, 'm'),
('meli11', 17, 4, 7, '1.4', 74, 94, 120, NULL, 58, 'm'),
('meli11', 18, 1, 21, '1.3', 11, 100, 200, 33, 38, 'm'),
('meli11', 18, 2, 21, '1.2', 7, 98, 380, 18, 28, 'f'),
('meli11', 18, 3, 10, '1.0', 80, 98, 314, NULL, 31, 'f'),
('meli11', 18, 4, 10, '1.0', 108, 98, 83, NULL, 37, 'm'),
('meli11', 19, 1, 20, '1.1', 34, 99, 401, 23, 78, 'f'),
('meli11', 19, 2, 16, '1.8', 85, 80, 416, 16, 67, 'f'),
('meli11', 19, 3, 20, '1.2', 36, 99, 298, 18, 77, 'f'),
('meli11', 19, 4, 16, '1.7', 107, 92, 383, 21, 66, 'f'),
('meli11', 20, 1, 4, '2.4', 102, 69, 408, NULL, 53, 'f'),
('meli11', 20, 2, 12, '1.0', 10, 97, 158, NULL, 45, 'm'),
('meli11', 20, 3, 12, '1.3', 15, 96, 131, NULL, 58, 'm'),
('meli11', 20, 4, 4, '2.1', 111, 66, 276, NULL, 57, 'f'),
('meli11', 21, 1, 4, '1.9', 76, 74, 427, NULL, 45, 'f'),
('meli11', 21, 2, 9, '1.6', 14, 82, 258, NULL, 48, 'f'),
('meli11', 21, 3, 9, '1.8', 5, 80, 416, NULL, 58, 'f'),
('meli11', 21, 4, 4, '1.9', 70, 69, 421, NULL, 59, 'f'),
('meli11', 22, 1, 4, '2.0', 115, 71, 319, NULL, 60, 'f'),
('meli11', 22, 2, 4, '2.0', 91, 79, 369, NULL, 49, 'f'),
('meli11', 22, 3, 15, '2.3', 11, 66, 441, 13, 47, 'f'),
('meli11', 22, 4, 15, '2.3', 12, 79, 276, 20, 46, 'f'),
('meli11', 23, 1, 5, '2.0', 44, 72, 234, NULL, 23, 'm'),
('meli11', 23, 2, 9, '1.4', 13, 92, 118, NULL, 41, 'm'),
('meli11', 23, 3, 9, '1.8', 5, 88, 428, NULL, 32, 'f'),
('meli11', 23, 4, 5, '2.2', 28, 73, 149, NULL, 39, 'm'),
('meli11', 24, 1, 21, '1.2', 15, 98, 358, 23, 30, 'f'),
('meli11', 24, 2, 13, '2.1', 72, 67, 230, 25, 27, 'm'),
('meli11', 24, 3, 13, '2.4', 107, 67, 149, 41, 24, 'm'),
('meli11', 24, 4, 21, '1.0', 15, 98, 418, 20, 42, 'f'),
('meli11', 25, 1, 17, '1.8', 41, 85, 180, 35, 65, 'm'),
('meli11', 25, 2, 17, '1.6', 40, 82, 202, 31, 74, 'm'),
('meli11', 25, 3, 13, '2.0', 116, 68, 331, 24, 69, 'f'),
('meli11', 25, 4, 13, '2.0', 109, 75, 447, 18, 72, 'f'),
('meli11', 26, 1, 7, '1.8', 96, 89, 272, NULL, 79, 'f'),
('meli11', 26, 2, 19, '1.0', 106, 96, 347, 20, 66, 'f'),
('meli11', 26, 3, 7, '1.6', 86, 86, 373, NULL, 71, 'f'),
('meli11', 26, 4, 19, '1.0', 76, 96, 331, 21, 67, 'f'),
('meli11', 27, 1, 14, '2.3', 36, 70, 220, 30, 97, 'm'),
('meli11', 27, 2, 18, '1.7', 5, 85, 171, 39, 92, 'm'),
('meli11', 27, 3, 14, '1.9', 21, 68, 112, 27, 93, 'm'),
('meli11', 27, 4, 18, '1.6', 5, 94, 418, 11, 85, 'f'),
('meli11', 28, 1, 13, '2.2', 85, 66, 148, 27, 96, 'm'),
('meli11', 28, 2, 13, '1.9', 90, 70, 335, 12, 88, 'f'),
('meli11', 28, 3, 18, '1.8', 14, 80, 186, 26, 84, 'm'),
('meli11', 28, 4, 18, '1.7', 12, 82, 296, 18, 100, 'f'),
('meli11', 29, 1, 8, '1.8', 28, 90, 191, NULL, 25, 'm'),
('meli11', 29, 2, 8, '1.4', 33, 93, 76, NULL, 33, 'm'),
('meli11', 29, 3, 18, '1.5', 12, 81, 266, 22, 36, 'f'),
('meli11', 29, 4, 18, '1.6', 12, 91, 249, 21, 34, 'f'),
('meli11', 30, 1, 5, '2.2', 46, 77, 224, NULL, 99, 'm'),
('meli11', 30, 2, 12, '1.1', 7, 99, 69, NULL, 86, 'm'),
('meli11', 30, 3, 12, '1.2', 13, 100, 318, NULL, 89, 'f'),
('meli11', 30, 4, 5, '1.9', 48, 75, 330, NULL, 93, 'f'),
('meli11', 31, 1, 4, '2.2', 76, 70, 71, NULL, 88, 'm'),
('meli11', 31, 2, 11, '1.1', 20, 97, 154, NULL, 97, 'm'),
('meli11', 31, 3, 4, '2.4', 118, 72, 276, NULL, 101, 'f'),
('meli11', 31, 4, 11, '1.2', 30, 99, 249, NULL, 84, 'f'),
('meli11', 32, 1, 5, '2.2', 30, 76, 209, NULL, 80, 'm'),
('meli11', 32, 2, 20, '1.0', 40, 96, 378, 18, 72, 'f'),
('meli11', 32, 3, 5, '1.9', 39, 76, 324, NULL, 64, 'f'),
('meli11', 32, 4, 20, '1.2', 30, 100, 355, 17, 63, 'f'),
('meli11', 33, 1, 12, '1.1', 5, 100, 365, NULL, 23, 'f'),
('meli11', 33, 2, 12, '1.3', 7, 95, 314, NULL, 32, 'f'),
('meli11', 33, 3, 7, '1.6', 118, 92, 349, NULL, 33, 'f'),
('meli11', 33, 4, 7, '1.8', 101, 88, 253, NULL, 39, 'f'),
('meli11', 34, 1, 17, '1.6', 38, 91, 439, 21, 93, 'f'),
('meli11', 34, 2, 5, '2.0', 48, 79, 191, NULL, 88, 'm'),
('meli11', 34, 3, 17, '1.6', 42, 89, 210, 30, 99, 'm'),
('meli11', 34, 4, 5, '2.3', 45, 76, 444, NULL, 98, 'f'),
('meli11', 35, 1, 11, '1.3', 33, 99, 270, NULL, 68, 'f'),
('meli11', 35, 2, 7, '1.4', 86, 82, 93, NULL, 77, 'm'),
('meli11', 35, 3, 11, '1.2', 44, 99, 331, NULL, 78, 'f'),
('meli11', 35, 4, 7, '1.6', 84, 83, 302, NULL, 63, 'f'),
('meli11', 36, 1, 17, '1.4', 38, 90, 135, 26, 67, 'm'),
('meli11', 36, 2, 21, '1.0', 11, 96, 254, 24, 63, 'f'),
('meli11', 36, 3, 17, '1.7', 41, 92, 400, 15, 64, 'f'),
('meli11', 36, 4, 21, '1.1', 7, 97, 191, 28, 69, 'm'),
('olrd03', 1, 1, 20, '1.3', 38, 100, 253, 19, 93, 'f'),
('olrd03', 1, 2, 13, '2.1', 98, 78, 73, 26, 97, 'm'),
('olrd03', 1, 3, 20, '1.1', 35, 97, 142, 40, 92, 'm'),
('olrd03', 1, 4, 13, '2.3', 70, 70, 135, 27, 83, 'm'),
('olrd03', 2, 1, 21, '1.0', 15, 98, 61, 34, 68, 'm'),
('olrd03', 2, 2, 9, '1.8', 12, 81, 336, NULL, 78, 'f'),
('olrd03', 2, 3, 21, '1.0', 8, 99, 438, 18, 71, 'f'),
('olrd03', 2, 4, 9, '1.7', 13, 91, 346, NULL, 70, 'f'),
('olrd03', 3, 1, 6, '2.3', 14, 77, 262, NULL, 58, 'f'),
('olrd03', 3, 2, 21, '1.0', 6, 99, 225, 25, 45, 'm'),
('olrd03', 3, 3, 21, '1.1', 5, 97, 379, 12, 46, 'f'),
('olrd03', 3, 4, 6, '2.0', 11, 74, 256, NULL, 52, 'f'),
('olrd03', 4, 1, 4, '2.1', 107, 68, 348, NULL, 54, 'f'),
('olrd03', 4, 2, 4, '2.0', 98, 67, 430, NULL, 53, 'f'),
('olrd03', 4, 3, 15, '2.2', 11, 66, 353, 22, 52, 'f'),
('olrd03', 4, 4, 15, '2.3', 7, 77, 296, 24, 51, 'f'),
('olrd03', 5, 1, 21, '1.3', 8, 96, 371, 21, 25, 'f'),
('olrd03', 5, 2, 10, '1.2', 87, 97, 184, NULL, 29, 'm'),
('olrd03', 5, 3, 10, '1.1', 102, 95, 171, NULL, 28, 'm'),
('olrd03', 5, 4, 21, '1.0', 7, 99, 367, 11, 37, 'f'),
('olrd03', 6, 1, 16, '1.7', 84, 80, 72, 37, 53, 'm'),
('olrd03', 6, 2, 16, '1.4', 76, 92, 125, 35, 56, 'm'),
('olrd03', 6, 3, 21, '1.1', 6, 99, 361, 16, 48, 'f'),
('olrd03', 6, 4, 21, '1.1', 12, 96, 64, 33, 43, 'm'),
('olrd03', 7, 1, 14, '2.0', 28, 66, 256, 21, 61, 'f'),
('olrd03', 7, 2, 18, '1.7', 8, 87, 71, 31, 53, 'm'),
('olrd03', 7, 3, 18, '1.8', 7, 94, 433, 13, 49, 'f'),
('olrd03', 7, 4, 14, '2.0', 22, 68, 173, 36, 43, 'm'),
('olrd03', 8, 1, 19, '1.1', 72, 98, 121, 39, 49, 'm'),
('olrd03', 8, 2, 4, '2.0', 97, 67, 445, NULL, 62, 'f'),
('olrd03', 8, 3, 19, '1.3', 119, 95, 127, 36, 52, 'm'),
('olrd03', 8, 4, 4, '2.4', 76, 77, 246, NULL, 51, 'm'),
('olrd03', 9, 1, 8, '1.4', 26, 83, 52, NULL, 42, 'm'),
('olrd03', 9, 2, 4, '2.3', 112, 77, 301, NULL, 36, 'f'),
('olrd03', 9, 3, 4, '2.3', 101, 74, 92, NULL, 32, 'm'),
('olrd03', 9, 4, 8, '1.5', 36, 91, 392, NULL, 34, 'f'),
('olrd03', 10, 1, 8, '1.6', 31, 92, 325, NULL, 48, 'f'),
('olrd03', 10, 2, 12, '1.2', 11, 98, 326, NULL, 54, 'f'),
('olrd03', 10, 3, 12, '1.1', 10, 98, 392, NULL, 46, 'f'),
('olrd03', 10, 4, 8, '1.5', 34, 91, 332, NULL, 51, 'f'),
('olrd03', 11, 1, 11, '1.1', 41, 98, 124, NULL, 67, 'm'),
('olrd03', 11, 2, 7, '1.7', 113, 87, 421, NULL, 64, 'f'),
('olrd03', 11, 3, 11, '1.2', 38, 95, 135, NULL, 72, 'm'),
('olrd03', 11, 4, 7, '1.5', 82, 83, 319, NULL, 82, 'f'),
('olrd03', 12, 1, 4, '2.4', 86, 67, 133, NULL, 65, 'm'),
('olrd03', 12, 2, 16, '1.5', 76, 86, 280, 13, 82, 'f'),
('olrd03', 12, 3, 4, '2.0', 117, 78, 288, NULL, 69, 'f'),
('olrd03', 12, 4, 16, '1.7', 91, 93, 292, 21, 78, 'f'),
('olrd03', 13, 1, 10, '1.0', 81, 99, 57, NULL, 99, 'm'),
('olrd03', 13, 2, 10, '1.1', 82, 97, 309, NULL, 100, 'f'),
('olrd03', 13, 3, 20, '1.3', 41, 97, 271, 22, 86, 'f'),
('olrd03', 13, 4, 20, '1.3', 23, 95, 426, 17, 88, 'f'),
('olrd03', 14, 1, 18, '1.7', 12, 84, 138, 39, 46, 'm'),
('olrd03', 14, 2, 6, '1.9', 12, 72, 154, NULL, 43, 'm'),
('olrd03', 14, 3, 18, '1.6', 14, 83, 148, 40, 45, 'm'),
('olrd03', 14, 4, 6, '2.2', 12, 69, 255, NULL, 55, 'f'),
('olrd03', 15, 1, 9, '1.6', 15, 94, 390, NULL, 79, 'f'),
('olrd03', 15, 2, 4, '2.2', 73, 70, 50, NULL, 76, 'm'),
('olrd03', 15, 3, 4, '2.1', 89, 78, 100, NULL, 71, 'm'),
('olrd03', 15, 4, 9, '1.8', 15, 90, 116, NULL, 77, 'm'),
('olrd03', 16, 1, 11, '1.0', 24, 98, 321, NULL, 84, 'f'),
('olrd03', 16, 2, 4, '2.4', 79, 73, 407, NULL, 97, 'f'),
('olrd03', 16, 3, 4, '1.9', 78, 66, 414, NULL, 89, 'f'),
('olrd03', 16, 4, 11, '1.1', 36, 99, 146, NULL, 83, 'm'),
('olrd03', 17, 1, 12, '1.3', 7, 97, 230, NULL, 46, 'm'),
('olrd03', 17, 2, 12, '1.2', 10, 96, 94, NULL, 43, 'm'),
('olrd03', 17, 3, 5, '2.2', 41, 74, 72, NULL, 52, 'm'),
('olrd03', 17, 4, 5, '2.2', 49, 77, 214, NULL, 61, 'm');
INSERT INTO `concretetasks` (`vpID`, `tempPos`, `locPos`, `levelID`, `note`, `anzahl`, `prozent`, `nameID`, `photoID`, `adressID`, `sex`) VALUES
('olrd03', 18, 1, 13, '2.3', 95, 71, 203, 34, 46, 'm'),
('olrd03', 18, 2, 17, '1.6', 46, 93, 227, 25, 51, 'm'),
('olrd03', 18, 3, 17, '1.8', 37, 87, 293, 17, 61, 'f'),
('olrd03', 18, 4, 13, '2.2', 104, 67, 49, 29, 45, 'm'),
('olrd03', 19, 1, 4, '2.1', 93, 76, 202, NULL, 96, 'm'),
('olrd03', 19, 2, 4, '2.2', 102, 70, 101, NULL, 94, 'm'),
('olrd03', 19, 3, 14, '2.4', 38, 69, 290, 24, 98, 'f'),
('olrd03', 19, 4, 14, '2.1', 44, 77, 395, 18, 86, 'f'),
('olrd03', 20, 1, 13, '2.0', 87, 67, 422, 15, 96, 'f'),
('olrd03', 20, 2, 18, '1.8', 15, 82, 182, 30, 87, 'm'),
('olrd03', 20, 3, 13, '2.4', 118, 75, 270, 12, 93, 'f'),
('olrd03', 20, 4, 18, '1.5', 5, 85, 237, 36, 88, 'm'),
('olrd03', 21, 1, 5, '2.4', 26, 73, 215, NULL, 74, 'm'),
('olrd03', 21, 2, 20, '1.0', 39, 98, 372, 14, 81, 'f'),
('olrd03', 21, 3, 20, '1.2', 36, 99, 439, 22, 67, 'f'),
('olrd03', 21, 4, 5, '2.0', 28, 71, 338, NULL, 72, 'f'),
('olrd03', 22, 1, 12, '1.2', 12, 99, 407, NULL, 25, 'f'),
('olrd03', 22, 2, 4, '1.9', 105, 72, 220, NULL, 23, 'm'),
('olrd03', 22, 3, 12, '1.1', 13, 100, 312, NULL, 34, 'f'),
('olrd03', 22, 4, 4, '2.0', 113, 68, 239, NULL, 29, 'm'),
('olrd03', 23, 1, 17, '1.6', 42, 84, 65, 28, 73, 'm'),
('olrd03', 23, 2, 7, '1.5', 98, 90, 145, NULL, 65, 'm'),
('olrd03', 23, 3, 17, '1.6', 37, 81, 408, 16, 72, 'f'),
('olrd03', 23, 4, 7, '1.6', 110, 81, 202, NULL, 76, 'm'),
('olrd03', 24, 1, 7, '1.4', 120, 88, 283, NULL, 24, 'f'),
('olrd03', 24, 2, 12, '1.1', 13, 98, 171, NULL, 38, 'm'),
('olrd03', 24, 3, 12, '1.0', 11, 97, 275, NULL, 33, 'f'),
('olrd03', 24, 4, 7, '1.8', 101, 85, 398, NULL, 42, 'f'),
('olrd03', 25, 1, 21, '1.3', 8, 95, 202, 32, 25, 'm'),
('olrd03', 25, 2, 21, '1.0', 13, 99, 278, 17, 38, 'f'),
('olrd03', 25, 3, 11, '1.1', 35, 99, 392, NULL, 34, 'f'),
('olrd03', 25, 4, 11, '1.0', 23, 99, 396, NULL, 28, 'f'),
('olrd03', 26, 1, 14, '2.3', 37, 77, 294, 24, 42, 'f'),
('olrd03', 26, 2, 21, '1.1', 13, 99, 144, 40, 24, 'm'),
('olrd03', 26, 3, 21, '1.1', 10, 99, 378, 22, 28, 'f'),
('olrd03', 26, 4, 14, '2.0', 36, 68, 257, 11, 31, 'f'),
('olrd03', 27, 1, 20, '1.3', 37, 98, 109, 35, 69, 'm'),
('olrd03', 27, 2, 20, '1.0', 20, 96, 350, 21, 72, 'f'),
('olrd03', 27, 3, 8, '1.8', 41, 90, 354, NULL, 80, 'f'),
('olrd03', 27, 4, 8, '1.5', 38, 80, 187, NULL, 65, 'm'),
('olrd03', 28, 1, 18, '1.4', 8, 80, 251, 17, 96, 'f'),
('olrd03', 28, 2, 8, '1.6', 23, 91, 134, NULL, 100, 'm'),
('olrd03', 28, 3, 8, '1.7', 49, 91, 54, NULL, 95, 'm'),
('olrd03', 28, 4, 18, '1.7', 11, 88, 108, 28, 93, 'm'),
('olrd03', 29, 1, 21, '1.0', 13, 99, 349, 15, 94, 'f'),
('olrd03', 29, 2, 17, '1.4', 38, 84, 229, 36, 100, 'm'),
('olrd03', 29, 3, 17, '1.8', 47, 91, 228, 31, 87, 'm'),
('olrd03', 29, 4, 21, '1.2', 13, 96, 56, 25, 91, 'm'),
('olrd03', 30, 1, 17, '1.8', 50, 82, 101, 25, 50, 'm'),
('olrd03', 30, 2, 5, '2.3', 33, 69, 319, NULL, 56, 'f'),
('olrd03', 30, 3, 5, '1.9', 50, 73, 251, NULL, 60, 'f'),
('olrd03', 30, 4, 17, '1.5', 40, 82, 160, 27, 48, 'm'),
('olrd03', 31, 1, 20, '1.3', 41, 96, 183, 34, 86, 'm'),
('olrd03', 31, 2, 16, '1.7', 103, 90, 51, 32, 99, 'm'),
('olrd03', 31, 3, 20, '1.0', 31, 98, 124, 26, 90, 'm'),
('olrd03', 31, 4, 16, '1.6', 118, 88, 78, 35, 91, 'm'),
('olrd03', 32, 1, 18, '1.6', 9, 93, 183, 34, 50, 'm'),
('olrd03', 32, 2, 7, '1.7', 73, 80, 419, NULL, 62, 'f'),
('olrd03', 32, 3, 7, '1.5', 89, 93, 168, NULL, 56, 'm'),
('olrd03', 32, 4, 18, '1.6', 9, 94, 380, 23, 51, 'f'),
('olrd03', 33, 1, 9, '1.8', 7, 94, 201, NULL, 50, 'm'),
('olrd03', 33, 2, 5, '2.2', 22, 78, 312, NULL, 53, 'f'),
('olrd03', 33, 3, 5, '2.1', 28, 69, 159, NULL, 51, 'm'),
('olrd03', 33, 4, 9, '1.6', 10, 86, 379, NULL, 44, 'f'),
('olrd03', 34, 1, 7, '1.7', 70, 82, 154, NULL, 46, 'm'),
('olrd03', 34, 2, 19, '1.3', 81, 96, 249, 21, 43, 'f'),
('olrd03', 34, 3, 19, '1.0', 82, 99, 414, 16, 49, 'f'),
('olrd03', 34, 4, 7, '1.5', 92, 82, 215, NULL, 54, 'm'),
('olrd03', 35, 1, 5, '2.1', 46, 71, 251, NULL, 96, 'f'),
('olrd03', 35, 2, 15, '2.4', 8, 79, 198, 37, 99, 'm'),
('olrd03', 35, 3, 5, '1.9', 20, 70, 91, NULL, 102, 'm'),
('olrd03', 35, 4, 5, '2.3', 20, 75, 340, NULL, 83, 'f'),
('olrd03', 36, 1, 13, '2.3', 118, 78, 214, 38, 99, 'm'),
('olrd03', 36, 2, 21, '1.3', 13, 96, 209, 27, 95, 'm'),
('olrd03', 36, 3, 21, '1.3', 5, 96, 221, 31, 90, 'm'),
('olrd03', 36, 4, 13, '2.3', 85, 68, 284, 20, 89, 'f'),
('peho13', 1, 1, 5, '2.3', 28, 75, 77, NULL, 49, 'm'),
('peho13', 1, 2, 5, '2.2', 38, 74, 408, NULL, 54, 'f'),
('peho13', 1, 3, 5, '2.3', 32, 68, 202, NULL, 55, 'm'),
('peho13', 1, 4, 15, '2.1', 8, 71, 222, 35, 48, 'm'),
('peho13', 2, 1, 18, '1.7', 15, 94, 117, 38, 86, 'm'),
('peho13', 2, 2, 14, '1.9', 20, 73, 310, 18, 87, 'f'),
('peho13', 2, 3, 18, '1.8', 7, 87, 338, 23, 90, 'f'),
('peho13', 2, 4, 14, '1.9', 45, 70, 149, 29, 89, 'm'),
('peho13', 3, 1, 4, '2.1', 114, 70, 314, NULL, 36, 'f'),
('peho13', 3, 2, 19, '1.0', 117, 98, 330, 15, 32, 'f'),
('peho13', 3, 3, 19, '1.3', 105, 95, 186, 29, 27, 'm'),
('peho13', 3, 4, 4, '2.2', 100, 78, 335, NULL, 28, 'f'),
('peho13', 4, 1, 13, '1.9', 84, 68, 111, 34, 71, 'm'),
('peho13', 4, 2, 13, '2.0', 95, 71, 92, 40, 68, 'm'),
('peho13', 4, 3, 20, '1.3', 21, 97, 126, 41, 66, 'm'),
('peho13', 4, 4, 20, '1.2', 30, 100, 101, 37, 74, 'm'),
('peho13', 5, 1, 19, '1.3', 108, 95, 370, 24, 39, 'f'),
('peho13', 5, 2, 7, '1.6', 86, 89, 244, NULL, 41, 'm'),
('peho13', 5, 3, 7, '1.5', 83, 93, 344, NULL, 23, 'f'),
('peho13', 5, 4, 19, '1.1', 113, 98, 288, 18, 25, 'f'),
('peho13', 6, 1, 18, '1.4', 15, 90, 396, 22, 53, 'f'),
('peho13', 6, 2, 6, '2.3', 10, 72, 86, NULL, 43, 'm'),
('peho13', 6, 3, 18, '1.6', 6, 91, 296, 14, 51, 'f'),
('peho13', 6, 4, 6, '2.3', 7, 67, 321, NULL, 61, 'f'),
('peho13', 7, 1, 11, '1.0', 50, 100, 90, NULL, 41, 'm'),
('peho13', 7, 2, 7, '1.6', 116, 83, 118, NULL, 34, 'm'),
('peho13', 7, 3, 11, '1.1', 42, 97, 82, NULL, 39, 'm'),
('peho13', 7, 4, 7, '1.4', 117, 89, 136, NULL, 42, 'm'),
('peho13', 8, 1, 21, '1.0', 13, 97, 321, 24, 94, 'f'),
('peho13', 8, 2, 10, '1.0', 91, 95, 325, NULL, 98, 'f'),
('peho13', 8, 3, 21, '1.3', 13, 100, 376, 15, 96, 'f'),
('peho13', 8, 4, 10, '1.0', 92, 95, 298, NULL, 83, 'f'),
('peho13', 9, 1, 11, '1.0', 46, 99, 175, NULL, 38, 'm'),
('peho13', 9, 2, 21, '1.0', 8, 99, 432, 17, 31, 'f'),
('peho13', 9, 3, 21, '1.0', 11, 96, 110, 32, 41, 'm'),
('peho13', 9, 4, 11, '1.3', 34, 97, 148, NULL, 39, 'm'),
('peho13', 10, 1, 7, '1.5', 93, 90, 96, NULL, 84, 'm'),
('peho13', 10, 2, 18, '1.7', 8, 87, 216, 26, 91, 'm'),
('peho13', 10, 3, 7, '1.7', 76, 92, 371, NULL, 100, 'f'),
('peho13', 10, 4, 18, '1.6', 8, 83, 149, 30, 95, 'm'),
('peho13', 11, 1, 18, '1.7', 8, 85, 149, 27, 91, 'm'),
('peho13', 11, 2, 18, '1.7', 7, 92, 84, 40, 96, 'm'),
('peho13', 11, 3, 8, '1.7', 24, 90, 383, NULL, 100, 'f'),
('peho13', 11, 4, 8, '1.7', 26, 86, 273, NULL, 93, 'f'),
('peho13', 12, 1, 10, '1.1', 97, 96, 89, NULL, 92, 'm'),
('peho13', 12, 2, 20, '1.3', 47, 99, 115, 25, 93, 'm'),
('peho13', 12, 3, 20, '1.0', 28, 100, 383, 14, 98, 'f'),
('peho13', 12, 4, 10, '1.1', 96, 97, 390, NULL, 90, 'f'),
('peho13', 13, 1, 14, '2.3', 47, 77, 278, 20, 71, 'f'),
('peho13', 13, 2, 21, '1.3', 7, 96, 244, 40, 79, 'm'),
('peho13', 13, 3, 14, '2.0', 46, 70, 309, 16, 82, 'f'),
('peho13', 13, 4, 21, '1.2', 5, 95, 392, 15, 68, 'f'),
('peho13', 14, 1, 4, '2.3', 92, 67, 115, NULL, 45, 'm'),
('peho13', 14, 2, 16, '1.4', 120, 92, 307, 20, 53, 'f'),
('peho13', 14, 3, 4, '2.0', 72, 72, 66, NULL, 47, 'm'),
('peho13', 14, 4, 16, '1.6', 83, 83, 308, 12, 43, 'f'),
('peho13', 15, 1, 17, '1.8', 35, 81, 57, 30, 90, 'm'),
('peho13', 15, 2, 21, '1.1', 5, 98, 387, 19, 91, 'f'),
('peho13', 15, 3, 21, '1.3', 14, 98, 316, 16, 92, 'f'),
('peho13', 15, 4, 17, '1.4', 46, 90, 268, 23, 89, 'f'),
('peho13', 16, 1, 7, '1.5', 118, 86, 262, NULL, 37, 'f'),
('peho13', 16, 2, 7, '1.7', 96, 89, 111, NULL, 40, 'm'),
('peho13', 16, 3, 17, '1.4', 22, 93, 205, 40, 24, 'm'),
('peho13', 16, 4, 17, '1.7', 39, 81, 389, 12, 26, 'f'),
('peho13', 17, 1, 5, '2.3', 24, 71, 384, NULL, 71, 'f'),
('peho13', 17, 2, 20, '1.0', 22, 99, 109, 37, 81, 'm'),
('peho13', 17, 3, 5, '2.1', 36, 69, 335, NULL, 78, 'f'),
('peho13', 17, 4, 20, '1.3', 29, 96, 254, 18, 64, 'f'),
('peho13', 18, 1, 12, '1.3', 8, 98, 345, NULL, 48, 'f'),
('peho13', 18, 2, 4, '2.3', 105, 78, 381, NULL, 50, 'f'),
('peho13', 18, 3, 4, '2.1', 85, 68, 126, NULL, 49, 'm'),
('peho13', 18, 4, 12, '1.3', 7, 96, 219, NULL, 53, 'm'),
('peho13', 19, 1, 12, '1.3', 9, 98, 288, NULL, 47, 'f'),
('peho13', 19, 2, 8, '1.5', 30, 92, 164, NULL, 60, 'm'),
('peho13', 19, 3, 12, '1.0', 11, 100, 127, NULL, 45, 'm'),
('peho13', 19, 4, 8, '1.5', 20, 81, 317, NULL, 58, 'f'),
('peho13', 20, 1, 9, '1.7', 14, 94, 352, NULL, 57, 'f'),
('peho13', 20, 2, 4, '2.1', 103, 72, 228, NULL, 52, 'm'),
('peho13', 20, 3, 4, '2.0', 93, 69, 141, NULL, 45, 'm'),
('peho13', 20, 4, 9, '1.7', 8, 86, 400, NULL, 53, 'f'),
('peho13', 21, 1, 21, '1.1', 13, 96, 389, 12, 90, 'f'),
('peho13', 21, 2, 9, '1.4', 14, 81, 258, NULL, 84, 'f'),
('peho13', 21, 3, 21, '1.0', 12, 97, 415, 19, 97, 'f'),
('peho13', 21, 4, 9, '1.7', 12, 86, 322, NULL, 100, 'f'),
('peho13', 22, 1, 14, '2.1', 41, 74, 58, 28, 50, 'm'),
('peho13', 22, 2, 4, '2.3', 104, 76, 415, NULL, 45, 'f'),
('peho13', 22, 3, 4, '2.4', 112, 76, 202, NULL, 46, 'm'),
('peho13', 22, 4, 14, '2.1', 49, 73, 52, 35, 53, 'm'),
('peho13', 23, 1, 17, '1.6', 41, 80, 77, 27, 58, 'm'),
('peho13', 23, 2, 17, '1.4', 37, 94, 418, 15, 51, 'f'),
('peho13', 23, 3, 5, '2.1', 43, 67, 433, NULL, 59, 'f'),
('peho13', 23, 4, 5, '2.4', 42, 79, 255, NULL, 61, 'f'),
('peho13', 24, 1, 21, '1.3', 12, 98, 69, 32, 33, 'm'),
('peho13', 24, 2, 16, '1.8', 100, 81, 309, 12, 37, 'f'),
('peho13', 24, 3, 16, '1.6', 116, 80, 142, 40, 40, 'm'),
('peho13', 24, 4, 21, '1.1', 7, 98, 64, 39, 36, 'm'),
('peho13', 25, 1, 5, '2.1', 27, 67, 298, NULL, 73, 'f'),
('peho13', 25, 2, 9, '1.5', 10, 92, 119, NULL, 75, 'm'),
('peho13', 25, 3, 5, '2.0', 39, 68, 67, NULL, 66, 'm'),
('peho13', 25, 4, 9, '1.4', 7, 94, 387, NULL, 69, 'f'),
('peho13', 26, 1, 17, '1.8', 49, 88, 336, 20, 54, 'f'),
('peho13', 26, 2, 13, '2.1', 77, 71, 216, 34, 58, 'm'),
('peho13', 26, 3, 13, '2.0', 88, 73, 235, 27, 45, 'm'),
('peho13', 26, 4, 17, '1.7', 42, 88, 378, 15, 62, 'f'),
('peho13', 27, 1, 12, '1.0', 5, 95, 263, NULL, 47, 'f'),
('peho13', 27, 2, 5, '2.4', 37, 77, 373, NULL, 56, 'f'),
('peho13', 27, 3, 12, '1.2', 14, 97, 136, NULL, 61, 'm'),
('peho13', 27, 4, 5, '1.9', 46, 72, 365, NULL, 53, 'f'),
('peho13', 28, 1, 16, '1.4', 76, 88, 327, 19, 87, 'f'),
('peho13', 28, 2, 16, '1.5', 110, 88, 360, 20, 85, 'f'),
('peho13', 28, 3, 20, '1.2', 40, 97, 441, 24, 102, 'f'),
('peho13', 28, 4, 20, '1.1', 36, 95, 59, 41, 90, 'm'),
('peho13', 29, 1, 6, '2.1', 9, 78, 298, NULL, 72, 'f'),
('peho13', 29, 2, 21, '1.0', 8, 100, 244, 30, 76, 'm'),
('peho13', 29, 3, 6, '2.4', 6, 73, 268, NULL, 65, 'f'),
('peho13', 29, 4, 21, '1.3', 8, 96, 230, 40, 68, 'm'),
('peho13', 30, 1, 18, '1.7', 13, 82, 275, 15, 73, 'f'),
('peho13', 30, 2, 13, '1.9', 83, 70, 426, 20, 68, 'f'),
('peho13', 30, 3, 18, '1.7', 13, 82, 104, 28, 82, 'm'),
('peho13', 30, 4, 13, '2.1', 118, 72, 253, 16, 77, 'f'),
('peho13', 31, 1, 4, '2.2', 117, 77, 224, NULL, 51, 'm'),
('peho13', 31, 2, 15, '2.0', 10, 76, 238, 31, 61, 'm'),
('peho13', 31, 3, 15, '2.0', 7, 74, 236, 26, 55, 'm'),
('peho13', 31, 4, 4, '1.9', 112, 69, 180, NULL, 45, 'm'),
('peho13', 32, 1, 21, '1.0', 11, 98, 120, 41, 77, 'm'),
('peho13', 32, 2, 13, '2.1', 70, 66, 150, 38, 81, 'm'),
('peho13', 32, 3, 21, '1.0', 12, 95, 84, 29, 75, 'm'),
('peho13', 32, 4, 13, '2.0', 86, 75, 82, 35, 63, 'm'),
('peho13', 33, 1, 8, '1.6', 26, 86, 388, NULL, 27, 'f'),
('peho13', 33, 2, 8, '1.5', 43, 81, 286, NULL, 38, 'f'),
('peho13', 33, 3, 20, '1.0', 26, 95, 274, 18, 40, 'f'),
('peho13', 33, 4, 20, '1.2', 25, 100, 57, 38, 26, 'm'),
('peho13', 34, 1, 8, '1.5', 27, 90, 245, NULL, 40, 'm'),
('peho13', 34, 2, 4, '2.3', 91, 70, 350, NULL, 30, 'f'),
('peho13', 34, 3, 8, '1.7', 42, 90, 377, NULL, 38, 'f'),
('peho13', 34, 4, 4, '2.4', 80, 66, 171, NULL, 37, 'm'),
('peho13', 35, 1, 11, '1.3', 25, 100, 250, NULL, 86, 'f'),
('peho13', 35, 2, 4, '2.0', 81, 71, 416, NULL, 98, 'f'),
('peho13', 35, 3, 4, '2.3', 95, 69, 138, NULL, 92, 'm'),
('peho13', 35, 4, 11, '1.0', 33, 97, 378, NULL, 101, 'f'),
('peho13', 36, 1, 7, '1.8', 102, 88, 235, NULL, 96, 'm'),
('peho13', 36, 2, 7, '1.5', 88, 87, 62, NULL, 97, 'm'),
('peho13', 36, 3, 12, '1.3', 14, 98, 169, NULL, 84, 'm'),
('peho13', 36, 4, 12, '1.2', 10, 99, 143, NULL, 98, 'm'),
('Peld27', 1, 1, 21, '1.3', 15, 98, 434, 14, 59, 'f'),
('Peld27', 1, 2, 14, '2.1', 36, 68, 132, 26, 61, 'm'),
('Peld27', 1, 3, 21, '1.3', 13, 100, 105, 39, 45, 'm'),
('Peld27', 1, 4, 14, '2.3', 43, 75, 381, 16, 44, 'f'),
('Peld27', 2, 1, 4, '2.3', 70, 70, 284, NULL, 23, 'f'),
('Peld27', 2, 2, 4, '2.3', 70, 72, 69, NULL, 24, 'm'),
('Peld27', 2, 3, 11, '1.1', 32, 100, 68, NULL, 37, 'm'),
('Peld27', 2, 4, 11, '1.1', 24, 98, 150, NULL, 26, 'm'),
('Peld27', 3, 1, 16, '1.4', 77, 88, 414, 22, 89, 'f'),
('Peld27', 3, 2, 16, '1.8', 70, 83, 381, 11, 87, 'f'),
('Peld27', 3, 3, 21, '1.1', 15, 100, 160, 37, 91, 'm'),
('Peld27', 3, 4, 21, '1.0', 15, 97, 340, 16, 94, 'f'),
('Peld27', 4, 1, 18, '1.6', 11, 84, 82, 34, 23, 'm'),
('Peld27', 4, 2, 18, '1.8', 13, 91, 133, 30, 32, 'm'),
('Peld27', 4, 3, 6, '1.9', 13, 75, 342, NULL, 24, 'f'),
('Peld27', 4, 4, 6, '1.9', 10, 77, 250, NULL, 28, 'f'),
('Peld27', 5, 1, 20, '1.2', 31, 98, 266, 24, 102, 'f'),
('Peld27', 5, 2, 8, '1.8', 25, 86, 219, NULL, 89, 'm'),
('Peld27', 5, 3, 20, '1.1', 42, 96, 210, 34, 88, 'm'),
('Peld27', 5, 4, 8, '1.4', 23, 84, 433, NULL, 97, 'f'),
('Peld27', 6, 1, 7, '1.5', 113, 93, 414, NULL, 44, 'f'),
('Peld27', 6, 2, 17, '1.4', 48, 86, 275, 19, 61, 'f'),
('Peld27', 6, 3, 17, '1.5', 47, 91, 325, 17, 58, 'f'),
('Peld27', 6, 4, 7, '1.5', 115, 83, 234, NULL, 51, 'm'),
('Peld27', 7, 1, 21, '1.2', 7, 98, 103, 34, 91, 'm'),
('Peld27', 7, 2, 13, '1.9', 102, 72, 141, 33, 95, 'm'),
('Peld27', 7, 3, 21, '1.2', 12, 100, 329, 18, 93, 'f'),
('Peld27', 7, 4, 13, '2.4', 82, 73, 139, 41, 92, 'm'),
('Peld27', 8, 1, 8, '1.8', 22, 93, 419, NULL, 38, 'f'),
('Peld27', 8, 2, 18, '1.6', 11, 92, 255, 21, 27, 'f'),
('Peld27', 8, 3, 18, '1.8', 10, 91, 146, 36, 41, 'm'),
('Peld27', 8, 4, 8, '1.4', 47, 87, 369, NULL, 26, 'f'),
('Peld27', 9, 1, 4, '2.2', 94, 79, 296, NULL, 45, 'f'),
('Peld27', 9, 2, 4, '2.1', 105, 70, 156, NULL, 43, 'm'),
('Peld27', 9, 3, 15, '2.2', 7, 78, 344, 12, 56, 'f'),
('Peld27', 9, 4, 15, '2.1', 14, 72, 415, 20, 50, 'f'),
('Peld27', 10, 1, 17, '1.7', 27, 92, 308, 24, 31, 'f'),
('Peld27', 10, 2, 13, '2.2', 107, 68, 49, 38, 37, 'm'),
('Peld27', 10, 3, 13, '2.1', 96, 79, 128, 29, 36, 'm'),
('Peld27', 10, 4, 17, '1.8', 46, 86, 256, 22, 24, 'f'),
('Peld27', 11, 1, 20, '1.1', 32, 100, 175, 38, 64, 'm'),
('Peld27', 11, 2, 20, '1.1', 42, 100, 323, 16, 75, 'f'),
('Peld27', 11, 3, 5, '2.3', 46, 77, 327, NULL, 70, 'f'),
('Peld27', 11, 4, 5, '1.9', 34, 76, 379, NULL, 81, 'f'),
('Peld27', 12, 1, 21, '1.1', 9, 98, 259, 20, 75, 'f'),
('Peld27', 12, 2, 21, '1.0', 13, 96, 335, 11, 64, 'f'),
('Peld27', 12, 3, 17, '1.4', 47, 86, 326, 12, 72, 'f'),
('Peld27', 12, 4, 17, '1.6', 47, 89, 409, 24, 78, 'f'),
('Peld27', 13, 1, 19, '1.0', 81, 100, 207, 32, 70, 'm'),
('Peld27', 13, 2, 7, '1.8', 107, 92, 159, NULL, 79, 'm'),
('Peld27', 13, 3, 7, '1.6', 83, 80, 332, NULL, 69, 'f'),
('Peld27', 13, 4, 19, '1.1', 96, 97, 408, 11, 73, 'f'),
('Peld27', 14, 1, 5, '2.1', 27, 71, 247, NULL, 52, 'm'),
('Peld27', 14, 2, 15, '2.4', 9, 73, 411, 13, 53, 'f'),
('Peld27', 14, 3, 5, '2.3', 21, 68, 235, NULL, 50, 'm'),
('Peld27', 14, 4, 5, '1.9', 20, 72, 84, NULL, 60, 'm'),
('Peld27', 15, 1, 5, '2.4', 33, 68, 424, NULL, 96, 'f'),
('Peld27', 15, 2, 9, '1.7', 7, 80, 136, NULL, 84, 'm'),
('Peld27', 15, 3, 5, '2.3', 30, 67, 287, NULL, 90, 'f'),
('Peld27', 15, 4, 9, '1.5', 12, 91, 129, NULL, 98, 'm'),
('Peld27', 16, 1, 10, '1.0', 95, 97, 95, NULL, 80, 'm'),
('Peld27', 16, 2, 20, '1.0', 31, 95, 413, 15, 75, 'f'),
('Peld27', 16, 3, 10, '1.0', 89, 95, 148, NULL, 68, 'm'),
('Peld27', 16, 4, 20, '1.2', 27, 97, 296, 16, 64, 'f'),
('Peld27', 17, 1, 16, '1.8', 114, 88, 440, 20, 63, 'f'),
('Peld27', 17, 2, 16, '1.8', 72, 86, 122, 38, 80, 'm'),
('Peld27', 17, 3, 4, '2.4', 91, 71, 83, NULL, 76, 'm'),
('Peld27', 17, 4, 4, '2.2', 87, 67, 223, NULL, 70, 'm'),
('Peld27', 18, 1, 13, '2.4', 119, 68, 69, 27, 23, 'm'),
('Peld27', 18, 2, 20, '1.1', 34, 97, 215, 41, 34, 'm'),
('Peld27', 18, 3, 13, '2.3', 70, 72, 388, 22, 33, 'f'),
('Peld27', 18, 4, 20, '1.3', 30, 99, 377, 19, 39, 'f'),
('Peld27', 19, 1, 12, '1.1', 5, 97, 54, NULL, 101, 'm'),
('Peld27', 19, 2, 5, '1.9', 35, 75, 89, NULL, 86, 'm'),
('Peld27', 19, 3, 5, '2.3', 31, 72, 415, NULL, 92, 'f'),
('Peld27', 19, 4, 12, '1.0', 13, 96, 99, NULL, 88, 'm'),
('Peld27', 20, 1, 5, '2.4', 39, 66, 412, NULL, 79, 'f'),
('Peld27', 20, 2, 17, '1.5', 28, 94, 242, 36, 76, 'm'),
('Peld27', 20, 3, 5, '2.3', 26, 68, 367, NULL, 78, 'f'),
('Peld27', 20, 4, 17, '1.7', 48, 85, 199, 32, 69, 'm'),
('Peld27', 21, 1, 20, '1.3', 22, 95, 440, 19, 90, 'f'),
('Peld27', 21, 2, 16, '1.4', 107, 90, 278, 11, 96, 'f'),
('Peld27', 21, 3, 16, '1.4', 76, 86, 178, 38, 84, 'm'),
('Peld27', 21, 4, 20, '1.3', 26, 96, 363, 16, 95, 'f'),
('Peld27', 22, 1, 7, '1.4', 73, 87, 354, NULL, 72, 'f'),
('Peld27', 22, 2, 7, '1.5', 89, 84, 268, NULL, 77, 'f'),
('Peld27', 22, 3, 18, '1.4', 6, 88, 248, 37, 65, 'm'),
('Peld27', 22, 4, 18, '1.5', 14, 93, 150, 26, 80, 'm'),
('Peld27', 23, 1, 4, '1.9', 102, 72, 431, NULL, 99, 'f'),
('Peld27', 23, 2, 4, '2.4', 70, 73, 337, NULL, 102, 'f'),
('Peld27', 23, 3, 14, '2.4', 30, 78, 132, 35, 96, 'm'),
('Peld27', 23, 4, 14, '1.9', 25, 79, 418, 20, 83, 'f'),
('Peld27', 24, 1, 12, '1.1', 5, 100, 156, NULL, 77, 'm'),
('Peld27', 24, 2, 8, '1.4', 48, 91, 296, NULL, 73, 'f'),
('Peld27', 24, 3, 8, '1.6', 38, 84, 49, NULL, 68, 'm'),
('Peld27', 24, 4, 12, '1.0', 6, 100, 105, NULL, 74, 'm'),
('Peld27', 25, 1, 10, '1.3', 73, 97, 276, NULL, 93, 'f'),
('Peld27', 25, 2, 21, '1.0', 9, 97, 337, 13, 98, 'f'),
('Peld27', 25, 3, 21, '1.0', 12, 100, 319, 20, 100, 'f'),
('Peld27', 25, 4, 10, '1.0', 86, 95, 220, NULL, 95, 'm'),
('Peld27', 26, 1, 8, '1.6', 41, 88, 225, NULL, 89, 'm'),
('Peld27', 26, 2, 4, '2.1', 77, 75, 229, NULL, 84, 'm'),
('Peld27', 26, 3, 8, '1.8', 40, 86, 273, NULL, 90, 'f'),
('Peld27', 26, 4, 4, '2.2', 118, 76, 448, NULL, 85, 'f'),
('Peld27', 27, 1, 9, '1.5', 5, 82, 383, NULL, 73, 'f'),
('Peld27', 27, 2, 4, '2.3', 94, 70, 113, NULL, 79, 'm'),
('Peld27', 27, 3, 4, '2.2', 117, 76, 412, NULL, 78, 'f'),
('Peld27', 27, 4, 9, '1.7', 10, 82, 56, NULL, 66, 'm'),
('Peld27', 28, 1, 4, '2.0', 96, 76, 208, NULL, 68, 'm'),
('Peld27', 28, 2, 19, '1.1', 120, 96, 181, 26, 80, 'm'),
('Peld27', 28, 3, 19, '1.0', 115, 99, 135, 36, 81, 'm'),
('Peld27', 28, 4, 4, '2.2', 119, 79, 429, NULL, 69, 'f'),
('Peld27', 29, 1, 9, '1.4', 13, 89, 74, NULL, 46, 'm'),
('Peld27', 29, 2, 21, '1.0', 7, 96, 181, 27, 59, 'm'),
('Peld27', 29, 3, 21, '1.3', 12, 95, 110, 41, 58, 'm'),
('Peld27', 29, 4, 9, '1.6', 14, 93, 120, NULL, 57, 'm'),
('Peld27', 30, 1, 11, '1.3', 25, 98, 204, NULL, 26, 'm'),
('Peld27', 30, 2, 11, '1.2', 41, 98, 82, NULL, 27, 'm'),
('Peld27', 30, 3, 7, '1.6', 111, 86, 140, NULL, 29, 'm'),
('Peld27', 30, 4, 7, '1.4', 88, 87, 386, NULL, 34, 'f'),
('Peld27', 31, 1, 18, '1.8', 14, 94, 344, 15, 78, 'f'),
('Peld27', 31, 2, 14, '2.1', 48, 75, 316, 22, 76, 'f'),
('Peld27', 31, 3, 14, '2.3', 45, 78, 267, 16, 65, 'f'),
('Peld27', 31, 4, 18, '1.6', 14, 88, 396, 21, 80, 'f'),
('Peld27', 32, 1, 6, '2.4', 9, 79, 176, NULL, 87, 'm'),
('Peld27', 32, 2, 21, '1.0', 7, 99, 414, 17, 91, 'f'),
('Peld27', 32, 3, 21, '1.3', 10, 97, 425, 22, 85, 'f'),
('Peld27', 32, 4, 6, '2.4', 15, 78, 274, NULL, 97, 'f'),
('Peld27', 33, 1, 12, '1.2', 8, 97, 434, NULL, 79, 'f'),
('Peld27', 33, 2, 4, '2.3', 93, 67, 180, NULL, 77, 'm'),
('Peld27', 33, 3, 12, '1.1', 15, 96, 427, NULL, 78, 'f'),
('Peld27', 33, 4, 4, '2.4', 89, 74, 296, NULL, 65, 'f'),
('Peld27', 34, 1, 13, '2.0', 74, 76, 138, 30, 91, 'm'),
('Peld27', 34, 2, 13, '2.4', 99, 71, 129, 28, 84, 'm'),
('Peld27', 34, 3, 18, '1.5', 10, 85, 434, 15, 98, 'f'),
('Peld27', 34, 4, 18, '1.6', 11, 88, 259, 11, 90, 'f'),
('Peld27', 35, 1, 12, '1.1', 7, 100, 203, NULL, 54, 'm'),
('Peld27', 35, 2, 7, '1.4', 83, 93, 352, NULL, 56, 'f'),
('Peld27', 35, 3, 12, '1.2', 14, 100, 56, NULL, 55, 'm'),
('Peld27', 35, 4, 7, '1.6', 82, 85, 71, NULL, 45, 'm'),
('Peld27', 36, 1, 21, '1.0', 6, 95, 153, 34, 44, 'm'),
('Peld27', 36, 2, 11, '1.0', 35, 96, 189, NULL, 54, 'm'),
('Peld27', 36, 3, 11, '1.1', 46, 96, 377, NULL, 45, 'f'),
('Peld27', 36, 4, 21, '1.1', 11, 100, 51, 29, 51, 'm'),
('peno25', 1, 1, 16, '1.5', 92, 92, 185, 39, 33, 'm'),
('peno25', 1, 2, 16, '1.6', 78, 93, 250, 22, 40, 'f'),
('peno25', 1, 3, 21, '1.1', 13, 96, 420, 14, 29, 'f'),
('peno25', 1, 4, 21, '1.0', 10, 97, 188, 28, 26, 'm'),
('peno25', 2, 1, 17, '1.8', 44, 80, 212, 41, 33, 'm'),
('peno25', 2, 2, 7, '1.6', 116, 82, 80, NULL, 36, 'm'),
('peno25', 2, 3, 17, '1.8', 26, 84, 429, 16, 25, 'f'),
('peno25', 2, 4, 7, '1.6', 84, 85, 311, NULL, 28, 'f'),
('peno25', 3, 1, 9, '1.7', 7, 83, 305, NULL, 43, 'f'),
('peno25', 3, 2, 21, '1.2', 9, 100, 89, 26, 55, 'm'),
('peno25', 3, 3, 9, '1.5', 8, 83, 93, NULL, 59, 'm'),
('peno25', 3, 4, 21, '1.1', 13, 98, 264, 17, 48, 'f'),
('peno25', 4, 1, 7, '1.8', 83, 92, 200, NULL, 95, 'm'),
('peno25', 4, 2, 7, '1.4', 83, 82, 260, NULL, 100, 'f'),
('peno25', 4, 3, 18, '1.4', 7, 80, 371, 12, 93, 'f'),
('peno25', 4, 4, 18, '1.5', 14, 81, 348, 18, 83, 'f'),
('peno25', 5, 1, 13, '2.2', 106, 79, 416, 17, 49, 'f'),
('peno25', 5, 2, 20, '1.3', 33, 96, 248, 32, 47, 'm'),
('peno25', 5, 3, 20, '1.0', 29, 100, 434, 22, 56, 'f'),
('peno25', 5, 4, 13, '2.3', 81, 69, 422, 15, 54, 'f'),
('peno25', 6, 1, 9, '1.6', 6, 85, 345, NULL, 77, 'f'),
('peno25', 6, 2, 4, '2.0', 81, 67, 89, NULL, 70, 'm'),
('peno25', 6, 3, 9, '1.4', 6, 81, 161, NULL, 74, 'm'),
('peno25', 6, 4, 4, '1.9', 74, 70, 212, NULL, 78, 'm'),
('peno25', 7, 1, 18, '1.8', 15, 89, 66, 29, 33, 'm'),
('peno25', 7, 2, 8, '1.6', 31, 90, 216, NULL, 36, 'm'),
('peno25', 7, 3, 8, '1.6', 27, 84, 237, NULL, 26, 'm'),
('peno25', 7, 4, 18, '1.4', 9, 81, 242, 38, 39, 'm'),
('peno25', 8, 1, 4, '2.1', 117, 67, 281, NULL, 67, 'f'),
('peno25', 8, 2, 8, '1.8', 35, 85, 220, NULL, 68, 'm'),
('peno25', 8, 3, 8, '1.8', 30, 84, 394, NULL, 69, 'f'),
('peno25', 8, 4, 4, '2.1', 101, 74, 405, NULL, 74, 'f'),
('peno25', 9, 1, 5, '2.4', 49, 75, 318, NULL, 85, 'f'),
('peno25', 9, 2, 5, '2.1', 38, 69, 61, NULL, 90, 'm'),
('peno25', 9, 3, 9, '1.6', 7, 92, 303, NULL, 91, 'f'),
('peno25', 9, 4, 9, '1.4', 15, 82, 297, NULL, 95, 'f'),
('peno25', 10, 1, 6, '2.1', 13, 79, 75, NULL, 57, 'm'),
('peno25', 10, 2, 18, '1.4', 10, 80, 230, 33, 45, 'm'),
('peno25', 10, 3, 18, '1.7', 5, 83, 393, 18, 52, 'f'),
('peno25', 10, 4, 6, '1.9', 12, 72, 115, NULL, 56, 'm'),
('peno25', 11, 1, 4, '2.0', 117, 68, 246, NULL, 65, 'm'),
('peno25', 11, 2, 16, '1.7', 77, 91, 427, 24, 66, 'f'),
('peno25', 11, 3, 4, '2.2', 73, 67, 269, NULL, 63, 'f'),
('peno25', 11, 4, 16, '1.4', 102, 94, 52, 40, 71, 'm'),
('peno25', 12, 1, 20, '1.0', 43, 96, 416, 17, 71, 'f'),
('peno25', 12, 2, 20, '1.0', 31, 100, 150, 40, 65, 'm'),
('peno25', 12, 3, 5, '2.1', 49, 66, 417, NULL, 74, 'f'),
('peno25', 12, 4, 5, '2.1', 49, 75, 124, NULL, 80, 'm'),
('peno25', 13, 1, 18, '1.5', 12, 92, 321, 20, 65, 'f'),
('peno25', 13, 2, 18, '1.5', 12, 88, 238, 33, 66, 'm'),
('peno25', 13, 3, 14, '2.0', 46, 68, 274, 22, 72, 'f'),
('peno25', 13, 4, 14, '2.4', 45, 74, 189, 37, 81, 'm'),
('peno25', 14, 1, 5, '2.0', 41, 76, 434, NULL, 88, 'f'),
('peno25', 14, 2, 5, '2.0', 33, 73, 73, NULL, 85, 'm'),
('peno25', 14, 3, 17, '1.6', 49, 88, 439, 16, 91, 'f'),
('peno25', 14, 4, 17, '1.8', 40, 91, 160, 41, 89, 'm'),
('peno25', 15, 1, 15, '2.0', 5, 66, 292, 20, 51, 'f'),
('peno25', 15, 2, 15, '2.2', 10, 71, 239, 26, 59, 'm'),
('peno25', 15, 3, 4, '2.2', 119, 78, 378, NULL, 47, 'f'),
('peno25', 15, 4, 4, '2.0', 76, 70, 404, NULL, 54, 'f'),
('peno25', 16, 1, 10, '1.0', 81, 97, 436, NULL, 79, 'f'),
('peno25', 16, 2, 20, '1.3', 25, 96, 428, 16, 72, 'f'),
('peno25', 16, 3, 10, '1.2', 111, 100, 116, NULL, 65, 'm'),
('peno25', 16, 4, 20, '1.0', 36, 96, 218, 41, 74, 'm'),
('peno25', 17, 1, 4, '2.1', 108, 77, 99, NULL, 66, 'm'),
('peno25', 17, 2, 4, '1.9', 74, 75, 150, NULL, 72, 'm'),
('peno25', 17, 3, 14, '2.2', 27, 68, 240, 26, 75, 'm'),
('peno25', 17, 4, 14, '2.0', 20, 73, 289, 21, 69, 'f'),
('peno25', 18, 1, 6, '1.9', 15, 72, 158, NULL, 65, 'm'),
('peno25', 18, 2, 21, '1.1', 11, 98, 142, 29, 79, 'm'),
('peno25', 18, 3, 21, '1.3', 9, 97, 418, 21, 70, 'f'),
('peno25', 18, 4, 6, '2.4', 5, 72, 161, NULL, 74, 'm'),
('peno25', 19, 1, 21, '1.1', 12, 98, 361, 21, 96, 'f'),
('peno25', 19, 2, 14, '2.1', 43, 76, 351, 17, 85, 'f'),
('peno25', 19, 3, 14, '1.9', 46, 74, 80, 36, 101, 'm'),
('peno25', 19, 4, 21, '1.0', 13, 100, 102, 27, 89, 'm'),
('peno25', 20, 1, 5, '2.0', 33, 68, 248, NULL, 91, 'm'),
('peno25', 20, 2, 5, '2.0', 36, 72, 317, NULL, 93, 'f'),
('peno25', 20, 3, 5, '2.1', 44, 68, 219, NULL, 83, 'm'),
('peno25', 20, 4, 15, '2.2', 9, 69, 191, 37, 100, 'm'),
('peno25', 21, 1, 20, '1.3', 39, 100, 269, 24, 89, 'f'),
('peno25', 21, 2, 20, '1.1', 40, 100, 196, 32, 84, 'm'),
('peno25', 21, 3, 16, '1.4', 93, 90, 207, 38, 99, 'm'),
('peno25', 21, 4, 16, '1.8', 95, 80, 429, 12, 98, 'f'),
('peno25', 22, 1, 7, '1.6', 102, 86, 200, NULL, 26, 'm'),
('peno25', 22, 2, 7, '1.7', 87, 92, 70, NULL, 34, 'm'),
('peno25', 22, 3, 19, '1.3', 86, 98, 179, 37, 32, 'm'),
('peno25', 22, 4, 19, '1.1', 98, 99, 305, 23, 23, 'f'),
('peno25', 23, 1, 12, '1.3', 8, 97, 184, NULL, 81, 'm'),
('peno25', 23, 2, 8, '1.7', 43, 82, 92, NULL, 79, 'm'),
('peno25', 23, 3, 12, '1.3', 12, 96, 77, NULL, 65, 'm'),
('peno25', 23, 4, 8, '1.7', 36, 89, 350, NULL, 82, 'f'),
('peno25', 24, 1, 12, '1.3', 15, 97, 398, NULL, 52, 'f'),
('peno25', 24, 2, 7, '1.5', 91, 88, 255, NULL, 57, 'f'),
('peno25', 24, 3, 7, '1.6', 110, 92, 427, NULL, 61, 'f'),
('peno25', 24, 4, 12, '1.0', 8, 100, 151, NULL, 46, 'm'),
('peno25', 25, 1, 20, '1.1', 35, 95, 83, 39, 55, 'm'),
('peno25', 25, 2, 8, '1.7', 28, 89, 98, NULL, 61, 'm'),
('peno25', 25, 3, 8, '1.8', 45, 88, 372, NULL, 58, 'f'),
('peno25', 25, 4, 20, '1.3', 39, 95, 96, 28, 50, 'm'),
('peno25', 26, 1, 13, '2.0', 84, 67, 263, 13, 72, 'f'),
('peno25', 26, 2, 17, '1.5', 37, 93, 161, 39, 67, 'm'),
('peno25', 26, 3, 17, '1.6', 20, 91, 252, 19, 71, 'f'),
('peno25', 26, 4, 13, '2.4', 104, 69, 385, 22, 75, 'f'),
('peno25', 27, 1, 21, '1.0', 12, 95, 369, 23, 75, 'f'),
('peno25', 27, 2, 11, '1.2', 20, 95, 114, NULL, 65, 'm'),
('peno25', 27, 3, 11, '1.0', 40, 96, 62, NULL, 63, 'm'),
('peno25', 27, 4, 21, '1.1', 11, 100, 271, 13, 79, 'f'),
('peno25', 28, 1, 13, '1.9', 104, 72, 275, 17, 57, 'f'),
('peno25', 28, 2, 13, '1.9', 93, 69, 280, 18, 55, 'f'),
('peno25', 28, 3, 18, '1.7', 10, 83, 52, 34, 52, 'm'),
('peno25', 28, 4, 18, '1.7', 5, 92, 408, 24, 47, 'f'),
('peno25', 29, 1, 21, '1.1', 11, 96, 159, 36, 102, 'm'),
('peno25', 29, 2, 10, '1.1', 91, 96, 162, NULL, 95, 'm'),
('peno25', 29, 3, 10, '1.2', 77, 98, 217, NULL, 88, 'm'),
('peno25', 29, 4, 21, '1.3', 6, 97, 177, 25, 86, 'm'),
('peno25', 30, 1, 19, '1.1', 72, 98, 421, 17, 48, 'f'),
('peno25', 30, 2, 4, '2.3', 103, 73, 112, NULL, 45, 'm'),
('peno25', 30, 3, 19, '1.1', 75, 96, 324, 16, 47, 'f'),
('peno25', 30, 4, 4, '2.2', 107, 73, 263, NULL, 52, 'f'),
('peno25', 31, 1, 11, '1.1', 42, 95, 205, NULL, 66, 'm'),
('peno25', 31, 2, 7, '1.5', 76, 88, 71, NULL, 78, 'm'),
('peno25', 31, 3, 7, '1.8', 105, 85, 193, NULL, 68, 'm'),
('peno25', 31, 4, 11, '1.1', 23, 100, 414, NULL, 79, 'f'),
('peno25', 32, 1, 21, '1.0', 10, 98, 52, 35, 26, 'm'),
('peno25', 32, 2, 21, '1.1', 13, 100, 329, 17, 30, 'f'),
('peno25', 32, 3, 13, '2.2', 80, 72, 368, 12, 23, 'f'),
('peno25', 32, 4, 13, '2.3', 98, 79, 173, 38, 42, 'm'),
('peno25', 33, 1, 5, '1.9', 40, 78, 229, NULL, 32, 'm'),
('peno25', 33, 2, 12, '1.1', 7, 96, 100, NULL, 25, 'm'),
('peno25', 33, 3, 5, '2.0', 28, 68, 73, NULL, 33, 'm'),
('peno25', 33, 4, 12, '1.2', 14, 95, 422, NULL, 31, 'f'),
('peno25', 34, 1, 21, '1.3', 10, 98, 226, 36, 28, 'm'),
('peno25', 34, 2, 17, '1.7', 34, 89, 229, 39, 32, 'm'),
('peno25', 34, 3, 17, '1.8', 38, 80, 372, 23, 39, 'f'),
('peno25', 34, 4, 21, '1.2', 10, 98, 209, 29, 34, 'm'),
('peno25', 35, 1, 4, '1.9', 75, 73, 77, NULL, 49, 'm'),
('peno25', 35, 2, 4, '2.3', 111, 70, 145, NULL, 50, 'm'),
('peno25', 35, 3, 11, '1.0', 40, 96, 100, NULL, 52, 'm'),
('peno25', 35, 4, 11, '1.3', 29, 98, 391, NULL, 56, 'f'),
('peno25', 36, 1, 4, '2.0', 120, 73, 314, NULL, 87, 'f'),
('peno25', 36, 2, 12, '1.3', 14, 99, 368, NULL, 93, 'f'),
('peno25', 36, 3, 12, '1.3', 12, 95, 400, NULL, 96, 'f'),
('peno25', 36, 4, 4, '1.9', 81, 73, 141, NULL, 91, 'm'),
('reas07', 1, 1, 12, '1.0', 6, 98, 313, NULL, 62, 'f'),
('reas07', 1, 2, 12, '1.1', 9, 95, 98, NULL, 50, 'm'),
('reas07', 1, 3, 7, '1.5', 99, 83, 142, NULL, 47, 'm'),
('reas07', 1, 4, 7, '1.8', 99, 80, 168, NULL, 53, 'm'),
('reas07', 2, 1, 21, '1.0', 13, 95, 319, 24, 86, 'f'),
('reas07', 2, 2, 9, '1.5', 7, 84, 338, NULL, 91, 'f'),
('reas07', 2, 3, 21, '1.0', 15, 98, 361, 22, 99, 'f'),
('reas07', 2, 4, 9, '1.6', 8, 93, 326, NULL, 96, 'f'),
('reas07', 3, 1, 7, '1.6', 79, 88, 311, NULL, 64, 'f'),
('reas07', 3, 2, 7, '1.5', 116, 94, 445, NULL, 82, 'f'),
('reas07', 3, 3, 18, '1.8', 7, 93, 296, 11, 63, 'f'),
('reas07', 3, 4, 18, '1.7', 14, 88, 63, 32, 66, 'm'),
('reas07', 4, 1, 21, '1.2', 9, 99, 325, 17, 101, 'f'),
('reas07', 4, 2, 21, '1.0', 5, 98, 220, 38, 90, 'm'),
('reas07', 4, 3, 11, '1.2', 40, 96, 418, NULL, 83, 'f'),
('reas07', 4, 4, 11, '1.2', 50, 98, 339, NULL, 84, 'f'),
('reas07', 5, 1, 7, '1.8', 70, 85, 79, NULL, 67, 'm'),
('reas07', 5, 2, 7, '1.4', 84, 88, 199, NULL, 66, 'm'),
('reas07', 5, 3, 11, '1.3', 41, 100, 207, NULL, 81, 'm'),
('reas07', 5, 4, 11, '1.1', 38, 98, 339, NULL, 72, 'f'),
('reas07', 6, 1, 4, '2.2', 97, 72, 127, NULL, 68, 'm'),
('reas07', 6, 2, 19, '1.1', 114, 95, 173, 39, 64, 'm'),
('reas07', 6, 3, 19, '1.2', 98, 97, 332, 11, 78, 'f'),
('reas07', 6, 4, 4, '2.1', 83, 79, 327, NULL, 77, 'f'),
('reas07', 7, 1, 5, '2.4', 45, 66, 372, NULL, 58, 'f'),
('reas07', 7, 2, 5, '2.4', 40, 66, 128, NULL, 59, 'm'),
('reas07', 7, 3, 12, '1.3', 12, 100, 142, NULL, 61, 'm'),
('reas07', 7, 4, 12, '1.0', 15, 96, 402, NULL, 55, 'f'),
('reas07', 8, 1, 20, '1.0', 40, 95, 332, 16, 89, 'f'),
('reas07', 8, 2, 10, '1.2', 117, 100, 437, NULL, 101, 'f'),
('reas07', 8, 3, 20, '1.0', 41, 98, 351, 13, 100, 'f'),
('reas07', 8, 4, 10, '1.3', 72, 97, 157, NULL, 96, 'm'),
('reas07', 9, 1, 12, '1.1', 12, 95, 306, NULL, 47, 'f'),
('reas07', 9, 2, 12, '1.2', 15, 98, 320, NULL, 50, 'f'),
('reas07', 9, 3, 4, '2.3', 75, 74, 329, NULL, 44, 'f'),
('reas07', 9, 4, 4, '2.3', 90, 69, 207, NULL, 51, 'm'),
('reas07', 10, 1, 4, '2.1', 116, 72, 71, NULL, 53, 'm'),
('reas07', 10, 2, 4, '2.0', 97, 67, 69, NULL, 48, 'm'),
('reas07', 10, 3, 14, '2.4', 24, 74, 108, 30, 57, 'm'),
('reas07', 10, 4, 14, '2.0', 39, 73, 60, 40, 51, 'm'),
('reas07', 11, 1, 13, '2.4', 73, 73, 387, 19, 53, 'f'),
('reas07', 11, 2, 18, '1.6', 14, 92, 193, 36, 50, 'm'),
('reas07', 11, 3, 18, '1.8', 14, 81, 239, 31, 62, 'm'),
('reas07', 11, 4, 13, '2.2', 99, 68, 76, 26, 55, 'm'),
('reas07', 12, 1, 21, '1.3', 11, 95, 201, 28, 40, 'm'),
('reas07', 12, 2, 16, '1.4', 90, 81, 256, 19, 42, 'f'),
('reas07', 12, 3, 16, '1.6', 106, 92, 171, 26, 34, 'm'),
('reas07', 12, 4, 21, '1.3', 12, 96, 293, 13, 25, 'f'),
('reas07', 13, 1, 7, '1.5', 95, 80, 208, NULL, 44, 'm'),
('reas07', 13, 2, 17, '1.4', 38, 93, 311, 22, 54, 'f'),
('reas07', 13, 3, 7, '1.5', 111, 88, 261, NULL, 60, 'f'),
('reas07', 13, 4, 17, '1.4', 22, 90, 218, 26, 48, 'm'),
('reas07', 14, 1, 6, '2.3', 8, 69, 384, NULL, 64, 'f'),
('reas07', 14, 2, 21, '1.0', 13, 95, 164, 32, 65, 'm'),
('reas07', 14, 3, 21, '1.1', 11, 96, 307, 11, 71, 'f'),
('reas07', 14, 4, 6, '1.9', 10, 74, 287, NULL, 78, 'f'),
('reas07', 15, 1, 9, '1.5', 7, 82, 401, NULL, 33, 'f'),
('reas07', 15, 2, 4, '2.3', 72, 70, 99, NULL, 36, 'm'),
('reas07', 15, 3, 9, '1.4', 15, 92, 109, NULL, 42, 'm'),
('reas07', 15, 4, 4, '2.2', 117, 77, 292, NULL, 32, 'f'),
('reas07', 16, 1, 4, '2.1', 115, 78, 398, NULL, 47, 'f'),
('reas07', 16, 2, 15, '1.9', 7, 72, 231, 33, 58, 'm'),
('reas07', 16, 3, 4, '2.2', 99, 79, 437, NULL, 61, 'f'),
('reas07', 16, 4, 15, '2.3', 5, 76, 291, 13, 60, 'f'),
('reas07', 17, 1, 8, '1.4', 35, 80, 158, NULL, 97, 'm'),
('reas07', 17, 2, 18, '1.8', 5, 91, 378, 15, 86, 'f'),
('reas07', 17, 3, 18, '1.7', 15, 92, 324, 11, 102, 'f'),
('reas07', 17, 4, 8, '1.7', 27, 89, 253, NULL, 88, 'f'),
('reas07', 18, 1, 20, '1.0', 29, 98, 240, 37, 91, 'm'),
('reas07', 18, 2, 20, '1.3', 38, 96, 345, 14, 97, 'f'),
('reas07', 18, 3, 16, '1.6', 96, 82, 219, 29, 88, 'm'),
('reas07', 18, 4, 16, '1.8', 89, 81, 380, 24, 84, 'f'),
('reas07', 19, 1, 5, '2.1', 23, 72, 371, NULL, 71, 'f'),
('reas07', 19, 2, 17, '1.4', 26, 94, 198, 29, 66, 'm'),
('reas07', 19, 3, 17, '1.4', 30, 84, 419, 24, 72, 'f'),
('reas07', 19, 4, 5, '2.4', 37, 67, 65, NULL, 81, 'm'),
('reas07', 20, 1, 10, '1.0', 111, 98, 430, NULL, 29, 'f'),
('reas07', 20, 2, 21, '1.2', 6, 96, 286, 23, 38, 'f'),
('reas07', 20, 3, 21, '1.2', 11, 100, 113, 34, 36, 'm'),
('reas07', 20, 4, 10, '1.0', 85, 98, 246, NULL, 40, 'm'),
('reas07', 21, 1, 8, '1.6', 25, 87, 297, NULL, 100, 'f'),
('reas07', 21, 2, 8, '1.5', 26, 83, 411, NULL, 84, 'f'),
('reas07', 21, 3, 20, '1.1', 34, 95, 226, 25, 88, 'm'),
('reas07', 21, 4, 20, '1.3', 49, 97, 170, 37, 102, 'm'),
('reas07', 22, 1, 20, '1.0', 27, 99, 290, 17, 36, 'f'),
('reas07', 22, 2, 20, '1.1', 31, 96, 143, 38, 26, 'm'),
('reas07', 22, 3, 5, '2.2', 20, 66, 178, NULL, 30, 'm'),
('reas07', 22, 4, 5, '2.2', 49, 74, 77, NULL, 31, 'm'),
('reas07', 23, 1, 21, '1.1', 6, 97, 290, 16, 27, 'f'),
('reas07', 23, 2, 21, '1.1', 8, 95, 168, 34, 41, 'm'),
('reas07', 23, 3, 13, '2.2', 96, 74, 255, 24, 40, 'f'),
('reas07', 23, 4, 13, '2.3', 92, 69, 127, 31, 38, 'm'),
('reas07', 24, 1, 14, '1.9', 20, 66, 188, 35, 95, 'm'),
('reas07', 24, 2, 21, '1.0', 5, 95, 185, 25, 97, 'm'),
('reas07', 24, 3, 14, '1.9', 24, 73, 262, 23, 96, 'f'),
('reas07', 24, 4, 21, '1.0', 5, 98, 319, 18, 98, 'f'),
('reas07', 25, 1, 21, '1.2', 13, 99, 244, 35, 29, 'm'),
('reas07', 25, 2, 21, '1.2', 6, 97, 382, 22, 40, 'f'),
('reas07', 25, 3, 17, '1.4', 35, 87, 327, 21, 32, 'f'),
('reas07', 25, 4, 17, '1.5', 48, 87, 354, 24, 35, 'f'),
('reas07', 26, 1, 14, '1.9', 37, 71, 198, 32, 60, 'm'),
('reas07', 26, 2, 18, '1.8', 9, 81, 327, 19, 61, 'f'),
('reas07', 26, 3, 18, '1.7', 15, 86, 262, 18, 43, 'f'),
('reas07', 26, 4, 14, '2.2', 25, 76, 435, 22, 49, 'f'),
('reas07', 27, 1, 20, '1.2', 49, 97, 289, 14, 94, 'f'),
('reas07', 27, 2, 13, '2.1', 77, 68, 243, 36, 90, 'm'),
('reas07', 27, 3, 13, '2.0', 107, 69, 115, 25, 83, 'm'),
('reas07', 27, 4, 20, '1.1', 36, 99, 257, 20, 102, 'f'),
('reas07', 28, 1, 13, '2.2', 116, 69, 135, 32, 34, 'm'),
('reas07', 28, 2, 17, '1.4', 37, 81, 280, 14, 36, 'f'),
('reas07', 28, 3, 17, '1.4', 43, 83, 106, 36, 37, 'm'),
('reas07', 28, 4, 13, '2.3', 71, 69, 342, 23, 31, 'f'),
('reas07', 29, 1, 11, '1.0', 40, 95, 199, NULL, 30, 'm'),
('reas07', 29, 2, 4, '1.9', 98, 70, 245, NULL, 35, 'm'),
('reas07', 29, 3, 4, '2.4', 119, 78, 306, NULL, 29, 'f'),
('reas07', 29, 4, 11, '1.3', 31, 95, 389, NULL, 27, 'f'),
('reas07', 30, 1, 8, '1.7', 22, 87, 50, NULL, 79, 'm'),
('reas07', 30, 2, 12, '1.1', 7, 100, 71, NULL, 69, 'm'),
('reas07', 30, 3, 8, '1.5', 27, 82, 86, NULL, 75, 'm'),
('reas07', 30, 4, 12, '1.0', 8, 97, 66, NULL, 80, 'm'),
('reas07', 31, 1, 5, '2.2', 42, 66, 289, NULL, 102, 'f'),
('reas07', 31, 2, 5, '1.9', 43, 66, 327, NULL, 91, 'f'),
('reas07', 31, 3, 9, '1.4', 14, 87, 241, NULL, 93, 'm'),
('reas07', 31, 4, 9, '1.6', 13, 86, 127, NULL, 97, 'm'),
('reas07', 32, 1, 8, '1.4', 29, 89, 353, NULL, 42, 'f'),
('reas07', 32, 2, 8, '1.7', 36, 82, 438, NULL, 33, 'f'),
('reas07', 32, 3, 4, '2.2', 118, 74, 205, NULL, 25, 'm'),
('reas07', 32, 4, 4, '2.4', 119, 70, 242, NULL, 35, 'm'),
('reas07', 33, 1, 4, '2.4', 89, 69, 330, NULL, 81, 'f'),
('reas07', 33, 2, 16, '1.6', 94, 80, 386, 11, 78, 'f'),
('reas07', 33, 3, 4, '2.0', 100, 70, 312, NULL, 65, 'f'),
('reas07', 33, 4, 16, '1.7', 80, 86, 66, 38, 64, 'm'),
('reas07', 34, 1, 18, '1.8', 10, 89, 232, 37, 72, 'm'),
('reas07', 34, 2, 6, '1.9', 6, 78, 132, NULL, 70, 'm'),
('reas07', 34, 3, 6, '2.0', 8, 66, 300, NULL, 75, 'f'),
('reas07', 34, 4, 18, '1.6', 8, 85, 376, 23, 73, 'f'),
('reas07', 35, 1, 19, '1.2', 91, 100, 336, 21, 57, 'f'),
('reas07', 35, 2, 19, '1.2', 86, 98, 415, 16, 44, 'f'),
('reas07', 35, 3, 7, '1.6', 99, 84, 205, NULL, 62, 'm'),
('reas07', 35, 4, 7, '1.6', 74, 87, 260, NULL, 58, 'f'),
('reas07', 36, 1, 5, '2.1', 35, 76, 134, NULL, 84, 'm'),
('reas07', 36, 2, 5, '2.2', 46, 79, 130, NULL, 86, 'm'),
('reas07', 36, 3, 15, '2.0', 12, 75, 148, 41, 99, 'm'),
('reas07', 36, 4, 5, '2.1', 20, 70, 53, NULL, 97, 'm'),
('roie27', 1, 1, 18, '1.5', 14, 81, 243, 26, 98, 'm'),
('roie27', 1, 2, 13, '2.1', 97, 66, 376, 23, 88, 'f'),
('roie27', 1, 3, 18, '1.7', 9, 89, 372, 20, 92, 'f'),
('roie27', 1, 4, 13, '2.2', 90, 70, 228, 30, 94, 'm'),
('roie27', 2, 1, 5, '2.4', 40, 71, 252, NULL, 85, 'f'),
('roie27', 2, 2, 15, '2.0', 15, 75, 355, 21, 97, 'f'),
('roie27', 2, 3, 5, '2.2', 40, 75, 168, NULL, 86, 'm'),
('roie27', 2, 4, 5, '2.2', 31, 75, 237, NULL, 102, 'm'),
('roie27', 3, 1, 14, '2.0', 35, 67, 373, 13, 83, 'f'),
('roie27', 3, 2, 4, '2.1', 112, 75, 211, NULL, 94, 'm'),
('roie27', 3, 3, 4, '1.9', 76, 73, 401, NULL, 101, 'f'),
('roie27', 3, 4, 14, '2.1', 36, 66, 209, 33, 99, 'm'),
('roie27', 4, 1, 8, '1.5', 42, 94, 193, NULL, 82, 'm'),
('roie27', 4, 2, 8, '1.4', 50, 84, 95, NULL, 72, 'm'),
('roie27', 4, 3, 4, '2.0', 91, 67, 88, NULL, 81, 'm'),
('roie27', 4, 4, 4, '2.0', 84, 67, 54, NULL, 63, 'm'),
('roie27', 5, 1, 12, '1.1', 7, 96, 423, NULL, 82, 'f'),
('roie27', 5, 2, 5, '2.1', 45, 77, 329, NULL, 77, 'f'),
('roie27', 5, 3, 12, '1.2', 12, 95, 269, NULL, 67, 'f'),
('roie27', 5, 4, 5, '2.3', 30, 79, 351, NULL, 76, 'f'),
('roie27', 6, 1, 20, '1.1', 20, 99, 74, 35, 60, 'm'),
('roie27', 6, 2, 5, '1.9', 29, 71, 227, NULL, 50, 'm'),
('roie27', 6, 3, 20, '1.1', 34, 98, 430, 17, 46, 'f'),
('roie27', 6, 4, 5, '2.0', 39, 74, 55, NULL, 62, 'm'),
('roie27', 7, 1, 8, '1.6', 49, 83, 313, NULL, 41, 'f'),
('roie27', 7, 2, 12, '1.1', 8, 98, 400, NULL, 35, 'f'),
('roie27', 7, 3, 12, '1.3', 11, 99, 295, NULL, 33, 'f'),
('roie27', 7, 4, 8, '1.5', 28, 87, 166, NULL, 39, 'm'),
('roie27', 8, 1, 12, '1.0', 6, 96, 307, NULL, 74, 'f'),
('roie27', 8, 2, 7, '1.6', 91, 84, 171, NULL, 63, 'm'),
('roie27', 8, 3, 7, '1.8', 96, 94, 59, NULL, 70, 'm'),
('roie27', 8, 4, 12, '1.2', 11, 99, 210, NULL, 75, 'm'),
('roie27', 9, 1, 5, '2.2', 38, 66, 161, NULL, 58, 'm'),
('roie27', 9, 2, 9, '1.7', 15, 82, 236, NULL, 50, 'm'),
('roie27', 9, 3, 9, '1.6', 14, 86, 167, NULL, 49, 'm'),
('roie27', 9, 4, 5, '1.9', 45, 66, 380, NULL, 60, 'f'),
('roie27', 10, 1, 20, '1.1', 22, 98, 175, 30, 95, 'm'),
('roie27', 10, 2, 8, '1.7', 49, 88, 231, NULL, 83, 'm'),
('roie27', 10, 3, 20, '1.1', 33, 95, 173, 36, 97, 'm'),
('roie27', 10, 4, 8, '1.8', 38, 87, 237, NULL, 102, 'm'),
('roie27', 11, 1, 7, '1.8', 73, 88, 193, NULL, 37, 'm'),
('roie27', 11, 2, 17, '1.8', 24, 87, 149, 36, 31, 'm'),
('roie27', 11, 3, 7, '1.6', 96, 88, 402, NULL, 39, 'f'),
('roie27', 11, 4, 17, '1.4', 41, 82, 335, 11, 26, 'f'),
('roie27', 12, 1, 7, '1.8', 85, 91, 416, NULL, 24, 'f'),
('roie27', 12, 2, 11, '1.2', 23, 99, 358, NULL, 28, 'f'),
('roie27', 12, 3, 7, '1.8', 105, 91, 303, NULL, 30, 'f'),
('roie27', 12, 4, 11, '1.0', 31, 98, 384, NULL, 40, 'f'),
('roie27', 13, 1, 4, '1.9', 84, 77, 373, NULL, 31, 'f'),
('roie27', 13, 2, 15, '2.4', 9, 66, 264, 20, 29, 'f'),
('roie27', 13, 3, 15, '2.0', 9, 73, 176, 26, 38, 'm'),
('roie27', 13, 4, 4, '2.1', 111, 74, 94, NULL, 30, 'm'),
('roie27', 14, 1, 14, '2.4', 46, 71, 391, 18, 66, 'f'),
('roie27', 14, 2, 14, '2.2', 46, 69, 162, 27, 67, 'm'),
('roie27', 14, 3, 18, '1.7', 12, 85, 328, 13, 65, 'f'),
('roie27', 14, 4, 18, '1.6', 13, 94, 206, 39, 82, 'm'),
('roie27', 15, 1, 16, '1.7', 98, 89, 236, 35, 91, 'm'),
('roie27', 15, 2, 16, '1.6', 99, 87, 275, 13, 100, 'f'),
('roie27', 15, 3, 4, '1.9', 71, 69, 304, NULL, 99, 'f'),
('roie27', 15, 4, 4, '2.1', 90, 76, 240, NULL, 84, 'm'),
('roie27', 16, 1, 16, '1.4', 106, 83, 210, 39, 67, 'm'),
('roie27', 16, 2, 20, '1.0', 28, 98, 365, 12, 63, 'f'),
('roie27', 16, 3, 20, '1.2', 29, 100, 439, 22, 71, 'f'),
('roie27', 16, 4, 16, '1.7', 110, 89, 398, 20, 66, 'f'),
('roie27', 17, 1, 4, '2.2', 80, 75, 196, NULL, 93, 'm'),
('roie27', 17, 2, 4, '2.3', 83, 67, 135, NULL, 96, 'm'),
('roie27', 17, 3, 12, '1.1', 9, 97, 215, NULL, 94, 'm'),
('roie27', 17, 4, 12, '1.0', 11, 100, 184, NULL, 92, 'm'),
('roie27', 18, 1, 5, '2.3', 34, 78, 91, NULL, 41, 'm'),
('roie27', 18, 2, 17, '1.7', 35, 80, 375, 13, 25, 'f'),
('roie27', 18, 3, 5, '2.1', 40, 76, 381, NULL, 38, 'f'),
('roie27', 18, 4, 17, '1.8', 22, 85, 405, 11, 36, 'f'),
('roie27', 19, 1, 6, '2.1', 8, 71, 417, NULL, 85, 'f'),
('roie27', 19, 2, 18, '1.7', 15, 90, 288, 21, 99, 'f'),
('roie27', 19, 3, 6, '2.3', 15, 73, 209, NULL, 96, 'm'),
('roie27', 19, 4, 18, '1.8', 11, 89, 186, 32, 92, 'm'),
('roie27', 20, 1, 9, '1.6', 5, 86, 431, NULL, 40, 'f'),
('roie27', 20, 2, 9, '1.7', 7, 89, 423, NULL, 42, 'f'),
('roie27', 20, 3, 4, '2.3', 115, 66, 215, NULL, 25, 'm'),
('roie27', 20, 4, 4, '1.9', 115, 67, 100, NULL, 39, 'm'),
('roie27', 21, 1, 18, '1.7', 7, 93, 365, 14, 26, 'f'),
('roie27', 21, 2, 8, '1.4', 35, 82, 147, NULL, 32, 'm'),
('roie27', 21, 3, 18, '1.6', 10, 83, 310, 20, 23, 'f'),
('roie27', 21, 4, 8, '1.4', 41, 91, 351, NULL, 42, 'f'),
('roie27', 22, 1, 13, '2.0', 103, 70, 78, 27, 38, 'm'),
('roie27', 22, 2, 21, '1.2', 6, 98, 432, 13, 40, 'f'),
('roie27', 22, 3, 21, '1.1', 6, 97, 130, 35, 28, 'm'),
('roie27', 22, 4, 13, '2.2', 101, 72, 81, 34, 32, 'm'),
('roie27', 23, 1, 21, '1.1', 6, 99, 162, 25, 65, 'm'),
('roie27', 23, 2, 11, '1.0', 33, 98, 270, NULL, 73, 'f'),
('roie27', 23, 3, 21, '1.2', 6, 98, 101, 35, 68, 'm'),
('roie27', 23, 4, 11, '1.3', 21, 99, 180, NULL, 78, 'm'),
('roie27', 24, 1, 19, '1.2', 72, 95, 374, 18, 54, 'f'),
('roie27', 24, 2, 4, '1.9', 118, 73, 231, NULL, 59, 'm'),
('roie27', 24, 3, 19, '1.0', 104, 96, 276, 19, 56, 'f'),
('roie27', 24, 4, 4, '2.2', 79, 72, 248, NULL, 51, 'm'),
('roie27', 25, 1, 21, '1.1', 6, 100, 310, 18, 91, 'f'),
('roie27', 25, 2, 21, '1.2', 15, 95, 386, 19, 90, 'f'),
('roie27', 25, 3, 16, '1.6', 91, 85, 319, 11, 88, 'f'),
('roie27', 25, 4, 16, '1.6', 110, 84, 280, 21, 96, 'f'),
('roie27', 26, 1, 20, '1.2', 25, 100, 384, 11, 73, 'f'),
('roie27', 26, 2, 10, '1.1', 106, 95, 421, NULL, 74, 'f'),
('roie27', 26, 3, 10, '1.1', 105, 98, 315, NULL, 71, 'f'),
('roie27', 26, 4, 20, '1.1', 44, 99, 353, 15, 81, 'f'),
('roie27', 27, 1, 6, '2.2', 11, 73, 164, NULL, 83, 'm'),
('roie27', 27, 2, 6, '2.1', 15, 77, 60, NULL, 95, 'm'),
('roie27', 27, 3, 21, '1.1', 5, 100, 146, 29, 101, 'm'),
('roie27', 27, 4, 21, '1.2', 11, 95, 301, 20, 84, 'f'),
('roie27', 28, 1, 18, '1.7', 7, 92, 242, 25, 39, 'm'),
('roie27', 28, 2, 18, '1.6', 12, 87, 301, 13, 24, 'f'),
('roie27', 28, 3, 7, '1.5', 103, 82, 317, NULL, 41, 'f'),
('roie27', 28, 4, 7, '1.7', 85, 92, 346, NULL, 36, 'f'),
('roie27', 29, 1, 17, '1.7', 25, 92, 406, 11, 80, 'f'),
('roie27', 29, 2, 17, '1.4', 44, 81, 322, 15, 82, 'f'),
('roie27', 29, 3, 13, '2.3', 98, 70, 208, 30, 72, 'm'),
('roie27', 29, 4, 13, '2.3', 96, 72, 427, 23, 71, 'f'),
('roie27', 30, 1, 21, '1.2', 11, 100, 282, 14, 92, 'f'),
('roie27', 30, 2, 9, '1.8', 15, 93, 373, NULL, 99, 'f'),
('roie27', 30, 3, 21, '1.1', 12, 100, 159, 36, 102, 'm'),
('roie27', 30, 4, 9, '1.5', 10, 83, 79, NULL, 96, 'm'),
('roie27', 31, 1, 19, '1.2', 77, 100, 104, 29, 66, 'm'),
('roie27', 31, 2, 19, '1.1', 70, 96, 248, 28, 78, 'm'),
('roie27', 31, 3, 7, '1.5', 106, 94, 247, NULL, 69, 'm'),
('roie27', 31, 4, 7, '1.5', 117, 85, 129, NULL, 75, 'm'),
('roie27', 32, 1, 13, '2.4', 98, 71, 439, 24, 51, 'f'),
('roie27', 32, 2, 20, '1.2', 30, 96, 237, 33, 49, 'm'),
('roie27', 32, 3, 13, '2.1', 73, 76, 301, 23, 62, 'f'),
('roie27', 32, 4, 20, '1.1', 39, 97, 286, 12, 54, 'f'),
('roie27', 33, 1, 21, '1.1', 14, 95, 241, 41, 70, 'm'),
('roie27', 33, 2, 10, '1.2', 103, 98, 121, NULL, 81, 'm'),
('roie27', 33, 3, 21, '1.2', 8, 100, 326, 22, 68, 'f'),
('roie27', 33, 4, 10, '1.0', 98, 97, 229, NULL, 76, 'm'),
('roie27', 34, 1, 14, '2.0', 32, 67, 163, 35, 65, 'm'),
('roie27', 34, 2, 21, '1.2', 10, 95, 97, 25, 79, 'm'),
('roie27', 34, 3, 14, '2.1', 40, 68, 268, 14, 76, 'f'),
('roie27', 34, 4, 21, '1.2', 7, 100, 118, 28, 74, 'm'),
('roie27', 35, 1, 21, '1.1', 7, 100, 283, 15, 71, 'f'),
('roie27', 35, 2, 17, '1.8', 43, 94, 412, 17, 78, 'f'),
('roie27', 35, 3, 21, '1.0', 14, 95, 371, 19, 77, 'f'),
('roie27', 35, 4, 17, '1.8', 47, 94, 109, 32, 76, 'm'),
('roie27', 36, 1, 4, '2.3', 73, 79, 376, NULL, 97, 'f'),
('roie27', 36, 2, 11, '1.0', 48, 97, 316, NULL, 88, 'f'),
('roie27', 36, 3, 4, '2.1', 77, 73, 148, NULL, 101, 'm'),
('roie27', 36, 4, 11, '1.3', 45, 100, 90, NULL, 93, 'm'),
('saht28', 1, 1, 9, '1.8', 15, 88, 387, NULL, 25, 'f'),
('saht28', 1, 2, 5, '2.4', 38, 79, 350, NULL, 37, 'f'),
('saht28', 1, 3, 5, '2.0', 41, 76, 300, NULL, 34, 'f'),
('saht28', 1, 4, 9, '1.4', 13, 92, 334, NULL, 39, 'f'),
('saht28', 2, 1, 8, '1.4', 44, 88, 298, NULL, 82, 'f'),
('saht28', 2, 2, 4, '1.9', 95, 68, 168, NULL, 72, 'm'),
('saht28', 2, 3, 8, '1.4', 23, 81, 178, NULL, 81, 'm'),
('saht28', 2, 4, 4, '2.2', 86, 74, 253, NULL, 69, 'f'),
('saht28', 3, 1, 11, '1.2', 27, 99, 229, NULL, 43, 'm'),
('saht28', 3, 2, 4, '2.2', 106, 71, 314, NULL, 47, 'f'),
('saht28', 3, 3, 11, '1.2', 27, 95, 411, NULL, 48, 'f'),
('saht28', 3, 4, 4, '2.0', 105, 75, 249, NULL, 59, 'f'),
('saht28', 4, 1, 4, '2.1', 117, 69, 72, NULL, 57, 'm'),
('saht28', 4, 2, 15, '2.2', 10, 76, 185, 25, 52, 'm'),
('saht28', 4, 3, 15, '1.9', 7, 73, 217, 27, 49, 'm'),
('saht28', 4, 4, 4, '2.2', 71, 79, 340, NULL, 56, 'f'),
('saht28', 5, 1, 11, '1.1', 34, 98, 100, NULL, 73, 'm'),
('saht28', 5, 2, 21, '1.2', 6, 98, 390, 16, 63, 'f'),
('saht28', 5, 3, 21, '1.1', 11, 99, 269, 17, 76, 'f'),
('saht28', 5, 4, 11, '1.0', 20, 98, 152, NULL, 70, 'm'),
('saht28', 6, 1, 10, '1.1', 107, 100, 306, NULL, 51, 'f'),
('saht28', 6, 2, 10, '1.2', 102, 97, 187, NULL, 45, 'm'),
('saht28', 6, 3, 21, '1.3', 7, 98, 337, 12, 47, 'f'),
('saht28', 6, 4, 21, '1.3', 12, 96, 300, 14, 59, 'f'),
('saht28', 7, 1, 19, '1.3', 119, 100, 77, 30, 34, 'm'),
('saht28', 7, 2, 7, '1.8', 96, 94, 49, NULL, 35, 'm'),
('saht28', 7, 3, 7, '1.4', 120, 90, 436, NULL, 38, 'f'),
('saht28', 7, 4, 19, '1.1', 105, 98, 236, 31, 42, 'm'),
('saht28', 8, 1, 18, '1.6', 15, 81, 312, 22, 72, 'f'),
('saht28', 8, 2, 7, '1.5', 97, 81, 335, NULL, 64, 'f'),
('saht28', 8, 3, 18, '1.6', 5, 86, 437, 18, 78, 'f'),
('saht28', 8, 4, 7, '1.7', 97, 89, 212, NULL, 76, 'm'),
('saht28', 9, 1, 16, '1.5', 96, 90, 305, 15, 26, 'f'),
('saht28', 9, 2, 16, '1.5', 107, 87, 396, 21, 32, 'f'),
('saht28', 9, 3, 20, '1.2', 21, 96, 378, 18, 39, 'f'),
('saht28', 9, 4, 20, '1.2', 22, 99, 327, 12, 35, 'f'),
('saht28', 10, 1, 12, '1.0', 7, 98, 369, NULL, 95, 'f'),
('saht28', 10, 2, 4, '2.1', 70, 67, 306, NULL, 99, 'f'),
('saht28', 10, 3, 12, '1.3', 5, 96, 99, NULL, 93, 'm'),
('saht28', 10, 4, 4, '2.0', 101, 73, 432, NULL, 101, 'f'),
('saht28', 11, 1, 14, '2.4', 47, 78, 309, 19, 45, 'f'),
('saht28', 11, 2, 21, '1.1', 9, 98, 385, 22, 50, 'f'),
('saht28', 11, 3, 21, '1.1', 12, 98, 146, 25, 62, 'm'),
('saht28', 11, 4, 14, '2.4', 42, 66, 296, 18, 61, 'f'),
('saht28', 12, 1, 11, '1.1', 46, 98, 344, NULL, 26, 'f'),
('saht28', 12, 2, 11, '1.2', 27, 95, 150, NULL, 40, 'm'),
('saht28', 12, 3, 7, '1.8', 118, 83, 244, NULL, 30, 'm'),
('saht28', 12, 4, 7, '1.7', 118, 87, 320, NULL, 34, 'f'),
('saht28', 13, 1, 5, '2.2', 29, 67, 252, NULL, 39, 'f'),
('saht28', 13, 2, 12, '1.2', 11, 95, 358, NULL, 42, 'f'),
('saht28', 13, 3, 12, '1.1', 11, 95, 318, NULL, 40, 'f'),
('saht28', 13, 4, 5, '2.1', 41, 67, 374, NULL, 28, 'f'),
('saht28', 14, 1, 21, '1.2', 8, 97, 444, 23, 72, 'f'),
('saht28', 14, 2, 17, '1.5', 30, 89, 56, 36, 80, 'm'),
('saht28', 14, 3, 17, '1.5', 30, 90, 405, 24, 75, 'f'),
('saht28', 14, 4, 21, '1.0', 6, 96, 115, 39, 78, 'm'),
('saht28', 15, 1, 7, '1.8', 119, 87, 66, NULL, 74, 'm'),
('saht28', 15, 2, 12, '1.2', 15, 98, 75, NULL, 66, 'm'),
('saht28', 15, 3, 12, '1.1', 11, 96, 300, NULL, 81, 'f'),
('saht28', 15, 4, 7, '1.6', 100, 94, 234, NULL, 68, 'm'),
('saht28', 16, 1, 13, '1.9', 71, 67, 156, 35, 42, 'm'),
('saht28', 16, 2, 18, '1.5', 7, 93, 384, 15, 24, 'f'),
('saht28', 16, 3, 13, '2.0', 105, 79, 388, 23, 39, 'f'),
('saht28', 16, 4, 18, '1.6', 14, 83, 428, 18, 23, 'f'),
('saht28', 17, 1, 6, '2.2', 15, 68, 361, NULL, 75, 'f'),
('saht28', 17, 2, 21, '1.3', 11, 97, 159, 36, 71, 'm'),
('saht28', 17, 3, 21, '1.0', 13, 98, 340, 12, 81, 'f'),
('saht28', 17, 4, 6, '2.0', 12, 71, 295, NULL, 65, 'f'),
('saht28', 18, 1, 18, '1.7', 6, 91, 249, 23, 49, 'f'),
('saht28', 18, 2, 18, '1.7', 6, 85, 376, 16, 62, 'f'),
('saht28', 18, 3, 8, '1.7', 35, 94, 250, NULL, 60, 'f'),
('saht28', 18, 4, 8, '1.8', 29, 81, 405, NULL, 55, 'f'),
('saht28', 19, 1, 4, '2.0', 103, 67, 196, NULL, 76, 'm'),
('saht28', 19, 2, 9, '1.7', 9, 85, 418, NULL, 75, 'f'),
('saht28', 19, 3, 4, '2.2', 113, 76, 128, NULL, 80, 'm'),
('saht28', 19, 4, 9, '1.7', 5, 81, 293, NULL, 69, 'f'),
('saht28', 20, 1, 20, '1.1', 26, 99, 138, 41, 72, 'm'),
('saht28', 20, 2, 20, '1.1', 21, 95, 280, 15, 75, 'f'),
('saht28', 20, 3, 8, '1.7', 44, 86, 362, NULL, 69, 'f'),
('saht28', 20, 4, 8, '1.4', 44, 88, 143, NULL, 65, 'm'),
('saht28', 21, 1, 15, '1.9', 14, 73, 157, 27, 29, 'm'),
('saht28', 21, 2, 5, '2.1', 33, 73, 300, NULL, 32, 'f'),
('saht28', 21, 3, 5, '2.2', 47, 77, 355, NULL, 40, 'f'),
('saht28', 21, 4, 5, '2.4', 36, 75, 80, NULL, 34, 'm'),
('saht28', 22, 1, 21, '1.0', 15, 97, 219, 26, 30, 'm'),
('saht28', 22, 2, 13, '2.1', 80, 76, 303, 12, 40, 'f'),
('saht28', 22, 3, 13, '2.0', 100, 66, 99, 41, 28, 'm'),
('saht28', 22, 4, 21, '1.2', 7, 98, 329, 23, 34, 'f'),
('saht28', 23, 1, 4, '2.4', 73, 75, 286, NULL, 62, 'f'),
('saht28', 23, 2, 4, '2.0', 78, 70, 369, NULL, 59, 'f'),
('saht28', 23, 3, 19, '1.0', 107, 100, 434, 14, 48, 'f'),
('saht28', 23, 4, 19, '1.2', 99, 99, 337, 17, 55, 'f'),
('saht28', 24, 1, 17, '1.7', 30, 88, 174, 39, 37, 'm'),
('saht28', 24, 2, 17, '1.6', 28, 80, 200, 35, 38, 'm'),
('saht28', 24, 3, 13, '2.0', 109, 70, 371, 20, 35, 'f'),
('saht28', 24, 4, 13, '2.3', 109, 71, 327, 23, 32, 'f'),
('saht28', 25, 1, 16, '1.5', 94, 93, 206, 38, 35, 'm'),
('saht28', 25, 2, 4, '2.0', 100, 70, 421, NULL, 38, 'f'),
('saht28', 25, 3, 4, '2.2', 100, 68, 173, NULL, 24, 'm'),
('saht28', 25, 4, 16, '1.5', 91, 93, 163, 40, 23, 'm'),
('saht28', 26, 1, 12, '1.2', 15, 96, 381, NULL, 44, 'f'),
('saht28', 26, 2, 12, '1.3', 7, 97, 382, NULL, 46, 'f'),
('saht28', 26, 3, 8, '1.6', 21, 94, 379, NULL, 43, 'f'),
('saht28', 26, 4, 8, '1.8', 36, 92, 129, NULL, 60, 'm'),
('saht28', 27, 1, 6, '1.9', 6, 78, 232, NULL, 72, 'm'),
('saht28', 27, 2, 18, '1.4', 15, 82, 120, 31, 65, 'm'),
('saht28', 27, 3, 6, '1.9', 15, 74, 306, NULL, 63, 'f'),
('saht28', 27, 4, 18, '1.5', 14, 80, 279, 14, 71, 'f'),
('saht28', 28, 1, 10, '1.1', 120, 100, 57, NULL, 70, 'm'),
('saht28', 28, 2, 20, '1.3', 30, 96, 224, 29, 69, 'm'),
('saht28', 28, 3, 20, '1.2', 23, 100, 317, 22, 63, 'f'),
('saht28', 28, 4, 10, '1.1', 75, 95, 360, NULL, 73, 'f'),
('saht28', 29, 1, 21, '1.2', 5, 95, 189, 26, 61, 'm'),
('saht28', 29, 2, 16, '1.4', 106, 89, 73, 31, 47, 'm'),
('saht28', 29, 3, 21, '1.1', 8, 95, 382, 13, 44, 'f'),
('saht28', 29, 4, 16, '1.4', 80, 89, 87, 40, 55, 'm'),
('saht28', 30, 1, 7, '1.6', 119, 94, 298, NULL, 65, 'f'),
('saht28', 30, 2, 7, '1.7', 83, 88, 345, NULL, 63, 'f'),
('saht28', 30, 3, 17, '1.8', 31, 81, 269, 22, 69, 'f'),
('saht28', 30, 4, 17, '1.6', 39, 88, 95, 32, 72, 'm'),
('saht28', 31, 1, 21, '1.0', 10, 95, 72, 29, 38, 'm');
INSERT INTO `concretetasks` (`vpID`, `tempPos`, `locPos`, `levelID`, `note`, `anzahl`, `prozent`, `nameID`, `photoID`, `adressID`, `sex`) VALUES
('saht28', 31, 2, 9, '1.7', 7, 89, 75, NULL, 37, 'm'),
('saht28', 31, 3, 21, '1.0', 9, 99, 429, 21, 28, 'f'),
('saht28', 31, 4, 9, '1.7', 14, 89, 57, NULL, 31, 'm'),
('saht28', 32, 1, 4, '2.3', 108, 69, 189, NULL, 97, 'm'),
('saht28', 32, 2, 4, '2.3', 81, 79, 49, NULL, 93, 'm'),
('saht28', 32, 3, 14, '2.3', 24, 75, 101, 37, 94, 'm'),
('saht28', 32, 4, 14, '2.1', 25, 71, 382, 17, 95, 'f'),
('saht28', 33, 1, 5, '2.0', 23, 72, 189, NULL, 23, 'm'),
('saht28', 33, 2, 20, '1.2', 44, 97, 220, 27, 40, 'm'),
('saht28', 33, 3, 20, '1.2', 32, 98, 70, 31, 28, 'm'),
('saht28', 33, 4, 5, '2.0', 24, 76, 139, NULL, 37, 'm'),
('saht28', 34, 1, 5, '2.3', 27, 68, 249, NULL, 83, 'f'),
('saht28', 34, 2, 17, '1.6', 38, 92, 254, 14, 93, 'f'),
('saht28', 34, 3, 5, '2.4', 41, 67, 253, NULL, 101, 'f'),
('saht28', 34, 4, 17, '1.4', 48, 86, 100, 28, 102, 'm'),
('saht28', 35, 1, 20, '1.2', 43, 99, 221, 40, 50, 'm'),
('saht28', 35, 2, 20, '1.0', 27, 98, 288, 17, 61, 'f'),
('saht28', 35, 3, 13, '2.4', 73, 76, 86, 39, 51, 'm'),
('saht28', 35, 4, 13, '2.2', 71, 77, 121, 26, 59, 'm'),
('saht28', 36, 1, 18, '1.6', 11, 88, 388, 24, 62, 'f'),
('saht28', 36, 2, 14, '2.2', 29, 77, 393, 14, 43, 'f'),
('saht28', 36, 3, 18, '1.8', 6, 87, 241, 38, 47, 'm'),
('saht28', 36, 4, 14, '2.2', 46, 73, 343, 19, 44, 'f'),
('Sico09', 1, 1, 7, '1.5', 106, 93, 153, NULL, 28, 'm'),
('Sico09', 1, 2, 18, '1.7', 13, 93, 147, 35, 37, 'm'),
('Sico09', 1, 3, 18, '1.6', 13, 81, 149, 32, 33, 'm'),
('Sico09', 1, 4, 7, '1.7', 108, 80, 375, NULL, 42, 'f'),
('Sico09', 2, 1, 12, '1.0', 5, 99, 201, NULL, 74, 'm'),
('Sico09', 2, 2, 4, '2.3', 104, 68, 404, NULL, 79, 'f'),
('Sico09', 2, 3, 4, '2.1', 108, 75, 262, NULL, 80, 'f'),
('Sico09', 2, 4, 12, '1.3', 7, 100, 418, NULL, 78, 'f'),
('Sico09', 3, 1, 4, '2.0', 97, 76, 419, NULL, 49, 'f'),
('Sico09', 3, 2, 11, '1.3', 30, 98, 320, NULL, 48, 'f'),
('Sico09', 3, 3, 4, '2.3', 106, 75, 97, NULL, 51, 'm'),
('Sico09', 3, 4, 11, '1.3', 39, 97, 377, NULL, 43, 'f'),
('Sico09', 4, 1, 14, '2.0', 42, 69, 138, 32, 67, 'm'),
('Sico09', 4, 2, 14, '2.0', 44, 79, 286, 23, 71, 'f'),
('Sico09', 4, 3, 18, '1.7', 12, 84, 198, 30, 81, 'm'),
('Sico09', 4, 4, 18, '1.5', 13, 87, 301, 14, 70, 'f'),
('Sico09', 5, 1, 10, '1.3', 73, 99, 428, NULL, 76, 'f'),
('Sico09', 5, 2, 20, '1.0', 30, 98, 387, 17, 70, 'f'),
('Sico09', 5, 3, 10, '1.3', 116, 100, 323, NULL, 67, 'f'),
('Sico09', 5, 4, 20, '1.3', 36, 98, 326, 20, 71, 'f'),
('Sico09', 6, 1, 7, '1.5', 92, 87, 166, NULL, 30, 'm'),
('Sico09', 6, 2, 12, '1.1', 15, 99, 227, NULL, 31, 'm'),
('Sico09', 6, 3, 12, '1.3', 8, 98, 274, NULL, 42, 'f'),
('Sico09', 6, 4, 7, '1.6', 74, 80, 441, NULL, 39, 'f'),
('Sico09', 7, 1, 16, '1.5', 92, 80, 230, 33, 95, 'm'),
('Sico09', 7, 2, 20, '1.2', 20, 96, 98, 40, 88, 'm'),
('Sico09', 7, 3, 16, '1.8', 105, 85, 49, 38, 87, 'm'),
('Sico09', 7, 4, 20, '1.3', 29, 98, 200, 32, 92, 'm'),
('Sico09', 8, 1, 20, '1.1', 33, 98, 116, 39, 28, 'm'),
('Sico09', 8, 2, 20, '1.2', 22, 99, 311, 18, 35, 'f'),
('Sico09', 8, 3, 8, '1.8', 21, 83, 348, NULL, 38, 'f'),
('Sico09', 8, 4, 8, '1.7', 37, 83, 349, NULL, 36, 'f'),
('Sico09', 9, 1, 17, '1.7', 40, 89, 161, 40, 93, 'm'),
('Sico09', 9, 2, 17, '1.6', 20, 81, 100, 29, 95, 'm'),
('Sico09', 9, 3, 7, '1.4', 94, 84, 408, NULL, 85, 'f'),
('Sico09', 9, 4, 7, '1.4', 108, 86, 361, NULL, 98, 'f'),
('Sico09', 10, 1, 14, '2.1', 50, 68, 423, 11, 73, 'f'),
('Sico09', 10, 2, 21, '1.2', 14, 99, 428, 14, 78, 'f'),
('Sico09', 10, 3, 14, '1.9', 34, 68, 96, 39, 71, 'm'),
('Sico09', 10, 4, 21, '1.3', 12, 98, 425, 17, 72, 'f'),
('Sico09', 11, 1, 19, '1.3', 86, 95, 331, 20, 79, 'f'),
('Sico09', 11, 2, 7, '1.4', 90, 82, 401, NULL, 69, 'f'),
('Sico09', 11, 3, 19, '1.1', 109, 95, 284, 11, 81, 'f'),
('Sico09', 11, 4, 7, '1.7', 74, 88, 290, NULL, 77, 'f'),
('Sico09', 12, 1, 10, '1.1', 102, 99, 270, NULL, 52, 'f'),
('Sico09', 12, 2, 10, '1.0', 72, 100, 54, NULL, 50, 'm'),
('Sico09', 12, 3, 21, '1.2', 6, 97, 227, 38, 53, 'm'),
('Sico09', 12, 4, 21, '1.1', 8, 96, 75, 36, 44, 'm'),
('Sico09', 13, 1, 11, '1.3', 44, 100, 429, NULL, 61, 'f'),
('Sico09', 13, 2, 21, '1.2', 13, 95, 417, 11, 45, 'f'),
('Sico09', 13, 3, 11, '1.0', 44, 96, 267, NULL, 55, 'f'),
('Sico09', 13, 4, 21, '1.0', 15, 96, 183, 33, 59, 'm'),
('Sico09', 14, 1, 8, '1.5', 21, 85, 283, NULL, 102, 'f'),
('Sico09', 14, 2, 8, '1.5', 37, 88, 105, NULL, 90, 'm'),
('Sico09', 14, 3, 4, '2.4', 110, 66, 268, NULL, 83, 'f'),
('Sico09', 14, 4, 4, '2.0', 81, 78, 185, NULL, 89, 'm'),
('Sico09', 15, 1, 17, '1.6', 49, 94, 310, 24, 50, 'f'),
('Sico09', 15, 2, 5, '2.4', 33, 67, 194, NULL, 46, 'm'),
('Sico09', 15, 3, 17, '1.7', 35, 81, 369, 15, 59, 'f'),
('Sico09', 15, 4, 5, '2.1', 38, 75, 127, NULL, 54, 'm'),
('Sico09', 16, 1, 9, '1.6', 14, 93, 293, NULL, 39, 'f'),
('Sico09', 16, 2, 9, '1.8', 10, 87, 118, NULL, 30, 'm'),
('Sico09', 16, 3, 4, '2.2', 78, 66, 256, NULL, 37, 'f'),
('Sico09', 16, 4, 4, '2.0', 110, 71, 179, NULL, 38, 'm'),
('Sico09', 17, 1, 12, '1.2', 11, 98, 143, NULL, 61, 'm'),
('Sico09', 17, 2, 12, '1.1', 15, 95, 190, NULL, 45, 'm'),
('Sico09', 17, 3, 8, '1.6', 42, 89, 218, NULL, 44, 'm'),
('Sico09', 17, 4, 8, '1.8', 21, 92, 328, NULL, 48, 'f'),
('Sico09', 18, 1, 21, '1.3', 5, 98, 331, 21, 46, 'f'),
('Sico09', 18, 2, 16, '1.8', 76, 93, 443, 17, 53, 'f'),
('Sico09', 18, 3, 16, '1.7', 102, 80, 430, 22, 58, 'f'),
('Sico09', 18, 4, 21, '1.2', 7, 99, 309, 20, 49, 'f'),
('Sico09', 19, 1, 21, '1.0', 14, 97, 277, 16, 60, 'f'),
('Sico09', 19, 2, 9, '1.8', 8, 83, 380, NULL, 47, 'f'),
('Sico09', 19, 3, 9, '1.5', 7, 83, 300, NULL, 54, 'f'),
('Sico09', 19, 4, 21, '1.2', 11, 98, 255, 19, 53, 'f'),
('Sico09', 20, 1, 6, '1.9', 15, 74, 251, NULL, 65, 'f'),
('Sico09', 20, 2, 6, '2.2', 5, 72, 56, NULL, 63, 'm'),
('Sico09', 20, 3, 18, '1.7', 7, 92, 49, 37, 82, 'm'),
('Sico09', 20, 4, 18, '1.6', 10, 87, 114, 34, 73, 'm'),
('Sico09', 21, 1, 13, '2.0', 105, 72, 246, 41, 34, 'm'),
('Sico09', 21, 2, 20, '1.1', 45, 98, 435, 16, 38, 'f'),
('Sico09', 21, 3, 20, '1.1', 24, 100, 130, 29, 39, 'm'),
('Sico09', 21, 4, 13, '1.9', 114, 78, 269, 21, 31, 'f'),
('Sico09', 22, 1, 5, '2.4', 38, 69, 198, NULL, 46, 'm'),
('Sico09', 22, 2, 9, '1.8', 7, 83, 160, NULL, 43, 'm'),
('Sico09', 22, 3, 5, '2.0', 47, 79, 239, NULL, 47, 'm'),
('Sico09', 22, 4, 9, '1.6', 8, 91, 147, NULL, 62, 'm'),
('Sico09', 23, 1, 18, '1.8', 14, 87, 330, 20, 88, 'f'),
('Sico09', 23, 2, 8, '1.7', 42, 86, 87, NULL, 85, 'm'),
('Sico09', 23, 3, 8, '1.8', 35, 92, 442, NULL, 83, 'f'),
('Sico09', 23, 4, 18, '1.4', 10, 92, 211, 31, 97, 'm'),
('Sico09', 24, 1, 11, '1.3', 43, 98, 285, NULL, 89, 'f'),
('Sico09', 24, 2, 7, '1.8', 115, 89, 216, NULL, 86, 'm'),
('Sico09', 24, 3, 11, '1.3', 29, 98, 370, NULL, 88, 'f'),
('Sico09', 24, 4, 7, '1.4', 116, 82, 139, NULL, 92, 'm'),
('Sico09', 25, 1, 6, '1.9', 13, 69, 191, NULL, 75, 'm'),
('Sico09', 25, 2, 6, '2.0', 6, 78, 260, NULL, 72, 'f'),
('Sico09', 25, 3, 21, '1.2', 15, 100, 335, 11, 70, 'f'),
('Sico09', 25, 4, 21, '1.1', 11, 98, 390, 14, 76, 'f'),
('Sico09', 26, 1, 4, '2.1', 87, 73, 213, NULL, 27, 'm'),
('Sico09', 26, 2, 15, '2.4', 11, 68, 181, 38, 38, 'm'),
('Sico09', 26, 3, 4, '2.3', 81, 67, 102, NULL, 24, 'm'),
('Sico09', 26, 4, 15, '2.4', 5, 68, 188, 30, 37, 'm'),
('Sico09', 27, 1, 4, '2.3', 95, 79, 129, NULL, 96, 'm'),
('Sico09', 27, 2, 16, '1.8', 107, 82, 432, 21, 102, 'f'),
('Sico09', 27, 3, 4, '2.2', 109, 73, 277, NULL, 83, 'f'),
('Sico09', 27, 4, 16, '1.7', 119, 89, 113, 36, 100, 'm'),
('Sico09', 28, 1, 13, '1.9', 115, 77, 307, 19, 90, 'f'),
('Sico09', 28, 2, 17, '1.5', 33, 82, 142, 40, 83, 'm'),
('Sico09', 28, 3, 13, '2.0', 83, 77, 128, 26, 102, 'm'),
('Sico09', 28, 4, 17, '1.5', 20, 94, 302, 14, 88, 'f'),
('Sico09', 29, 1, 5, '1.9', 44, 70, 267, NULL, 53, 'f'),
('Sico09', 29, 2, 20, '1.3', 43, 98, 246, 31, 61, 'm'),
('Sico09', 29, 3, 20, '1.3', 36, 96, 237, 26, 51, 'm'),
('Sico09', 29, 4, 5, '2.0', 22, 72, 239, NULL, 49, 'm'),
('Sico09', 30, 1, 13, '2.4', 80, 76, 152, 28, 35, 'm'),
('Sico09', 30, 2, 21, '1.0', 6, 99, 395, 19, 32, 'f'),
('Sico09', 30, 3, 21, '1.2', 13, 98, 284, 24, 25, 'f'),
('Sico09', 30, 4, 13, '2.1', 92, 73, 118, 29, 26, 'm'),
('Sico09', 31, 1, 17, '1.5', 29, 89, 304, 21, 57, 'f'),
('Sico09', 31, 2, 17, '1.8', 22, 84, 224, 33, 47, 'm'),
('Sico09', 31, 3, 21, '1.3', 7, 95, 257, 13, 44, 'f'),
('Sico09', 31, 4, 21, '1.1', 5, 100, 426, 16, 54, 'f'),
('Sico09', 32, 1, 14, '2.1', 22, 76, 217, 34, 57, 'm'),
('Sico09', 32, 2, 14, '2.3', 23, 73, 161, 40, 53, 'm'),
('Sico09', 32, 3, 4, '1.9', 72, 66, 272, NULL, 48, 'f'),
('Sico09', 32, 4, 4, '2.4', 100, 77, 222, NULL, 44, 'm'),
('Sico09', 33, 1, 12, '1.2', 14, 96, 75, NULL, 32, 'm'),
('Sico09', 33, 2, 5, '2.1', 28, 75, 432, NULL, 30, 'f'),
('Sico09', 33, 3, 12, '1.3', 14, 96, 126, NULL, 31, 'm'),
('Sico09', 33, 4, 5, '1.9', 31, 68, 341, NULL, 27, 'f'),
('Sico09', 34, 1, 5, '2.0', 35, 78, 241, NULL, 89, 'm'),
('Sico09', 34, 2, 15, '2.2', 14, 69, 75, 26, 97, 'm'),
('Sico09', 34, 3, 5, '2.3', 33, 79, 355, NULL, 84, 'f'),
('Sico09', 34, 4, 5, '2.1', 40, 69, 153, NULL, 87, 'm'),
('Sico09', 35, 1, 19, '1.3', 86, 96, 88, 34, 96, 'm'),
('Sico09', 35, 2, 4, '2.0', 109, 68, 52, NULL, 98, 'm'),
('Sico09', 35, 3, 4, '2.1', 72, 71, 376, NULL, 89, 'f'),
('Sico09', 35, 4, 19, '1.2', 100, 100, 61, 26, 88, 'm'),
('Sico09', 36, 1, 13, '2.2', 91, 73, 114, 41, 42, 'm'),
('Sico09', 36, 2, 18, '1.8', 11, 85, 255, 19, 24, 'f'),
('Sico09', 36, 3, 18, '1.4', 6, 86, 382, 12, 33, 'f'),
('Sico09', 36, 4, 13, '2.0', 70, 70, 66, 25, 27, 'm'),
('test001', 1, 1, 17, '1.5', 45, 94, 143, 34, 96, 'm'),
('test001', 1, 2, 21, '1.2', 13, 96, 258, 22, 88, 'f'),
('test001', 1, 3, 21, '1.1', 5, 96, 378, 11, 100, 'f'),
('test001', 1, 4, 17, '1.7', 30, 83, 327, 24, 83, 'f'),
('test001', 2, 1, 8, '1.8', 46, 81, 89, NULL, 28, 'm'),
('test001', 2, 2, 12, '1.2', 12, 95, 58, NULL, 41, 'm'),
('test001', 2, 3, 12, '1.1', 15, 98, 59, NULL, 38, 'm'),
('test001', 2, 4, 8, '1.7', 28, 82, 136, NULL, 23, 'm'),
('test001', 3, 1, 12, '1.2', 9, 97, 245, NULL, 40, 'm'),
('test001', 3, 2, 4, '2.2', 75, 73, 129, NULL, 25, 'm'),
('test001', 3, 3, 12, '1.0', 9, 97, 269, NULL, 41, 'f'),
('test001', 3, 4, 4, '2.2', 98, 76, 288, NULL, 35, 'f'),
('test001', 4, 1, 20, '1.0', 44, 100, 403, 19, 36, 'f'),
('test001', 4, 2, 5, '2.4', 44, 71, 290, NULL, 38, 'f'),
('test001', 4, 3, 20, '1.0', 27, 95, 94, 36, 32, 'm'),
('test001', 4, 4, 5, '2.4', 42, 75, 407, NULL, 41, 'f'),
('test001', 5, 1, 16, '1.4', 113, 80, 428, 15, 27, 'f'),
('test001', 5, 2, 20, '1.2', 46, 97, 253, 16, 37, 'f'),
('test001', 5, 3, 20, '1.1', 22, 100, 389, 12, 31, 'f'),
('test001', 5, 4, 16, '1.6', 80, 92, 340, 23, 36, 'f'),
('test001', 6, 1, 4, '1.9', 71, 68, 98, NULL, 38, 'm'),
('test001', 6, 2, 15, '2.4', 14, 71, 425, 22, 34, 'f'),
('test001', 6, 3, 15, '1.9', 5, 75, 210, 26, 36, 'm'),
('test001', 6, 4, 4, '2.3', 79, 74, 352, NULL, 26, 'f'),
('test001', 7, 1, 5, '2.4', 50, 66, 230, NULL, 42, 'm'),
('test001', 7, 2, 5, '2.0', 41, 76, 116, NULL, 23, 'm'),
('test001', 7, 3, 5, '2.0', 49, 72, 129, NULL, 39, 'm'),
('test001', 7, 4, 15, '1.9', 6, 72, 109, 30, 29, 'm'),
('test001', 8, 1, 17, '1.4', 39, 92, 408, 14, 67, 'f'),
('test001', 8, 2, 5, '2.4', 44, 66, 333, NULL, 70, 'f'),
('test001', 8, 3, 5, '2.0', 44, 68, 348, NULL, 78, 'f'),
('test001', 8, 4, 17, '1.8', 49, 83, 252, 21, 68, 'f'),
('test034', 1, 1, 9, '1.7', 9, 88, 56, NULL, 60, 'm'),
('test034', 1, 2, 21, '1.1', 14, 100, 49, 36, 59, 'm'),
('test034', 1, 3, 9, '1.8', 15, 88, 72, NULL, 56, 'm'),
('test034', 1, 4, 21, '1.3', 14, 100, 255, 13, 51, 'f'),
('test034', 2, 1, 19, '1.2', 119, 96, 308, 18, 93, 'f'),
('test034', 2, 2, 4, '2.0', 70, 75, 128, NULL, 90, 'm'),
('test034', 2, 3, 4, '2.3', 71, 71, 93, NULL, 94, 'm'),
('test034', 2, 4, 19, '1.0', 85, 95, 277, 23, 88, 'f'),
('test034', 3, 1, 14, '2.4', 45, 70, 78, 38, 28, 'm'),
('test034', 3, 2, 14, '2.3', 24, 79, 271, 20, 23, 'f'),
('test034', 3, 3, 21, '1.1', 5, 97, 145, 29, 40, 'm'),
('test034', 3, 4, 21, '1.3', 14, 97, 259, 14, 30, 'f'),
('test034', 4, 1, 21, '1.1', 13, 97, 213, 30, 82, 'm'),
('test034', 4, 2, 16, '1.8', 71, 85, 302, 12, 73, 'f'),
('test034', 4, 3, 16, '1.6', 108, 92, 261, 15, 68, 'f'),
('test034', 4, 4, 21, '1.1', 12, 99, 339, 20, 79, 'f'),
('test034', 5, 1, 4, '2.0', 70, 69, 107, NULL, 59, 'm'),
('test034', 5, 2, 11, '1.3', 26, 97, 76, NULL, 52, 'm'),
('test034', 5, 3, 4, '2.0', 89, 71, 385, NULL, 50, 'f'),
('test034', 5, 4, 11, '1.0', 26, 99, 334, NULL, 60, 'f'),
('test034', 6, 1, 7, '1.7', 112, 88, 244, NULL, 75, 'm'),
('test034', 6, 2, 12, '1.1', 15, 95, 430, NULL, 65, 'f'),
('test034', 6, 3, 7, '1.6', 75, 83, 366, NULL, 76, 'f'),
('test034', 6, 4, 12, '1.0', 10, 98, 124, NULL, 72, 'm'),
('test034', 7, 1, 7, '1.4', 114, 88, 299, NULL, 32, 'f'),
('test034', 7, 2, 18, '1.6', 10, 90, 264, 21, 36, 'f'),
('test034', 7, 3, 18, '1.4', 9, 83, 396, 11, 31, 'f'),
('test034', 7, 4, 7, '1.8', 74, 81, 188, NULL, 40, 'm'),
('test034', 8, 1, 11, '1.3', 49, 97, 158, NULL, 32, 'm'),
('test034', 8, 2, 21, '1.2', 14, 98, 226, 30, 34, 'm'),
('test034', 8, 3, 11, '1.2', 46, 96, 418, NULL, 24, 'f'),
('test034', 8, 4, 21, '1.2', 14, 95, 88, 31, 33, 'm'),
('test034', 9, 1, 12, '1.0', 13, 96, 155, NULL, 59, 'm'),
('test034', 9, 2, 8, '1.8', 48, 94, 372, NULL, 52, 'f'),
('test034', 9, 3, 8, '1.7', 35, 84, 64, NULL, 50, 'm'),
('test034', 9, 4, 12, '1.0', 8, 99, 107, NULL, 51, 'm'),
('test034', 10, 1, 5, '2.4', 44, 78, 132, NULL, 37, 'm'),
('test034', 10, 2, 5, '2.0', 20, 69, 343, NULL, 28, 'f'),
('test034', 10, 3, 12, '1.3', 8, 97, 55, NULL, 33, 'm'),
('test034', 10, 4, 12, '1.3', 12, 100, 306, NULL, 40, 'f'),
('test034', 11, 1, 8, '1.4', 49, 88, 333, NULL, 99, 'f'),
('test034', 11, 2, 20, '1.3', 28, 100, 353, 11, 84, 'f'),
('test034', 11, 3, 20, '1.2', 28, 99, 218, 40, 100, 'm'),
('test034', 11, 4, 8, '1.8', 40, 92, 166, NULL, 96, 'm'),
('test034', 12, 1, 16, '1.8', 88, 91, 204, 38, 42, 'm'),
('test034', 12, 2, 20, '1.3', 32, 100, 136, 41, 31, 'm'),
('test034', 12, 3, 20, '1.2', 23, 95, 324, 14, 26, 'f'),
('test034', 12, 4, 16, '1.5', 77, 90, 59, 39, 39, 'm'),
('test034', 13, 1, 5, '2.4', 23, 72, 194, NULL, 54, 'm'),
('test034', 13, 2, 15, '2.3', 10, 75, 385, 17, 47, 'f'),
('test034', 13, 3, 5, '2.0', 33, 73, 232, NULL, 57, 'm'),
('test034', 13, 4, 5, '2.4', 38, 69, 415, NULL, 46, 'f'),
('test034', 14, 1, 8, '1.4', 48, 81, 306, NULL, 72, 'f'),
('test034', 14, 2, 4, '2.3', 91, 67, 243, NULL, 71, 'm'),
('test034', 14, 3, 8, '1.6', 32, 94, 173, NULL, 82, 'm'),
('test034', 14, 4, 4, '2.0', 77, 69, 157, NULL, 63, 'm'),
('test034', 15, 1, 20, '1.1', 45, 96, 229, 34, 87, 'm'),
('test034', 15, 2, 13, '2.3', 79, 68, 425, 20, 94, 'f'),
('test034', 15, 3, 13, '2.3', 93, 69, 80, 33, 101, 'm'),
('test034', 15, 4, 20, '1.2', 36, 100, 416, 12, 97, 'f'),
('test034', 16, 1, 14, '2.2', 46, 75, 254, 23, 87, 'f'),
('test034', 16, 2, 18, '1.6', 5, 86, 445, 11, 84, 'f'),
('test034', 16, 3, 14, '1.9', 39, 66, 74, 36, 83, 'm'),
('test034', 16, 4, 18, '1.8', 15, 88, 444, 13, 86, 'f'),
('test034', 17, 1, 21, '1.1', 12, 97, 392, 15, 51, 'f'),
('test034', 17, 2, 13, '2.0', 93, 67, 106, 41, 55, 'm'),
('test034', 17, 3, 13, '2.3', 88, 71, 158, 25, 58, 'm'),
('test034', 17, 4, 21, '1.2', 11, 95, 66, 32, 50, 'm'),
('test034', 18, 1, 18, '1.4', 10, 85, 442, 20, 99, 'f'),
('test034', 18, 2, 8, '1.6', 34, 80, 434, NULL, 84, 'f'),
('test034', 18, 3, 8, '1.5', 24, 81, 400, NULL, 94, 'f'),
('test034', 18, 4, 18, '1.5', 9, 82, 165, 37, 89, 'm'),
('test034', 19, 1, 4, '2.0', 84, 78, 169, NULL, 74, 'm'),
('test034', 19, 2, 15, '2.3', 14, 79, 282, 22, 73, 'f'),
('test034', 19, 3, 4, '2.1', 80, 77, 351, NULL, 69, 'f'),
('test034', 19, 4, 15, '2.2', 13, 67, 376, 20, 78, 'f'),
('test034', 20, 1, 17, '1.5', 20, 90, 404, 14, 78, 'f'),
('test034', 20, 2, 7, '1.6', 94, 89, 82, NULL, 79, 'm'),
('test034', 20, 3, 17, '1.4', 25, 84, 187, 32, 67, 'm'),
('test034', 20, 4, 7, '1.6', 82, 93, 244, NULL, 64, 'm'),
('test034', 21, 1, 9, '1.7', 9, 92, 337, NULL, 73, 'f'),
('test034', 21, 2, 9, '1.6', 5, 87, 401, NULL, 67, 'f'),
('test034', 21, 3, 4, '2.2', 119, 78, 140, NULL, 63, 'm'),
('test034', 21, 4, 4, '2.3', 84, 67, 363, NULL, 66, 'f'),
('test034', 22, 1, 5, '2.3', 40, 76, 376, NULL, 82, 'f'),
('test034', 22, 2, 5, '1.9', 27, 76, 76, NULL, 79, 'm'),
('test034', 22, 3, 17, '1.4', 38, 89, 243, 28, 78, 'm'),
('test034', 22, 4, 17, '1.5', 44, 93, 407, 15, 70, 'f'),
('test034', 23, 1, 10, '1.3', 107, 97, 141, NULL, 64, 'm'),
('test034', 23, 2, 20, '1.0', 46, 95, 111, 39, 79, 'm'),
('test034', 23, 3, 10, '1.3', 119, 97, 273, NULL, 77, 'f'),
('test034', 23, 4, 20, '1.0', 37, 100, 261, 22, 68, 'f'),
('test034', 24, 1, 21, '1.1', 8, 100, 428, 24, 28, 'f'),
('test034', 24, 2, 6, '2.3', 14, 77, 393, NULL, 33, 'f'),
('test034', 24, 3, 21, '1.3', 14, 97, 81, 26, 23, 'm'),
('test034', 24, 4, 6, '1.9', 12, 74, 370, NULL, 42, 'f'),
('test034', 25, 1, 9, '1.4', 8, 89, 206, NULL, 33, 'm'),
('test034', 25, 2, 5, '1.9', 46, 66, 220, NULL, 39, 'm'),
('test034', 25, 3, 5, '1.9', 38, 66, 129, NULL, 37, 'm'),
('test034', 25, 4, 9, '1.7', 9, 85, 56, NULL, 38, 'm'),
('test034', 26, 1, 17, '1.7', 48, 87, 377, 15, 37, 'f'),
('test034', 26, 2, 21, '1.1', 7, 98, 393, 20, 36, 'f'),
('test034', 26, 3, 17, '1.6', 40, 87, 365, 19, 40, 'f'),
('test034', 26, 4, 21, '1.1', 15, 95, 346, 16, 30, 'f'),
('test034', 27, 1, 19, '1.0', 120, 98, 276, 19, 48, 'f'),
('test034', 27, 2, 7, '1.4', 71, 90, 423, NULL, 55, 'f'),
('test034', 27, 3, 19, '1.1', 117, 98, 264, 12, 47, 'f'),
('test034', 27, 4, 7, '1.6', 114, 80, 331, NULL, 61, 'f'),
('test034', 28, 1, 5, '2.2', 47, 75, 359, NULL, 65, 'f'),
('test034', 28, 2, 20, '1.2', 22, 95, 438, 11, 63, 'f'),
('test034', 28, 3, 5, '2.1', 40, 74, 173, NULL, 75, 'm'),
('test034', 28, 4, 20, '1.3', 39, 96, 127, 37, 72, 'm'),
('test034', 29, 1, 17, '1.6', 49, 89, 434, 21, 38, 'f'),
('test034', 29, 2, 17, '1.6', 25, 80, 116, 25, 29, 'm'),
('test034', 29, 3, 13, '2.4', 115, 79, 286, 24, 37, 'f'),
('test034', 29, 4, 13, '2.1', 93, 76, 119, 35, 35, 'm'),
('test034', 30, 1, 11, '1.1', 25, 96, 433, NULL, 92, 'f'),
('test034', 30, 2, 11, '1.0', 42, 95, 66, NULL, 101, 'm'),
('test034', 30, 3, 7, '1.4', 80, 81, 227, NULL, 95, 'm'),
('test034', 30, 4, 7, '1.8', 81, 81, 241, NULL, 84, 'm'),
('test034', 31, 1, 10, '1.2', 83, 96, 211, NULL, 100, 'm'),
('test034', 31, 2, 21, '1.0', 5, 98, 112, 35, 99, 'm'),
('test034', 31, 3, 21, '1.1', 14, 97, 226, 26, 88, 'm'),
('test034', 31, 4, 10, '1.0', 87, 95, 389, NULL, 87, 'f'),
('test034', 32, 1, 4, '2.2', 70, 73, 251, NULL, 84, 'f'),
('test034', 32, 2, 4, '2.3', 81, 78, 419, NULL, 102, 'f'),
('test034', 32, 3, 12, '1.3', 6, 96, 67, NULL, 95, 'm'),
('test034', 32, 4, 12, '1.2', 12, 100, 226, NULL, 92, 'm'),
('test034', 33, 1, 4, '2.4', 73, 71, 356, NULL, 48, 'f'),
('test034', 33, 2, 14, '2.1', 32, 77, 330, 15, 49, 'f'),
('test034', 33, 3, 4, '1.9', 119, 72, 276, NULL, 60, 'f'),
('test034', 33, 4, 14, '2.2', 43, 75, 209, 35, 57, 'm'),
('test034', 34, 1, 4, '2.2', 113, 68, 280, NULL, 73, 'f'),
('test034', 34, 2, 16, '1.5', 118, 89, 104, 26, 77, 'm'),
('test034', 34, 3, 4, '2.3', 108, 74, 432, NULL, 70, 'f'),
('test034', 34, 4, 16, '1.7', 114, 82, 419, 20, 67, 'f'),
('test034', 35, 1, 6, '2.2', 14, 79, 371, NULL, 76, 'f'),
('test034', 35, 2, 18, '1.6', 8, 81, 152, 34, 68, 'm'),
('test034', 35, 3, 6, '2.0', 7, 71, 148, NULL, 66, 'm'),
('test034', 35, 4, 18, '1.6', 8, 84, 138, 29, 79, 'm'),
('test034', 36, 1, 13, '2.4', 82, 76, 443, 14, 67, 'f'),
('test034', 36, 2, 13, '2.0', 107, 71, 286, 20, 71, 'f'),
('test034', 36, 3, 18, '1.5', 13, 80, 140, 33, 77, 'm'),
('test034', 36, 4, 18, '1.8', 14, 94, 418, 17, 75, 'f'),
('test24', 1, 1, 13, '2.0', 80, 79, 304, 16, 36, 'f'),
('test24', 1, 2, 13, '2.3', 77, 69, 233, 26, 38, 'm'),
('test24', 1, 3, 17, '1.4', 34, 91, 348, 17, 29, 'f'),
('test24', 1, 4, 17, '1.6', 26, 88, 235, 33, 40, 'm'),
('TEst45432', 1, 1, 17, '1.7', 33, 85, 261, 17, 69, 'f'),
('TEst45432', 1, 2, 17, '1.5', 25, 89, 379, 21, 74, 'f'),
('TEst45432', 1, 3, 5, '2.2', 47, 71, 199, NULL, 77, 'm'),
('TEst45432', 1, 4, 5, '2.2', 33, 78, 363, NULL, 65, 'f'),
('TEst45432', 2, 1, 16, '1.5', 101, 94, 85, 25, 82, 'm'),
('TEst45432', 2, 2, 4, '2.0', 115, 79, 282, NULL, 72, 'f'),
('TEst45432', 2, 3, 4, '2.0', 101, 66, 365, NULL, 75, 'f'),
('TEst45432', 2, 4, 16, '1.4', 109, 89, 134, 32, 65, 'm'),
('TEst45432', 3, 1, 5, '2.1', 50, 70, 66, NULL, 51, 'm'),
('TEst45432', 3, 2, 15, '2.4', 5, 77, 94, 28, 58, 'm'),
('TEst45432', 3, 3, 5, '2.0', 34, 77, 376, NULL, 43, 'f'),
('TEst45432', 3, 4, 5, '2.3', 50, 68, 61, NULL, 62, 'm'),
('TEst45432', 4, 1, 5, '2.0', 24, 78, 91, NULL, 41, 'm'),
('TEst45432', 4, 2, 5, '2.2', 22, 72, 382, NULL, 40, 'f'),
('TEst45432', 4, 3, 9, '1.4', 8, 86, 199, NULL, 31, 'm'),
('TEst45432', 4, 4, 9, '1.4', 15, 87, 237, NULL, 28, 'm'),
('TEst45432', 5, 1, 10, '1.2', 112, 95, 419, NULL, 92, 'f'),
('TEst45432', 5, 2, 20, '1.1', 22, 96, 128, 29, 89, 'm'),
('TEst45432', 5, 3, 20, '1.2', 37, 99, 404, 21, 90, 'f'),
('TEst45432', 5, 4, 10, '1.3', 78, 95, 346, NULL, 99, 'f'),
('TEst45432', 6, 1, 16, '1.7', 71, 80, 405, 11, 77, 'f'),
('TEst45432', 6, 2, 21, '1.2', 6, 97, 421, 18, 73, 'f'),
('TEst45432', 6, 3, 21, '1.1', 7, 95, 321, 13, 75, 'f'),
('TEst45432', 6, 4, 16, '1.7', 110, 81, 298, 12, 67, 'f'),
('TEst45432', 7, 1, 8, '1.8', 39, 92, 325, NULL, 63, 'f'),
('TEst45432', 7, 2, 18, '1.6', 7, 88, 365, 22, 65, 'f'),
('TEst45432', 7, 3, 8, '1.7', 36, 85, 69, NULL, 82, 'm'),
('TEst45432', 7, 4, 18, '1.7', 13, 87, 241, 38, 80, 'm'),
('TEst45432', 8, 1, 18, '1.5', 5, 80, 300, 18, 76, 'f'),
('TEst45432', 8, 2, 18, '1.8', 11, 85, 279, 13, 70, 'f'),
('TEst45432', 8, 3, 6, '2.3', 14, 76, 354, NULL, 68, 'f'),
('TEst45432', 8, 4, 6, '2.3', 9, 69, 274, NULL, 65, 'f'),
('TEst45432', 9, 1, 11, '1.2', 30, 97, 356, NULL, 79, 'f'),
('TEst45432', 9, 2, 4, '2.0', 74, 79, 124, NULL, 65, 'm'),
('TEst45432', 9, 3, 11, '1.0', 32, 95, 105, NULL, 81, 'm'),
('TEst45432', 9, 4, 4, '2.2', 77, 71, 424, NULL, 75, 'f'),
('TEst45432', 10, 1, 7, '1.8', 103, 80, 366, NULL, 34, 'f'),
('TEst45432', 10, 2, 19, '1.1', 97, 96, 252, 18, 40, 'f'),
('TEst45432', 10, 3, 19, '1.2', 93, 97, 297, 16, 29, 'f'),
('TEst45432', 10, 4, 7, '1.7', 91, 94, 178, NULL, 32, 'm'),
('TEst45432', 11, 1, 11, '1.3', 23, 98, 246, NULL, 27, 'm'),
('TEst45432', 11, 2, 7, '1.5', 90, 82, 142, NULL, 32, 'm'),
('TEst45432', 11, 3, 7, '1.7', 111, 89, 198, NULL, 29, 'm'),
('TEst45432', 11, 4, 11, '1.1', 29, 97, 195, NULL, 38, 'm'),
('TEst45432', 12, 1, 7, '1.8', 88, 80, 126, NULL, 48, 'm'),
('TEst45432', 12, 2, 17, '1.5', 31, 90, 220, 38, 49, 'm'),
('TEst45432', 12, 3, 7, '1.7', 72, 91, 49, NULL, 44, 'm'),
('TEst45432', 12, 4, 17, '1.8', 28, 84, 310, 18, 51, 'f'),
('TEst45432', 13, 1, 13, '1.9', 117, 76, 303, 22, 52, 'f'),
('TEst45432', 13, 2, 13, '2.2', 112, 72, 277, 17, 61, 'f'),
('TEst45432', 13, 3, 17, '1.6', 33, 92, 288, 13, 46, 'f'),
('TEst45432', 13, 4, 17, '1.6', 43, 81, 352, 15, 48, 'f'),
('TEst45432', 14, 1, 15, '2.2', 5, 75, 264, 12, 73, 'f'),
('TEst45432', 14, 2, 4, '2.2', 70, 71, 381, NULL, 67, 'f'),
('TEst45432', 14, 3, 4, '1.9', 102, 77, 178, NULL, 82, 'm'),
('TEst45432', 14, 4, 15, '2.0', 7, 76, 50, 40, 70, 'm'),
('TEst45432', 15, 1, 7, '1.6', 102, 83, 101, NULL, 84, 'm'),
('TEst45432', 15, 2, 18, '1.7', 6, 80, 437, 24, 94, 'f'),
('TEst45432', 15, 3, 7, '1.6', 77, 82, 159, NULL, 102, 'm'),
('TEst45432', 15, 4, 18, '1.8', 5, 92, 66, 40, 91, 'm'),
('TEst45432', 16, 1, 21, '1.2', 15, 97, 65, 32, 66, 'm'),
('TEst45432', 16, 2, 10, '1.3', 112, 97, 378, NULL, 67, 'f'),
('TEst45432', 16, 3, 21, '1.2', 14, 100, 53, 37, 81, 'm'),
('TEst45432', 16, 4, 10, '1.1', 97, 100, 159, NULL, 70, 'm'),
('TEst45432', 17, 1, 13, '2.1', 92, 75, 423, 17, 34, 'f'),
('TEst45432', 17, 2, 18, '1.7', 12, 92, 110, 25, 38, 'm'),
('TEst45432', 17, 3, 18, '1.7', 11, 91, 345, 13, 30, 'f'),
('TEst45432', 17, 4, 13, '2.3', 91, 76, 307, 19, 37, 'f'),
('TEst45432', 18, 1, 14, '2.3', 34, 77, 78, 38, 56, 'm'),
('TEst45432', 18, 2, 4, '2.3', 84, 70, 446, NULL, 46, 'f'),
('TEst45432', 18, 3, 14, '2.2', 47, 75, 172, 25, 52, 'm'),
('TEst45432', 18, 4, 4, '2.1', 84, 73, 221, NULL, 50, 'm'),
('TEst45432', 19, 1, 20, '1.0', 22, 95, 399, 14, 45, 'f'),
('TEst45432', 19, 2, 16, '1.6', 111, 94, 226, 30, 51, 'm'),
('TEst45432', 19, 3, 16, '1.6', 71, 83, 109, 36, 61, 'm'),
('TEst45432', 19, 4, 20, '1.1', 37, 100, 245, 35, 59, 'm'),
('TEst45432', 20, 1, 5, '1.9', 28, 73, 92, NULL, 49, 'm'),
('TEst45432', 20, 2, 12, '1.0', 7, 99, 173, NULL, 54, 'm'),
('TEst45432', 20, 3, 12, '1.1', 10, 99, 127, NULL, 52, 'm'),
('TEst45432', 20, 4, 5, '2.2', 21, 70, 446, NULL, 50, 'f'),
('TEst45432', 21, 1, 21, '1.3', 12, 97, 88, 41, 48, 'm'),
('TEst45432', 21, 2, 11, '1.2', 26, 97, 182, NULL, 50, 'm'),
('TEst45432', 21, 3, 11, '1.0', 31, 95, 143, NULL, 46, 'm'),
('TEst45432', 21, 4, 21, '1.3', 6, 99, 122, 36, 43, 'm'),
('TEst45432', 22, 1, 13, '2.2', 101, 73, 356, 22, 47, 'f'),
('TEst45432', 22, 2, 21, '1.1', 11, 98, 335, 14, 61, 'f'),
('TEst45432', 22, 3, 21, '1.1', 7, 97, 186, 33, 53, 'm'),
('TEst45432', 22, 4, 13, '2.2', 84, 76, 418, 20, 55, 'f'),
('TEst45432', 23, 1, 20, '1.0', 32, 98, 206, 39, 61, 'm'),
('TEst45432', 23, 2, 8, '1.7', 23, 87, 444, NULL, 59, 'f'),
('TEst45432', 23, 3, 8, '1.6', 42, 82, 153, NULL, 62, 'm'),
('TEst45432', 23, 4, 20, '1.3', 48, 96, 416, 11, 56, 'f'),
('TEst45432', 24, 1, 8, '1.5', 31, 83, 137, NULL, 39, 'm'),
('TEst45432', 24, 2, 8, '1.5', 42, 83, 423, NULL, 37, 'f'),
('TEst45432', 24, 3, 12, '1.3', 7, 98, 238, NULL, 27, 'm'),
('TEst45432', 24, 4, 12, '1.3', 9, 95, 439, NULL, 38, 'f'),
('TEst45432', 25, 1, 17, '1.6', 43, 83, 82, 38, 75, 'm'),
('TEst45432', 25, 2, 17, '1.4', 22, 94, 120, 36, 68, 'm'),
('TEst45432', 25, 3, 21, '1.1', 6, 97, 224, 32, 70, 'm'),
('TEst45432', 25, 4, 21, '1.0', 14, 95, 410, 17, 69, 'f'),
('TEst45432', 26, 1, 5, '2.3', 20, 66, 200, NULL, 101, 'm'),
('TEst45432', 26, 2, 5, '1.9', 25, 76, 307, NULL, 84, 'f'),
('TEst45432', 26, 3, 20, '1.0', 24, 97, 172, 27, 99, 'm'),
('TEst45432', 26, 4, 20, '1.2', 48, 97, 412, 11, 83, 'f'),
('TEst45432', 27, 1, 18, '1.5', 8, 89, 344, 14, 101, 'f'),
('TEst45432', 27, 2, 14, '2.2', 49, 73, 56, 41, 100, 'm'),
('TEst45432', 27, 3, 14, '2.3', 25, 78, 113, 27, 85, 'm'),
('TEst45432', 27, 4, 18, '1.4', 6, 80, 151, 40, 99, 'm'),
('TEst45432', 28, 1, 4, '2.4', 93, 74, 400, NULL, 80, 'f'),
('TEst45432', 28, 2, 12, '1.2', 15, 96, 141, NULL, 76, 'm'),
('TEst45432', 28, 3, 12, '1.0', 14, 96, 62, NULL, 72, 'm'),
('TEst45432', 28, 4, 4, '2.1', 93, 77, 363, NULL, 68, 'f'),
('TEst45432', 29, 1, 9, '1.6', 7, 85, 260, NULL, 39, 'f'),
('TEst45432', 29, 2, 21, '1.3', 14, 97, 132, 32, 34, 'm'),
('TEst45432', 29, 3, 21, '1.2', 10, 98, 326, 17, 35, 'f'),
('TEst45432', 29, 4, 9, '1.7', 5, 83, 76, NULL, 23, 'm'),
('TEst45432', 30, 1, 12, '1.2', 11, 97, 269, NULL, 42, 'f'),
('TEst45432', 30, 2, 12, '1.1', 12, 96, 393, NULL, 30, 'f'),
('TEst45432', 30, 3, 7, '1.8', 117, 88, 391, NULL, 35, 'f'),
('TEst45432', 30, 4, 7, '1.8', 117, 94, 103, NULL, 40, 'm'),
('TEst45432', 31, 1, 4, '2.4', 106, 66, 171, NULL, 86, 'm'),
('TEst45432', 31, 2, 9, '1.6', 10, 82, 132, NULL, 94, 'm'),
('TEst45432', 31, 3, 9, '1.8', 12, 91, 115, NULL, 85, 'm'),
('TEst45432', 31, 4, 4, '2.2', 88, 66, 164, NULL, 101, 'm'),
('TEst45432', 32, 1, 21, '1.3', 15, 95, 53, 25, 57, 'm'),
('TEst45432', 32, 2, 21, '1.1', 13, 95, 59, 32, 47, 'm'),
('TEst45432', 32, 3, 14, '2.2', 27, 70, 56, 26, 53, 'm'),
('TEst45432', 32, 4, 14, '1.9', 46, 76, 154, 40, 58, 'm'),
('TEst45432', 33, 1, 6, '2.1', 15, 68, 254, NULL, 77, 'f'),
('TEst45432', 33, 2, 6, '2.0', 15, 69, 77, NULL, 65, 'm'),
('TEst45432', 33, 3, 21, '1.0', 13, 95, 60, 32, 70, 'm'),
('TEst45432', 33, 4, 21, '1.1', 15, 95, 101, 39, 63, 'm'),
('TEst45432', 34, 1, 19, '1.1', 72, 97, 270, 12, 75, 'f'),
('TEst45432', 34, 2, 4, '2.1', 117, 78, 286, NULL, 78, 'f'),
('TEst45432', 34, 3, 19, '1.3', 102, 99, 187, 34, 79, 'm'),
('TEst45432', 34, 4, 4, '2.3', 101, 78, 278, NULL, 71, 'f'),
('TEst45432', 35, 1, 20, '1.3', 40, 99, 422, 16, 56, 'f'),
('TEst45432', 35, 2, 20, '1.0', 34, 96, 237, 35, 59, 'm'),
('TEst45432', 35, 3, 13, '2.3', 108, 76, 391, 14, 53, 'f'),
('TEst45432', 35, 4, 13, '2.0', 119, 75, 76, 31, 54, 'm'),
('TEst45432', 36, 1, 4, '2.3', 114, 70, 219, NULL, 78, 'm'),
('TEst45432', 36, 2, 4, '1.9', 100, 76, 146, NULL, 64, 'm'),
('TEst45432', 36, 3, 8, '1.8', 23, 82, 401, NULL, 80, 'f'),
('TEst45432', 36, 4, 8, '1.6', 29, 92, 318, NULL, 69, 'f');

-- --------------------------------------------------------

--
-- Tabellenstruktur für Tabelle `demographics`
--

CREATE TABLE IF NOT EXISTS `demographics` (
  `vpID` varchar(10) COLLATE latin1_german1_ci NOT NULL,
  `geschlecht` char(1) COLLATE latin1_german1_ci NOT NULL,
  `alter` int(3) NOT NULL,
  `familienstand` varchar(60) COLLATE latin1_german1_ci NOT NULL,
  `schulabschluss` varchar(60) COLLATE latin1_german1_ci NOT NULL,
  `ausbildung` varchar(60) COLLATE latin1_german1_ci NOT NULL,
  `taetigkeit` varchar(60) COLLATE latin1_german1_ci NOT NULL,
  `internetnutzung` int(3) NOT NULL,
  `arztbesuche` int(3) NOT NULL,
  PRIMARY KEY (`vpID`)
) ENGINE=InnoDB DEFAULT CHARSET=latin1 COLLATE=latin1_german1_ci;

--
-- Daten für Tabelle `demographics`
--

INSERT INTO `demographics` (`vpID`, `geschlecht`, `alter`, `familienstand`, `schulabschluss`, `ausbildung`, `taetigkeit`, `internetnutzung`, `arztbesuche`) VALUES
('adwe19', 'm', 29, 'ledig', 'Abitur / Fachhochschulreife', 'Master, Diplom, Magister, Staatsexamen', 'angestellt', 2, 8),
('Asns06', 'f', 20, 'ledig', 'Abitur / Fachhochschulreife', 'Lehre', 'StudentIn', 14, 1),
('Bert27', 'm', 22, 'ledig', 'Abitur / Fachhochschulreife', 'Lehre', 'StudentIn', 18, 3),
('BEUT31', 'm', 21, 'ledig', 'Abitur / Fachhochschulreife', '(noch) keine abgeschlossene Ausbildung', 'StudentIn', 35, 3),
('biwe28', 'f', 21, 'ledig', 'Abitur / Fachhochschulreife', '(noch) keine abgeschlossene Ausbildung', 'StudentIn', 15, 3),
('BRER14', 'f', 25, 'ledig', 'Abitur / Fachhochschulreife', '(noch) keine abgeschlossene Ausbildung', 'StudentIn', 7, 4),
('brnk05', 'm', 22, 'ledig', 'Abitur / Fachhochschulreife', '(noch) keine abgeschlossene Ausbildung', 'StudentIn', 20, 5),
('CLAO19', 'f', 30, 'verheiratet', 'Abitur / Fachhochschulreife', 'Lehre', 'StudentIn', 6, 2),
('FAEF03', 'm', 25, 'ledig', 'Abitur / Fachhochschulreife', '(noch) keine abgeschlossene Ausbildung', 'StudentIn', 10, 7),
('gawe05', 'm', 21, 'ledig', 'Abitur / Fachhochschulreife', '(noch) keine abgeschlossene Ausbildung', 'StudentIn', 30, 3),
('giar26', 'm', 24, 'ledig', 'Abitur / Fachhochschulreife', 'Bachelor', 'StudentIn', 10, 1),
('Gier18', 'm', 19, 'ledig', 'Abitur / Fachhochschulreife', '(noch) keine abgeschlossene Ausbildung', 'StudentIn', 14, 4),
('haan03', 'f', 22, 'ledig', 'Abitur / Fachhochschulreife', '(noch) keine abgeschlossene Ausbildung', 'StudentIn', 30, 3),
('helm24', 'm', 22, 'ledig', 'Abitur / Fachhochschulreife', '(noch) keine abgeschlossene Ausbildung', 'StudentIn', 30, 3),
('Henk15', 'm', 22, 'ledig', 'Abitur / Fachhochschulreife', '(noch) keine abgeschlossene Ausbildung', 'StudentIn', 17, 1),
('hest06', 'm', 23, 'ledig', 'Abitur / Fachhochschulreife', '(noch) keine abgeschlossene Ausbildung', 'StudentIn', 12, 1),
('irrk01', 'm', 20, 'ledig', 'Abitur / Fachhochschulreife', '(noch) keine abgeschlossene Ausbildung', 'StudentIn', 22, 5),
('juan29', 'm', 25, 'ledig', 'Abitur / Fachhochschulreife', 'Bachelor', 'StudentIn', 20, 5),
('jurd09', 'f', 21, 'ledig', 'Abitur / Fachhochschulreife', '(noch) keine abgeschlossene Ausbildung', 'StudentIn', 35, 2),
('kado10', 'm', 23, 'ledig', 'Abitur / Fachhochschulreife', '(noch) keine abgeschlossene Ausbildung', 'StudentIn', 20, 3),
('Kher29', 'm', 20, 'ledig', 'Abitur / Fachhochschulreife', '(noch) keine abgeschlossene Ausbildung', 'StudentIn', 35, 3),
('maed13', 'm', 24, 'ledig', 'Abitur / Fachhochschulreife', '(noch) keine abgeschlossene Ausbildung', 'StudentIn', 7, 2),
('MALD01', 'm', 22, 'ledig', 'Abitur / Fachhochschulreife', '(noch) keine abgeschlossene Ausbildung', 'StudentIn', 25, 2),
('Mark19', 'm', 22, 'ledig', 'Abitur / Fachhochschulreife', '(noch) keine abgeschlossene Ausbildung', 'StudentIn', 10, 4),
('meli11', 'm', 22, 'ledig', 'Abitur / Fachhochschulreife', '(noch) keine abgeschlossene Ausbildung', 'StudentIn', 3, 4),
('olrd03', 'm', 21, 'ledig', 'Abitur / Fachhochschulreife', '(noch) keine abgeschlossene Ausbildung', 'StudentIn', 40, 1),
('peho13', 'm', 20, 'ledig', 'Abitur / Fachhochschulreife', '(noch) keine abgeschlossene Ausbildung', 'StudentIn', 10, 2),
('Peld27', 'm', 20, 'ledig', 'Abitur / Fachhochschulreife', '(noch) keine abgeschlossene Ausbildung', 'StudentIn', 3, 3),
('peno25', 'f', 24, 'ledig', 'Abitur / Fachhochschulreife', 'Bachelor', 'StudentIn', 1, 6),
('reas07', 'm', 20, 'ledig', 'Abitur / Fachhochschulreife', '(noch) keine abgeschlossene Ausbildung', 'StudentIn', 12, 3),
('roie27', 'm', 44, 'verheiratet', 'Abitur / Fachhochschulreife', 'Lehre', 'StudentIn', 15, 3),
('saht28', 'f', 22, 'ledig', 'Abitur / Fachhochschulreife', '(noch) keine abgeschlossene Ausbildung', 'StudentIn', 12, 3),
('Sico09', 'f', 20, 'ledig', 'Abitur / Fachhochschulreife', '(noch) keine abgeschlossene Ausbildung', 'StudentIn', 10, 6),
('test034', 'm', 22, 'ledig', 'Abitur / Fachhochschulreife', '(noch) keine abgeschlossene Ausbildung', 'StudentIn', 19, 5);

-- --------------------------------------------------------

--
-- Tabellenstruktur für Tabelle `levels`
--

CREATE TABLE IF NOT EXISTS `levels` (
  `levelID` int(3) unsigned NOT NULL AUTO_INCREMENT,
  `noteID` int(3) unsigned NOT NULL,
  `anzahlID` int(3) unsigned NOT NULL,
  `hasPhoto` bit(1) NOT NULL,
  PRIMARY KEY (`levelID`),
  KEY `noteID` (`noteID`,`anzahlID`),
  KEY `anzahlID` (`anzahlID`)
) ENGINE=InnoDB  DEFAULT CHARSET=latin1 AUTO_INCREMENT=24 ;

--
-- Daten für Tabelle `levels`
--

INSERT INTO `levels` (`levelID`, `noteID`, `anzahlID`, `hasPhoto`) VALUES
(4, 1, 1, b'0'),
(5, 1, 2, b'0'),
(6, 1, 3, b'0'),
(7, 2, 1, b'0'),
(8, 2, 2, b'0'),
(9, 2, 3, b'0'),
(10, 3, 1, b'0'),
(11, 3, 2, b'0'),
(12, 3, 3, b'0'),
(13, 1, 1, b'1'),
(14, 1, 2, b'1'),
(15, 1, 3, b'1'),
(16, 2, 1, b'1'),
(17, 2, 2, b'1'),
(18, 2, 3, b'1'),
(19, 3, 1, b'1'),
(20, 3, 2, b'1'),
(21, 3, 3, b'1');

-- --------------------------------------------------------

--
-- Tabellenstruktur für Tabelle `medicalfields`
--

CREATE TABLE IF NOT EXISTS `medicalfields` (
  `fieldID` int(3) unsigned NOT NULL AUTO_INCREMENT,
  `fieldSingular` varchar(45) CHARACTER SET latin1 COLLATE latin1_german1_ci NOT NULL,
  `fieldPlural` varchar(45) CHARACTER SET latin1 COLLATE latin1_german1_ci NOT NULL,
  PRIMARY KEY (`fieldID`)
) ENGINE=InnoDB  DEFAULT CHARSET=latin1 AUTO_INCREMENT=6 ;

--
-- Daten für Tabelle `medicalfields`
--

INSERT INTO `medicalfields` (`fieldID`, `fieldSingular`, `fieldPlural`) VALUES
(1, 'Zahnarzt', 'Zahnärzte'),
(2, 'Augenarzt', 'Augenärzte'),
(3, 'Hautarzt', 'Hautärzte'),
(4, 'Allgemeinarzt', 'Allgemeinärzte'),
(5, 'Hals-Nasen-Ohren-Arzt', 'Hals-Nasen-Ohren-Ärzte');

-- --------------------------------------------------------

--
-- Tabellenstruktur für Tabelle `names`
--

CREATE TABLE IF NOT EXISTS `names` (
  `nameID` int(3) unsigned NOT NULL AUTO_INCREMENT,
  `name` varchar(45) CHARACTER SET latin1 COLLATE latin1_german1_ci NOT NULL,
  `sex` char(1) CHARACTER SET latin1 COLLATE latin1_german1_ci NOT NULL,
  PRIMARY KEY (`nameID`)
) ENGINE=InnoDB  DEFAULT CHARSET=latin1 AUTO_INCREMENT=449 ;

--
-- Daten für Tabelle `names`
--

INSERT INTO `names` (`nameID`, `name`, `sex`) VALUES
(49, 'Dr. Paul Ott', 'm'),
(50, 'Dr. Christoph Wüst', 'm'),
(51, 'Dr. Erich Pohlmann', 'm'),
(52, 'Dr. Lothar Hartl', 'm'),
(53, 'Dr. Frank Zimmer', 'm'),
(54, 'Dr. Ernst Dittmann', 'm'),
(55, 'Dr. Helmut Koch', 'm'),
(56, 'Dr. Hans-Jürgen Weiß', 'm'),
(57, 'Dr. Wolfgang Klein', 'm'),
(58, 'Dr. Günter Schmidt', 'm'),
(59, 'Dr. Abbas Bosse', 'm'),
(60, 'Dr. Frank Urban', 'm'),
(61, 'Dr. Philip Schwabe', 'm'),
(62, 'Dr. Lothar Neubert', 'm'),
(63, 'Dr. Konrad Ebeling', 'm'),
(64, 'Dr. Günter Reichl', 'm'),
(65, 'Dr. Joachim Köhler', 'm'),
(66, 'Dr. Anton Kuhn', 'm'),
(67, 'Dr. Sven Rehm', 'm'),
(68, 'Dr. Albert Götz', 'm'),
(69, 'Dr. Raimund Kiefer', 'm'),
(70, 'Dr. Jürgen Vogel', 'm'),
(71, 'Dr. Jürgen Smith', 'm'),
(72, 'Dr. Friedrich Schenk', 'm'),
(73, 'Dr. Matthias Neumann', 'm'),
(74, 'Dr. Rainer Ziemer', 'm'),
(75, 'Dr. Dieter Marschall', 'm'),
(76, 'Dr. Peter Eberlein', 'm'),
(77, 'Dr. Adolf Behrend', 'm'),
(78, 'Dr. Hermann Hoffmann', 'm'),
(79, 'Dr. Kurt Cordes', 'm'),
(80, 'Dr. Jürgen Steinberg', 'm'),
(81, 'Dr. Franz-Josef Wille', 'm'),
(82, 'Dr. Walter Petersen', 'm'),
(83, 'Dr. Uwe Eckardt', 'm'),
(84, 'Dr. Burkard Marks', 'm'),
(85, 'Dr. Ludwig Tiedemann', 'm'),
(86, 'Dr. Gerhard Lemke', 'm'),
(87, 'Dr. Wilhelm Müller', 'm'),
(88, 'Dr. Reinhard Ruff', 'm'),
(89, 'Dr. Karl-Heinz Lang', 'm'),
(90, 'Dr. Joachim Leistner', 'm'),
(91, 'Dr. Walter Greiner', 'm'),
(92, 'Dr. Volker Köppen', 'm'),
(93, 'Dr. Manfred Haase', 'm'),
(94, 'Dr. Günter Lehmann', 'm'),
(95, 'Dr. Heinz Barthel', 'm'),
(96, 'Dr. Heinrich Veit', 'm'),
(97, 'Dr. Helmut Rasch', 'm'),
(98, 'Dr. Bernd Angerer', 'm'),
(99, 'Dr. Erwin Brandes', 'm'),
(100, 'Dr. Helmut Schmidt', 'm'),
(101, 'Dr. Gerd Kelm', 'm'),
(102, 'Dr. Albert Egger', 'm'),
(103, 'Dr. Gerhard Stumpf', 'm'),
(104, 'Dr. Wolfgang Willms', 'm'),
(105, 'Dr. Josef Schmidt', 'm'),
(106, 'Dr. Peter Witte', 'm'),
(107, 'Dr. Hartmut Weiß', 'm'),
(108, 'Dr. Klaus-Dieter Korte', 'm'),
(109, 'Dr. Gerhard Martin', 'm'),
(110, 'Dr. Bernd Blank', 'm'),
(111, 'Dr. Heinz Thom', 'm'),
(112, 'Dr. Horst Köhler', 'm'),
(113, 'Dr. Jochen Rothe', 'm'),
(114, 'Dr. Thorsten Münz', 'm'),
(115, 'Dr. Christof Schröder', 'm'),
(116, 'Dr. Erwin Weinmann', 'm'),
(117, 'Dr. Heinz Hein', 'm'),
(118, 'Dr. Stefan Scholz', 'm'),
(119, 'Dr. Günter Müller', 'm'),
(120, 'Dr. Wilfried Zahn', 'm'),
(121, 'Dr. Bernd Volk', 'm'),
(122, 'Dr. Hermann Kuntze', 'm'),
(123, 'Dr. Kurt Hänel', 'm'),
(124, 'Dr. Philipp Eckhardt', 'm'),
(125, 'Dr. Emil Ernst', 'm'),
(126, 'Dr. Wolfgang Lührs', 'm'),
(127, 'Dr. Andreas Walter', 'm'),
(128, 'Dr. Ernst Hackenberg', 'm'),
(129, 'Dr. Markus Schwarz', 'm'),
(130, 'Dr. Reinhold Leinweber', 'm'),
(131, 'Dr. Klaus Kasper', 'm'),
(132, 'Dr. Hendrik Böttger', 'm'),
(133, 'Dr. Michael Schneck', 'm'),
(134, 'Dr. Roland Nagel', 'm'),
(135, 'Dr. Hans-Georg Dose', 'm'),
(136, 'Dr. Helge Holtz', 'm'),
(137, 'Dr. Jürgen Köhler', 'm'),
(138, 'Dr. Florian Peters', 'm'),
(139, 'Dr. Walter Wagner', 'm'),
(140, 'Dr. Norbert Schmitz', 'm'),
(141, 'Dr. Siegfried Volz', 'm'),
(142, 'Dr. Arnold Augustin', 'm'),
(143, 'Dr. Jürgen Haupt', 'm'),
(144, 'Dr. Werner Wiemann', 'm'),
(145, 'Dr. Heinrich Bauer', 'm'),
(146, 'Dr. Franz Schmieder', 'm'),
(147, 'Dr. Karl Köhler', 'm'),
(148, 'Dr. Helmut Kraus', 'm'),
(149, 'Dr. Berthold Hanke', 'm'),
(150, 'Dr. Hans Titze', 'm'),
(151, 'Dr. Martin Hübner', 'm'),
(152, 'Dr. Markus Petersen', 'm'),
(153, 'Dr. Hans Lehmann', 'm'),
(154, 'Dr. Siegmar Fischer', 'm'),
(155, 'Dr. Max Kupfer', 'm'),
(156, 'Dr. Markus Hofmann', 'm'),
(157, 'Dr. Florian Schmidt', 'm'),
(158, 'Dr. Reinhard Döring', 'm'),
(159, 'Dr. Wolfgang Steffen', 'm'),
(160, 'Dr. Hans Schwarz', 'm'),
(161, 'Dr. Klaus Eckel', 'm'),
(162, 'Dr. Herbert Fiedler', 'm'),
(163, 'Dr. Peter Behr', 'm'),
(164, 'Dr. Giuseppe Kasper', 'm'),
(165, 'Dr. Abram Winter', 'm'),
(166, 'Dr. Karl Simons', 'm'),
(167, 'Dr. Jürgen Scherer', 'm'),
(168, 'Dr. Günther Stehr', 'm'),
(169, 'Dr. Peter Rose', 'm'),
(170, 'Dr. Lothar Walter', 'm'),
(171, 'Dr. Thomas Herrmann', 'm'),
(172, 'Dr. Daniel Köhler', 'm'),
(173, 'Dr. Manfred Tewes', 'm'),
(174, 'Dr. Engelbert Wilkens', 'm'),
(175, 'Dr. Hans-Rainer Schulz', 'm'),
(176, 'Dr. Bernd Steffen', 'm'),
(177, 'Dr. Paul Brauner', 'm'),
(178, 'Dr. Frank Knebel', 'm'),
(179, 'Dr. Jan Schneider', 'm'),
(180, 'Dr. Siegfried Engel', 'm'),
(181, 'Dr. Jörgen Pohl', 'm'),
(182, 'Dr. Reinhard Otto', 'm'),
(183, 'Dr. Peter Schneider', 'm'),
(184, 'Dr. Hermann Kluge', 'm'),
(185, 'Dr. Horst Voß', 'm'),
(186, 'Dr. Jochen Fischer', 'm'),
(187, 'Dr. Friedrich Staiger', 'm'),
(188, 'Dr. Werner Uhl', 'm'),
(189, 'Dr. Horst Borrmann', 'm'),
(190, 'Dr. German Holler', 'm'),
(191, 'Dr. Axel Berger', 'm'),
(192, 'Dr. Mario Klein', 'm'),
(193, 'Dr. Karl-Heinz Lay', 'm'),
(194, 'Dr. Hans-Joachim Scherer', 'm'),
(195, 'Dr. Walter Hoff', 'm'),
(196, 'Dr. Christopher Wilhelm', 'm'),
(197, 'Dr. Erik Traut', 'm'),
(198, 'Dr. Günter Rudolf', 'm'),
(199, 'Dr. Norbert Wirth', 'm'),
(200, 'Dr. Dieter Gröger', 'm'),
(201, 'Dr. Albert Jung', 'm'),
(202, 'Dr. Hubertus Schäfer', 'm'),
(203, 'Dr. Frank Albert', 'm'),
(204, 'Dr. Heinz Lorenz', 'm'),
(205, 'Dr. Albert Rink', 'm'),
(206, 'Dr. Paul Hennig', 'm'),
(207, 'Dr. Günter Hassel', 'm'),
(208, 'Dr. Hermann Funke', 'm'),
(209, 'Dr. Frank Glück', 'm'),
(210, 'Dr. Claus Klemm', 'm'),
(211, 'Dr. Ernst Hansen', 'm'),
(212, 'Dr. Adalbert Becker', 'm'),
(213, 'Dr. Heinz Buhr', 'm'),
(214, 'Dr. Gerhard Schweiger', 'm'),
(215, 'Dr. Othmar Ostendorf', 'm'),
(216, 'Dr. Reinhold Knobloch', 'm'),
(217, 'Dr. Norbert Moser', 'm'),
(218, 'Dr. Friedrich Peters', 'm'),
(219, 'Dr. Ernst Haase', 'm'),
(220, 'Dr. Helmut Falkenberg', 'm'),
(221, 'Dr. Denny Maurer', 'm'),
(222, 'Dr. Bernd Hahn', 'm'),
(223, 'Dr. Alexander Süß', 'm'),
(224, 'Dr. Udo Bauer', 'm'),
(225, 'Dr. Klaus Hübner', 'm'),
(226, 'Dr. Thomas Hilmer', 'm'),
(227, 'Dr. Günter Meyer', 'm'),
(228, 'Dr. Karl-Heinz Scheid', 'm'),
(229, 'Dr. Franz Fischer', 'm'),
(230, 'Dr. Walter Herz', 'm'),
(231, 'Dr. Andreas Richter', 'm'),
(232, 'Dr. Christoph Lindemann', 'm'),
(233, 'Dr. Reiner Keller', 'm'),
(234, 'Dr. Ronny Jacob', 'm'),
(235, 'Dr. Rolf Bernhardt', 'm'),
(236, 'Dr. Martin Brüning', 'm'),
(237, 'Dr. Thomas Reiners', 'm'),
(238, 'Dr. Thomas Jahnke', 'm'),
(239, 'Dr. Christof Gerdes', 'm'),
(240, 'Dr. Jürgen Hentschel', 'm'),
(241, 'Dr. Ronald Wittmann', 'm'),
(242, 'Dr. Reinhold Hahn', 'm'),
(243, 'Dr. Erich Otten', 'm'),
(244, 'Dr. Claus Werner', 'm'),
(245, 'Dr. Lothar Rieger', 'm'),
(246, 'Dr. Jürgen Schmidt', 'm'),
(247, 'Dr. Swen Donner', 'm'),
(248, 'Dr. Alfons Röhrs', 'm'),
(249, 'Dr. Christa Pingel', 'f'),
(250, 'Dr. Heidemarie Hoffmann', 'f'),
(251, 'Dr. Ella Herzberg', 'f'),
(252, 'Dr. Elsbeth Buß', 'f'),
(253, 'Dr. Edeltraud Hofmann', 'f'),
(254, 'Dr. Elsa Reiß', 'f'),
(255, 'Dr. Gisela Neuner', 'f'),
(256, 'Dr. Gisela Dombrowski', 'f'),
(257, 'Dr. Johanna Römer', 'f'),
(258, 'Dr. Irmgard Ewert', 'f'),
(259, 'Dr. Theresia Hagedorn', 'f'),
(260, 'Dr. Marianne Schulze', 'f'),
(261, 'Dr. Karin Huber', 'f'),
(262, 'Dr. Liselotte Eckhardt', 'f'),
(263, 'Dr. Hannelore Brinkmann', 'f'),
(264, 'Dr. Susanne Karg', 'f'),
(265, 'Dr. Ilse Esch', 'f'),
(266, 'Dr. Ute Sailer', 'f'),
(267, 'Dr. Carina Kammer', 'f'),
(268, 'Dr. Erna Eggers', 'f'),
(269, 'Dr. Valentina Söllner', 'f'),
(270, 'Dr. Rita Bühler', 'f'),
(271, 'Dr. Nicole Fuchs', 'f'),
(272, 'Dr. Barbara Greve', 'f'),
(273, 'Dr. Hildegard Koch', 'f'),
(274, 'Dr. Christine Schreiber', 'f'),
(275, 'Dr. Ingrid Kaiser', 'f'),
(276, 'Dr. Inge Breuer', 'f'),
(277, 'Dr. Michaela Knab', 'f'),
(278, 'Dr. Roselinde Hans', 'f'),
(279, 'Dr. Berta Philipps', 'f'),
(280, 'Dr. Lilli Fischer', 'f'),
(281, 'Dr. Monika Diekmann', 'f'),
(282, 'Dr. Edda Scheller', 'f'),
(283, 'Dr. Gertrud Wolf', 'f'),
(284, 'Dr. Andrea Stelter', 'f'),
(285, 'Dr. Stefanie Bauer', 'f'),
(286, 'Dr. Martina Gürtler', 'f'),
(287, 'Dr. Elisabeth Haupt', 'f'),
(288, 'Dr. Antonie Böhm', 'f'),
(289, 'Dr. Erna Otto', 'f'),
(290, 'Dr. Bettina Baumgart', 'f'),
(291, 'Dr. Angela Schwenk', 'f'),
(292, 'Dr. Lieselotte Wagner', 'f'),
(293, 'Dr. Anita Dierkes', 'f'),
(294, 'Dr. Irmgard Faber', 'f'),
(295, 'Dr. Melanie Burkhardt', 'f'),
(296, 'Dr. Karin Engler', 'f'),
(297, 'Dr. Ingrid Steffens', 'f'),
(298, 'Dr. Barbara Schmidt', 'f'),
(299, 'Dr. Sabrina Schmid', 'f'),
(300, 'Dr. Christa Becker', 'f'),
(301, 'Dr. Irmgard Schneider', 'f'),
(302, 'Dr. Ulrike Baldauf', 'f'),
(303, 'Dr. Jutta Lang', 'f'),
(304, 'Dr. Johanna Hörner', 'f'),
(305, 'Dr. Heike Metz', 'f'),
(306, 'Dr. Antonia Mohr', 'f'),
(307, 'Dr. Ursula Lehmann', 'f'),
(308, 'Dr. Hildegard Müller', 'f'),
(309, 'Dr. Gerda Lackner', 'f'),
(310, 'Dr. Gisela Köhler', 'f'),
(311, 'Dr. Marga Thielen', 'f'),
(312, 'Dr. Lotte Giebel', 'f'),
(313, 'Dr. Anneliese Hock', 'f'),
(314, 'Dr. Heidrun Horn', 'f'),
(315, 'Dr. Monika Meyer', 'f'),
(316, 'Dr. Monika Hagen', 'f'),
(317, 'Dr. Karin Hartmann', 'f'),
(318, 'Dr. Christa Hoyer', 'f'),
(319, 'Dr. Melanie Lang', 'f'),
(320, 'Dr. Mechthild König', 'f'),
(321, 'Dr. Ruth Kirch', 'f'),
(322, 'Dr. Petra Wörner', 'f'),
(323, 'Dr. Antje Bock', 'f'),
(324, 'Dr. Astrid Böttcher', 'f'),
(325, 'Dr. Isabella Brüggemann', 'f'),
(326, 'Dr. Angelika Strauß', 'f'),
(327, 'Dr. Elisabeth Funke', 'f'),
(328, 'Dr. Josefa Jonas', 'f'),
(329, 'Dr. Agnes Zenker', 'f'),
(330, 'Dr. Britta Grube', 'f'),
(331, 'Dr. Margret Nissen', 'f'),
(332, 'Dr. Irmgard Heiland', 'f'),
(333, 'Dr. Ingrid Meyer', 'f'),
(334, 'Dr. Karina Stumpf', 'f'),
(335, 'Dr. Susanne Marten', 'f'),
(336, 'Dr. Elke Eller', 'f'),
(337, 'Dr. Karin Walter', 'f'),
(338, 'Dr. Andrea Hartmann', 'f'),
(339, 'Dr. Sabine Schwab', 'f'),
(340, 'Dr. Agnes Thies', 'f'),
(341, 'Dr. Berit Schütze', 'f'),
(342, 'Dr. Erika Zacher', 'f'),
(343, 'Dr. Henni Andres', 'f'),
(344, 'Dr. Sibylle Engel', 'f'),
(345, 'Dr. Lina Hermann', 'f'),
(346, 'Dr. Erika Reck', 'f'),
(347, 'Dr. Silvia Rieder', 'f'),
(348, 'Dr. Traute Weiß', 'f'),
(349, 'Dr. Yvonne Loos', 'f'),
(350, 'Dr. Gabriele Groth', 'f'),
(351, 'Dr. Hilde Krüger', 'f'),
(352, 'Dr. Maria Jentsch', 'f'),
(353, 'Dr. Heike Hirschmann', 'f'),
(354, 'Dr. Janett Huber', 'f'),
(355, 'Dr. Gudrun Brummer', 'f'),
(356, 'Dr. Christa Schultz', 'f'),
(357, 'Dr. Johanna Marx', 'f'),
(358, 'Dr. Monika Straube', 'f'),
(359, 'Dr. Anne Weirich', 'f'),
(360, 'Dr. Ilona Schneider', 'f'),
(361, 'Dr. Heidi Graf', 'f'),
(362, 'Dr. Margret Hepp', 'f'),
(363, 'Dr. Anita Weber', 'f'),
(364, 'Dr. Katrin Schulze', 'f'),
(365, 'Dr. Marianne Lehmann', 'f'),
(366, 'Dr. Anna Schubert', 'f'),
(367, 'Dr. Denise Kranz', 'f'),
(368, 'Dr. Nicole Finke', 'f'),
(369, 'Dr. Marianne Schmid', 'f'),
(370, 'Dr. Doris Lehr', 'f'),
(371, 'Dr. Verena Rott', 'f'),
(372, 'Dr. Karin Jakob', 'f'),
(373, 'Dr. Peggy Graf', 'f'),
(374, 'Dr. Svenja Landgraf', 'f'),
(375, 'Dr. Doris Wiedmann', 'f'),
(376, 'Dr. Gabriele Peters', 'f'),
(377, 'Dr. Renate Vogel', 'f'),
(378, 'Dr. Anke Schulte', 'f'),
(379, 'Dr. Maria Liedtke', 'f'),
(380, 'Dr. Helene Meier', 'f'),
(381, 'Dr. Ursel Hennecke', 'f'),
(382, 'Dr. Elisabeth Funk', 'f'),
(383, 'Dr. Christel Kilian', 'f'),
(384, 'Dr. Birgit Merkle', 'f'),
(385, 'Dr. Silvia Köhler', 'f'),
(386, 'Dr. Gisela Hauser', 'f'),
(387, 'Dr. Christa Dittmar', 'f'),
(388, 'Dr. Tina Huppertz', 'f'),
(389, 'Dr. Andrea Schuster', 'f'),
(390, 'Dr. Christa Irmer', 'f'),
(391, 'Dr. Sylvia Fuhrmann', 'f'),
(392, 'Dr. Gabriele Münch', 'f'),
(393, 'Dr. Gabriele Meißner', 'f'),
(394, 'Dr. Else Schuler', 'f'),
(395, 'Dr. Christa Hampel', 'f'),
(396, 'Dr. Dorothea Weiss', 'f'),
(397, 'Dr. Anita Sorge', 'f'),
(398, 'Dr. Herta Puls', 'f'),
(399, 'Dr. Anna Kube', 'f'),
(400, 'Dr. Ingrid Sauer', 'f'),
(401, 'Dr. Claudia Dietz', 'f'),
(402, 'Dr. Elke Winkler', 'f'),
(403, 'Dr. Stefanie Loibl', 'f'),
(404, 'Dr. Brunhilde Schönherr', 'f'),
(405, 'Dr. Heiderose Renz', 'f'),
(406, 'Dr. Babette Niemeyer', 'f'),
(407, 'Dr. Elke Berger', 'f'),
(408, 'Dr. Hildegard Philipp', 'f'),
(409, 'Dr. Erna Pohl', 'f'),
(410, 'Dr. Erika Hacker', 'f'),
(411, 'Dr. Kerstin Wolff', 'f'),
(412, 'Dr. Ingrid Yilmaz', 'f'),
(413, 'Dr. Anja Lührs', 'f'),
(414, 'Dr. Anneliese Kreutz', 'f'),
(415, 'Dr. Gertrud Kunz', 'f'),
(416, 'Dr. Brigitte Fuhrmann', 'f'),
(417, 'Dr. Traute Funke', 'f'),
(418, 'Dr. Victoria Preuß', 'f'),
(419, 'Dr. Grazyna Blume', 'f'),
(420, 'Dr. Elke Kramer', 'f'),
(421, 'Dr. Angelika Witt', 'f'),
(422, 'Dr. Emine Klinge', 'f'),
(423, 'Dr. Rita Roßmann', 'f'),
(424, 'Dr. Regina Schröder', 'f'),
(425, 'Dr. Gisela Richter', 'f'),
(426, 'Dr. Daniela Schimanski', 'f'),
(427, 'Dr. Margot Meiser', 'f'),
(428, 'Dr. Christina Esser', 'f'),
(429, 'Dr. Herta Haß', 'f'),
(430, 'Dr. Christa Schmidt', 'f'),
(431, 'Dr. Krystyna Groß', 'f'),
(432, 'Dr. Jutta Kast', 'f'),
(433, 'Dr. Susanne Haase', 'f'),
(434, 'Dr. Gabriele Weiß', 'f'),
(435, 'Dr. Nadia Brüggemann', 'f'),
(436, 'Dr. Vera Yilmaz', 'f'),
(437, 'Dr. Ingrid Reichel', 'f'),
(438, 'Dr. Therese Weber', 'f'),
(439, 'Dr. Luise Dietrich', 'f'),
(440, 'Dr. Lisbeth Siebert', 'f'),
(441, 'Dr. Elfriede Sydow', 'f'),
(442, 'Dr. Sabine Schmitt', 'f'),
(443, 'Dr. Brigitte Salewski', 'f'),
(444, 'Dr. Anneliese Birner', 'f'),
(445, 'Dr. Minna Andres', 'f'),
(446, 'Dr. Christiane Huber', 'f'),
(447, 'Dr. Ulrike Wilke', 'f'),
(448, 'Dr. Gudrun Krumm', 'f');

-- --------------------------------------------------------

--
-- Tabellenstruktur für Tabelle `noten`
--

CREATE TABLE IF NOT EXISTS `noten` (
  `noteID` int(3) unsigned NOT NULL AUTO_INCREMENT,
  `n_min` decimal(2,1) unsigned NOT NULL COMMENT 'inklusive',
  `n_max` decimal(2,1) unsigned NOT NULL COMMENT 'inklusive',
  `w_min` int(3) unsigned NOT NULL,
  `w_max` int(3) unsigned NOT NULL,
  PRIMARY KEY (`noteID`)
) ENGINE=InnoDB  DEFAULT CHARSET=latin1 AUTO_INCREMENT=5 ;

--
-- Daten für Tabelle `noten`
--

INSERT INTO `noten` (`noteID`, `n_min`, `n_max`, `w_min`, `w_max`) VALUES
(1, '1.9', '2.4', 66, 79),
(2, '1.4', '1.8', 80, 94),
(3, '1.0', '1.3', 95, 100);

-- --------------------------------------------------------

--
-- Tabellenstruktur für Tabelle `photos`
--

CREATE TABLE IF NOT EXISTS `photos` (
  `photoID` int(3) unsigned NOT NULL AUTO_INCREMENT,
  `path` varchar(300) CHARACTER SET latin1 COLLATE latin1_german1_ci NOT NULL,
  `sex` char(1) CHARACTER SET latin1 COLLATE latin1_german1_ci NOT NULL,
  PRIMARY KEY (`photoID`)
) ENGINE=InnoDB  DEFAULT CHARSET=latin1 AUTO_INCREMENT=42 ;

--
-- Daten für Tabelle `photos`
--

INSERT INTO `photos` (`photoID`, `path`, `sex`) VALUES
(11, 'aerztin03.jpg', 'f'),
(12, 'aerztin04.jpg', 'f'),
(13, 'aerztin05.jpg', 'f'),
(14, 'aerztin06.jpg', 'f'),
(15, 'aerztin07.jpg', 'f'),
(16, 'aerztin11.jpg', 'f'),
(17, 'aerztin12.jpg', 'f'),
(18, 'aerztin13.jpg', 'f'),
(19, 'aerztin14.jpg', 'f'),
(20, 'aerztin15.jpg', 'f'),
(21, 'aerztin16.jpg', 'f'),
(22, 'aerztin17.jpg', 'f'),
(23, 'aerztin18.jpg', 'f'),
(24, 'aerztin19.jpg', 'f'),
(25, 'arzt01.jpg', 'm'),
(26, 'arzt02.jpg', 'm'),
(27, 'arzt03.jpg', 'm'),
(28, 'arzt04.jpg', 'm'),
(29, 'arzt05.jpg', 'm'),
(30, 'arzt07.jpg', 'm'),
(31, 'arzt08.jpg', 'm'),
(32, 'arzt09.jpg', 'm'),
(33, 'arzt11.jpg', 'm'),
(34, 'arzt12.jpg', 'm'),
(35, 'arzt13.jpg', 'm'),
(36, 'arzt14.jpg', 'm'),
(37, 'arzt15.jpg', 'm'),
(38, 'arzt17.jpg', 'm'),
(39, 'arzt18.jpg', 'm'),
(40, 'arzt19.jpg', 'm'),
(41, 'arzt20.jpg', 'm');

-- --------------------------------------------------------

--
-- Tabellenstruktur für Tabelle `responses`
--

CREATE TABLE IF NOT EXISTS `responses` (
  `vpID` varchar(10) CHARACTER SET latin1 COLLATE latin1_german1_ci NOT NULL,
  `tempPos` int(3) unsigned NOT NULL,
  `locPos` int(3) unsigned NOT NULL,
  `timeSeconds` int(5) unsigned NOT NULL,
  PRIMARY KEY (`vpID`,`tempPos`),
  KEY `locPos` (`locPos`)
) ENGINE=InnoDB DEFAULT CHARSET=latin1;

--
-- Daten für Tabelle `responses`
--

INSERT INTO `responses` (`vpID`, `tempPos`, `locPos`, `timeSeconds`) VALUES
('adwe19', 1, 1, 0),
('adwe19', 2, 2, 0),
('adwe19', 3, 2, 0),
('adwe19', 4, 4, 0),
('adwe19', 5, 3, 0),
('adwe19', 6, 2, 0),
('adwe19', 7, 2, 0),
('adwe19', 8, 1, 0),
('adwe19', 9, 2, 0),
('adwe19', 10, 1, 0),
('adwe19', 11, 4, 0),
('adwe19', 12, 3, 0),
('adwe19', 13, 2, 0),
('adwe19', 14, 3, 0),
('adwe19', 15, 3, 0),
('adwe19', 16, 3, 0),
('adwe19', 17, 2, 0),
('adwe19', 18, 3, 0),
('adwe19', 19, 3, 0),
('adwe19', 20, 2, 0),
('adwe19', 21, 3, 0),
('adwe19', 22, 2, 0),
('adwe19', 23, 4, 0),
('adwe19', 24, 4, 0),
('adwe19', 25, 2, 0),
('adwe19', 26, 1, 0),
('adwe19', 27, 2, 0),
('adwe19', 28, 1, 0),
('adwe19', 29, 2, 0),
('adwe19', 30, 4, 0),
('adwe19', 31, 1, 0),
('adwe19', 32, 3, 0),
('adwe19', 33, 4, 0),
('adwe19', 34, 2, 0),
('adwe19', 35, 3, 0),
('adwe19', 36, 2, 0),
('Asns06', 1, 3, 0),
('Asns06', 2, 3, 0),
('Asns06', 3, 3, 0),
('Asns06', 4, 2, 0),
('Asns06', 5, 3, 0),
('Asns06', 6, 2, 0),
('Asns06', 7, 3, 0),
('Asns06', 8, 4, 0),
('Asns06', 9, 1, 0),
('Asns06', 10, 3, 0),
('Asns06', 11, 3, 0),
('Asns06', 12, 3, 0),
('Asns06', 13, 2, 0),
('Asns06', 14, 2, 0),
('Asns06', 15, 2, 0),
('Asns06', 16, 1, 0),
('Asns06', 17, 2, 0),
('Asns06', 18, 2, 0),
('Asns06', 19, 3, 0),
('Asns06', 20, 2, 0),
('Asns06', 21, 3, 0),
('Asns06', 22, 2, 0),
('Asns06', 23, 3, 0),
('Asns06', 24, 2, 0),
('Asns06', 25, 3, 0),
('Asns06', 26, 2, 0),
('Asns06', 27, 2, 0),
('Asns06', 28, 2, 0),
('Asns06', 29, 2, 0),
('Asns06', 30, 4, 0),
('Asns06', 31, 1, 0),
('Asns06', 32, 4, 0),
('Asns06', 33, 2, 0),
('Asns06', 34, 4, 0),
('Asns06', 35, 1, 0),
('Asns06', 36, 3, 0),
('Bert27', 1, 3, 0),
('Bert27', 2, 3, 0),
('Bert27', 3, 3, 0),
('Bert27', 4, 2, 0),
('Bert27', 5, 2, 0),
('Bert27', 6, 3, 0),
('Bert27', 7, 2, 0),
('Bert27', 8, 4, 0),
('Bert27', 9, 3, 0),
('Bert27', 10, 2, 0),
('Bert27', 11, 2, 0),
('Bert27', 12, 4, 0),
('Bert27', 13, 2, 0),
('Bert27', 14, 4, 0),
('Bert27', 15, 4, 0),
('Bert27', 16, 1, 0),
('Bert27', 17, 1, 0),
('Bert27', 18, 1, 0),
('Bert27', 19, 3, 0),
('Bert27', 20, 3, 0),
('Bert27', 21, 4, 0),
('Bert27', 22, 4, 0),
('Bert27', 23, 4, 0),
('Bert27', 24, 1, 0),
('Bert27', 25, 2, 0),
('Bert27', 26, 4, 0),
('Bert27', 27, 3, 0),
('Bert27', 28, 1, 0),
('Bert27', 29, 4, 0),
('Bert27', 30, 3, 0),
('Bert27', 31, 2, 0),
('Bert27', 32, 2, 0),
('Bert27', 33, 4, 0),
('Bert27', 34, 2, 0),
('Bert27', 35, 2, 0),
('Bert27', 36, 2, 0),
('BEUT31', 1, 1, 0),
('BEUT31', 2, 1, 0),
('BEUT31', 3, 2, 0),
('BEUT31', 4, 1, 0),
('BEUT31', 5, 2, 0),
('BEUT31', 6, 2, 0),
('BEUT31', 7, 1, 0),
('BEUT31', 8, 3, 0),
('BEUT31', 9, 4, 0),
('BEUT31', 10, 1, 0),
('BEUT31', 11, 3, 0),
('BEUT31', 12, 4, 0),
('BEUT31', 13, 1, 0),
('BEUT31', 14, 4, 0),
('BEUT31', 15, 2, 0),
('BEUT31', 16, 4, 0),
('BEUT31', 17, 2, 0),
('BEUT31', 18, 3, 0),
('BEUT31', 19, 1, 0),
('BEUT31', 20, 3, 0),
('BEUT31', 21, 4, 0),
('BEUT31', 22, 1, 0),
('BEUT31', 23, 4, 0),
('BEUT31', 24, 2, 0),
('BEUT31', 25, 3, 0),
('BEUT31', 26, 2, 0),
('BEUT31', 27, 3, 0),
('BEUT31', 28, 1, 0),
('BEUT31', 29, 4, 0),
('BEUT31', 30, 4, 0),
('BEUT31', 31, 3, 0),
('BEUT31', 32, 3, 0),
('BEUT31', 33, 2, 0),
('BEUT31', 34, 3, 0),
('BEUT31', 35, 2, 0),
('BEUT31', 36, 2, 0),
('biwe28', 1, 3, 0),
('biwe28', 2, 4, 0),
('biwe28', 3, 2, 0),
('biwe28', 4, 1, 0),
('biwe28', 5, 4, 0),
('biwe28', 6, 1, 0),
('biwe28', 7, 2, 0),
('biwe28', 8, 2, 0),
('biwe28', 9, 1, 0),
('biwe28', 10, 1, 0),
('biwe28', 11, 4, 0),
('biwe28', 12, 3, 0),
('biwe28', 13, 3, 0),
('biwe28', 14, 3, 0),
('biwe28', 15, 3, 0),
('biwe28', 16, 2, 0),
('biwe28', 17, 2, 0),
('biwe28', 18, 4, 0),
('biwe28', 19, 3, 0),
('biwe28', 20, 4, 0),
('biwe28', 21, 1, 0),
('biwe28', 22, 4, 0),
('biwe28', 23, 4, 0),
('biwe28', 24, 4, 0),
('biwe28', 25, 1, 0),
('biwe28', 26, 4, 0),
('biwe28', 27, 4, 0),
('biwe28', 28, 3, 0),
('biwe28', 29, 1, 0),
('biwe28', 30, 1, 0),
('biwe28', 31, 4, 0),
('biwe28', 32, 3, 0),
('biwe28', 33, 1, 0),
('biwe28', 34, 4, 0),
('biwe28', 35, 4, 0),
('biwe28', 36, 4, 0),
('BRER14', 1, 3, 0),
('BRER14', 2, 1, 0),
('BRER14', 3, 4, 0),
('BRER14', 4, 2, 0),
('BRER14', 5, 1, 0),
('BRER14', 6, 4, 0),
('BRER14', 7, 1, 0),
('BRER14', 8, 2, 0),
('BRER14', 9, 2, 0),
('BRER14', 10, 2, 0),
('BRER14', 11, 3, 0),
('BRER14', 12, 3, 0),
('BRER14', 13, 3, 0),
('BRER14', 14, 1, 0),
('BRER14', 15, 2, 0),
('BRER14', 16, 4, 0),
('BRER14', 17, 3, 0),
('BRER14', 18, 3, 0),
('BRER14', 19, 4, 0),
('BRER14', 20, 1, 0),
('BRER14', 21, 4, 0),
('BRER14', 22, 2, 0),
('BRER14', 23, 2, 0),
('BRER14', 24, 1, 0),
('BRER14', 25, 1, 0),
('BRER14', 26, 2, 0),
('BRER14', 27, 4, 0),
('BRER14', 28, 3, 0),
('BRER14', 29, 4, 0),
('BRER14', 30, 2, 0),
('BRER14', 31, 3, 0),
('BRER14', 32, 3, 0),
('BRER14', 33, 2, 0),
('BRER14', 34, 2, 0),
('BRER14', 35, 2, 0),
('BRER14', 36, 1, 0),
('brnk05', 1, 2, 0),
('brnk05', 2, 1, 0),
('brnk05', 3, 2, 0),
('brnk05', 4, 4, 0),
('brnk05', 5, 3, 0),
('brnk05', 6, 4, 0),
('brnk05', 7, 4, 0),
('brnk05', 8, 2, 0),
('brnk05', 9, 1, 0),
('brnk05', 10, 2, 0),
('brnk05', 11, 2, 0),
('brnk05', 12, 2, 0),
('brnk05', 13, 3, 0),
('brnk05', 14, 3, 0),
('brnk05', 15, 3, 0),
('brnk05', 16, 3, 0),
('brnk05', 17, 1, 0),
('brnk05', 18, 2, 0),
('brnk05', 19, 3, 0),
('brnk05', 20, 1, 0),
('brnk05', 21, 2, 0),
('brnk05', 22, 3, 0),
('brnk05', 23, 4, 0),
('brnk05', 24, 1, 0),
('brnk05', 25, 4, 0),
('brnk05', 26, 3, 0),
('brnk05', 27, 3, 0),
('brnk05', 28, 4, 0),
('brnk05', 29, 4, 0),
('brnk05', 30, 4, 0),
('brnk05', 31, 3, 0),
('brnk05', 32, 3, 0),
('brnk05', 33, 1, 0),
('brnk05', 34, 1, 0),
('brnk05', 35, 2, 0),
('brnk05', 36, 4, 0),
('CLAO19', 1, 2, 0),
('CLAO19', 2, 4, 0),
('CLAO19', 3, 1, 0),
('CLAO19', 4, 1, 0),
('CLAO19', 5, 3, 0),
('CLAO19', 6, 3, 0),
('CLAO19', 7, 3, 0),
('CLAO19', 8, 3, 0),
('CLAO19', 9, 4, 0),
('CLAO19', 10, 3, 0),
('CLAO19', 11, 3, 0),
('CLAO19', 12, 3, 0),
('CLAO19', 13, 3, 0),
('CLAO19', 14, 3, 0),
('CLAO19', 15, 3, 0),
('CLAO19', 16, 2, 0),
('CLAO19', 17, 2, 0),
('CLAO19', 18, 2, 0),
('CLAO19', 19, 3, 0),
('CLAO19', 20, 3, 0),
('CLAO19', 21, 4, 0),
('CLAO19', 22, 1, 0),
('CLAO19', 23, 1, 0),
('CLAO19', 24, 3, 0),
('CLAO19', 25, 2, 0),
('CLAO19', 26, 1, 0),
('CLAO19', 27, 1, 0),
('CLAO19', 28, 2, 0),
('CLAO19', 29, 2, 0),
('CLAO19', 30, 4, 0),
('CLAO19', 31, 2, 0),
('CLAO19', 32, 1, 0),
('CLAO19', 33, 4, 0),
('CLAO19', 34, 2, 0),
('CLAO19', 35, 2, 0),
('CLAO19', 36, 3, 0),
('FAEF03', 1, 2, 0),
('FAEF03', 2, 2, 0),
('FAEF03', 3, 4, 0),
('FAEF03', 4, 3, 0),
('FAEF03', 5, 1, 0),
('FAEF03', 6, 4, 0),
('FAEF03', 7, 4, 0),
('FAEF03', 8, 3, 0),
('FAEF03', 9, 1, 0),
('FAEF03', 10, 3, 0),
('FAEF03', 11, 1, 0),
('FAEF03', 12, 4, 0),
('FAEF03', 13, 2, 0),
('FAEF03', 14, 2, 0),
('FAEF03', 15, 2, 0),
('FAEF03', 16, 1, 0),
('FAEF03', 17, 1, 0),
('FAEF03', 18, 1, 0),
('FAEF03', 19, 2, 0),
('FAEF03', 20, 1, 0),
('FAEF03', 21, 1, 0),
('FAEF03', 22, 2, 0),
('FAEF03', 23, 2, 0),
('FAEF03', 24, 2, 0),
('FAEF03', 25, 4, 0),
('FAEF03', 26, 1, 0),
('FAEF03', 27, 1, 0),
('FAEF03', 28, 2, 0),
('FAEF03', 29, 4, 0),
('FAEF03', 30, 4, 0),
('FAEF03', 31, 1, 0),
('FAEF03', 32, 3, 0),
('FAEF03', 33, 4, 0),
('FAEF03', 34, 1, 0),
('FAEF03', 35, 1, 0),
('FAEF03', 36, 4, 0),
('gawe05', 1, 4, 0),
('gawe05', 2, 1, 0),
('gawe05', 3, 4, 0),
('gawe05', 4, 4, 0),
('gawe05', 5, 3, 0),
('gawe05', 6, 3, 0),
('gawe05', 7, 3, 0),
('gawe05', 8, 3, 0),
('gawe05', 9, 1, 0),
('gawe05', 10, 2, 0),
('gawe05', 11, 2, 0),
('gawe05', 12, 2, 0),
('gawe05', 13, 2, 0),
('gawe05', 14, 1, 0),
('gawe05', 15, 1, 0),
('gawe05', 16, 3, 0),
('gawe05', 17, 3, 0),
('gawe05', 18, 4, 0),
('gawe05', 19, 3, 0),
('gawe05', 20, 1, 0),
('gawe05', 21, 2, 0),
('gawe05', 22, 3, 0),
('gawe05', 23, 2, 0),
('gawe05', 24, 1, 0),
('gawe05', 25, 2, 0),
('gawe05', 26, 2, 0),
('gawe05', 27, 1, 0),
('gawe05', 28, 1, 0),
('gawe05', 29, 3, 0),
('gawe05', 30, 1, 0),
('gawe05', 31, 2, 0),
('gawe05', 32, 2, 0),
('gawe05', 33, 2, 0),
('gawe05', 34, 3, 0),
('gawe05', 35, 4, 0),
('gawe05', 36, 2, 0),
('giar26', 1, 1, 0),
('giar26', 2, 1, 0),
('giar26', 3, 2, 0),
('giar26', 4, 2, 0),
('giar26', 5, 2, 0),
('giar26', 6, 1, 0),
('giar26', 7, 4, 0),
('giar26', 8, 3, 0),
('giar26', 9, 3, 0),
('giar26', 10, 2, 0),
('giar26', 11, 2, 0),
('giar26', 12, 4, 0),
('giar26', 13, 3, 0),
('giar26', 14, 2, 0),
('giar26', 15, 1, 0),
('giar26', 16, 1, 0),
('giar26', 17, 1, 0),
('giar26', 18, 1, 0),
('giar26', 19, 3, 0),
('giar26', 20, 3, 0),
('giar26', 21, 4, 0),
('giar26', 22, 4, 0),
('giar26', 23, 3, 0),
('giar26', 24, 3, 0),
('giar26', 25, 4, 0),
('giar26', 26, 1, 0),
('giar26', 27, 1, 0),
('giar26', 28, 1, 0),
('giar26', 29, 2, 0),
('giar26', 30, 4, 0),
('giar26', 31, 3, 0),
('giar26', 32, 1, 0),
('giar26', 33, 3, 0),
('giar26', 34, 1, 0),
('giar26', 35, 4, 0),
('giar26', 36, 2, 0),
('Gier18', 1, 2, 0),
('Gier18', 2, 4, 0),
('Gier18', 3, 2, 0),
('Gier18', 4, 3, 0),
('Gier18', 5, 1, 0),
('Gier18', 6, 1, 0),
('Gier18', 7, 4, 0),
('Gier18', 8, 2, 0),
('Gier18', 9, 2, 0),
('Gier18', 10, 2, 0),
('Gier18', 11, 4, 0),
('Gier18', 12, 3, 0),
('Gier18', 13, 3, 0),
('Gier18', 14, 2, 0),
('Gier18', 15, 2, 0),
('Gier18', 16, 3, 0),
('Gier18', 17, 3, 0),
('Gier18', 18, 1, 0),
('Gier18', 19, 1, 0),
('Gier18', 20, 1, 0),
('Gier18', 21, 4, 0),
('Gier18', 22, 2, 0),
('Gier18', 23, 2, 0),
('Gier18', 24, 1, 0),
('Gier18', 25, 2, 0),
('Gier18', 26, 2, 0),
('Gier18', 27, 4, 0),
('Gier18', 28, 3, 0),
('Gier18', 29, 4, 0),
('Gier18', 30, 3, 0),
('Gier18', 31, 2, 0),
('Gier18', 32, 3, 0),
('Gier18', 33, 1, 0),
('Gier18', 34, 3, 0),
('Gier18', 35, 4, 0),
('Gier18', 36, 2, 0),
('haan03', 1, 2, 0),
('haan03', 2, 4, 0),
('haan03', 3, 1, 0),
('haan03', 4, 3, 0),
('haan03', 5, 3, 0),
('haan03', 6, 1, 0),
('haan03', 7, 1, 0),
('haan03', 8, 2, 0),
('haan03', 9, 3, 0),
('haan03', 10, 1, 0),
('haan03', 11, 2, 0),
('haan03', 12, 1, 0),
('haan03', 13, 3, 0),
('haan03', 14, 3, 0),
('haan03', 15, 3, 0),
('haan03', 16, 1, 0),
('haan03', 17, 3, 0),
('haan03', 18, 4, 0),
('haan03', 19, 2, 0),
('haan03', 20, 3, 0),
('haan03', 21, 4, 0),
('haan03', 22, 3, 0),
('haan03', 23, 1, 0),
('haan03', 24, 3, 0),
('haan03', 25, 1, 0),
('haan03', 26, 3, 0),
('haan03', 27, 1, 0),
('haan03', 28, 2, 0),
('haan03', 29, 4, 0),
('haan03', 30, 1, 0),
('haan03', 31, 2, 0),
('haan03', 32, 2, 0),
('haan03', 33, 1, 0),
('haan03', 34, 2, 0),
('haan03', 35, 2, 0),
('haan03', 36, 1, 0),
('helm24', 1, 3, 0),
('helm24', 2, 4, 0),
('helm24', 3, 3, 0),
('helm24', 4, 2, 0),
('helm24', 5, 3, 0),
('helm24', 6, 1, 0),
('helm24', 7, 3, 0),
('helm24', 8, 4, 0),
('helm24', 9, 1, 0),
('helm24', 10, 4, 0),
('helm24', 11, 4, 0),
('helm24', 12, 2, 0),
('helm24', 13, 4, 0),
('helm24', 14, 1, 0),
('helm24', 15, 2, 0),
('helm24', 16, 2, 0),
('helm24', 17, 3, 0),
('helm24', 18, 2, 0),
('helm24', 19, 2, 0),
('helm24', 20, 3, 0),
('helm24', 21, 2, 0),
('helm24', 22, 4, 0),
('helm24', 23, 4, 0),
('helm24', 24, 3, 0),
('helm24', 25, 2, 0),
('helm24', 26, 2, 0),
('helm24', 27, 1, 0),
('helm24', 28, 2, 0),
('helm24', 29, 1, 0),
('helm24', 30, 2, 0),
('helm24', 31, 4, 0),
('helm24', 32, 1, 0),
('helm24', 33, 1, 0),
('helm24', 34, 4, 0),
('helm24', 35, 3, 0),
('helm24', 36, 1, 0),
('Henk15', 1, 1, 0),
('Henk15', 2, 1, 0),
('Henk15', 3, 4, 0),
('Henk15', 4, 3, 0),
('Henk15', 5, 1, 0),
('Henk15', 6, 2, 0),
('Henk15', 7, 3, 0),
('Henk15', 8, 3, 0),
('Henk15', 9, 3, 0),
('Henk15', 10, 2, 0),
('Henk15', 11, 4, 0),
('Henk15', 12, 4, 0),
('Henk15', 13, 4, 0),
('Henk15', 14, 2, 0),
('Henk15', 15, 4, 0),
('Henk15', 16, 2, 0),
('Henk15', 17, 3, 0),
('Henk15', 18, 3, 0),
('Henk15', 19, 4, 0),
('Henk15', 20, 4, 0),
('Henk15', 21, 4, 0),
('Henk15', 22, 1, 0),
('Henk15', 23, 3, 0),
('Henk15', 24, 4, 0),
('Henk15', 25, 3, 0),
('Henk15', 26, 3, 0),
('Henk15', 27, 2, 0),
('Henk15', 28, 1, 0),
('Henk15', 29, 3, 0),
('Henk15', 30, 2, 0),
('Henk15', 31, 3, 0),
('Henk15', 32, 3, 0),
('Henk15', 33, 1, 0),
('Henk15', 34, 2, 0),
('Henk15', 35, 3, 0),
('Henk15', 36, 1, 0),
('hest06', 1, 3, 0),
('hest06', 2, 1, 0),
('hest06', 3, 1, 0),
('hest06', 4, 1, 0),
('hest06', 5, 1, 0),
('hest06', 6, 3, 0),
('hest06', 7, 1, 0),
('hest06', 8, 2, 0),
('hest06', 9, 2, 0),
('hest06', 10, 2, 0),
('hest06', 11, 2, 0),
('hest06', 12, 4, 0),
('hest06', 13, 2, 0),
('hest06', 14, 2, 0),
('hest06', 15, 2, 0),
('hest06', 16, 4, 0),
('hest06', 17, 2, 0),
('hest06', 18, 2, 0),
('hest06', 19, 2, 0),
('hest06', 20, 1, 0),
('hest06', 21, 2, 0),
('hest06', 22, 4, 0),
('hest06', 23, 2, 0),
('hest06', 24, 2, 0),
('hest06', 25, 2, 0),
('hest06', 26, 1, 0),
('hest06', 27, 1, 0),
('hest06', 28, 1, 0),
('hest06', 29, 3, 0),
('hest06', 30, 2, 0),
('hest06', 31, 2, 0),
('hest06', 32, 2, 0),
('hest06', 33, 4, 0),
('hest06', 34, 4, 0),
('hest06', 35, 2, 0),
('hest06', 36, 2, 0),
('irrk01', 1, 1, 0),
('irrk01', 2, 3, 0),
('irrk01', 3, 4, 0),
('irrk01', 4, 2, 0),
('irrk01', 5, 3, 0),
('irrk01', 6, 2, 0),
('irrk01', 7, 1, 0),
('irrk01', 8, 4, 0),
('irrk01', 9, 3, 0),
('irrk01', 10, 4, 0),
('irrk01', 11, 3, 0),
('irrk01', 12, 3, 0),
('irrk01', 13, 1, 0),
('irrk01', 14, 4, 0),
('irrk01', 15, 2, 0),
('irrk01', 16, 4, 0),
('irrk01', 17, 1, 0),
('irrk01', 18, 2, 0),
('irrk01', 19, 3, 0),
('irrk01', 20, 4, 0),
('irrk01', 21, 2, 0),
('irrk01', 22, 2, 0),
('irrk01', 23, 2, 0),
('irrk01', 24, 4, 0),
('irrk01', 25, 3, 0),
('irrk01', 26, 4, 0),
('irrk01', 27, 1, 0),
('irrk01', 28, 3, 0),
('irrk01', 29, 1, 0),
('irrk01', 30, 3, 0),
('irrk01', 31, 3, 0),
('irrk01', 32, 2, 0),
('irrk01', 33, 2, 0),
('irrk01', 34, 2, 0),
('irrk01', 35, 2, 0),
('irrk01', 36, 1, 0),
('juan29', 1, 2, 0),
('juan29', 2, 1, 0),
('juan29', 3, 4, 0),
('juan29', 4, 3, 0),
('juan29', 5, 2, 0),
('juan29', 6, 1, 0),
('juan29', 7, 3, 0),
('juan29', 8, 4, 0),
('juan29', 9, 3, 0),
('juan29', 10, 3, 0),
('juan29', 11, 2, 0),
('juan29', 12, 2, 0),
('juan29', 13, 2, 0),
('juan29', 14, 1, 0),
('juan29', 15, 2, 0),
('juan29', 16, 4, 0),
('juan29', 17, 2, 0),
('juan29', 18, 3, 0),
('juan29', 19, 2, 0),
('juan29', 20, 3, 0),
('juan29', 21, 2, 0),
('juan29', 22, 3, 0),
('juan29', 23, 2, 0),
('juan29', 24, 4, 0),
('juan29', 25, 3, 0),
('juan29', 26, 1, 0),
('juan29', 27, 1, 0),
('juan29', 28, 2, 0),
('juan29', 29, 3, 0),
('juan29', 30, 1, 0),
('juan29', 31, 1, 0),
('juan29', 32, 2, 0),
('juan29', 33, 1, 0),
('juan29', 34, 3, 0),
('juan29', 35, 1, 0),
('juan29', 36, 2, 0),
('jurd09', 1, 4, 0),
('jurd09', 2, 3, 0),
('jurd09', 3, 3, 0),
('jurd09', 4, 3, 0),
('jurd09', 5, 2, 0),
('jurd09', 6, 4, 0),
('jurd09', 7, 2, 0),
('jurd09', 8, 2, 0),
('jurd09', 9, 1, 0),
('jurd09', 10, 2, 0),
('jurd09', 11, 1, 0),
('jurd09', 12, 2, 0),
('jurd09', 13, 3, 0),
('jurd09', 14, 1, 0),
('jurd09', 15, 2, 0),
('jurd09', 16, 3, 0),
('jurd09', 17, 4, 0),
('jurd09', 18, 2, 0),
('jurd09', 19, 4, 0),
('jurd09', 20, 2, 0),
('jurd09', 21, 4, 0),
('jurd09', 22, 2, 0),
('jurd09', 23, 2, 0),
('jurd09', 24, 4, 0),
('jurd09', 25, 3, 0),
('jurd09', 26, 3, 0),
('jurd09', 27, 3, 0),
('jurd09', 28, 4, 0),
('jurd09', 29, 3, 0),
('jurd09', 30, 3, 0),
('jurd09', 31, 1, 0),
('jurd09', 32, 2, 0),
('jurd09', 33, 4, 0),
('jurd09', 34, 1, 0),
('jurd09', 35, 4, 0),
('jurd09', 36, 1, 0),
('kado10', 1, 2, 0),
('kado10', 2, 4, 0),
('kado10', 3, 4, 0),
('kado10', 4, 2, 0),
('kado10', 5, 1, 0),
('kado10', 6, 1, 0),
('kado10', 7, 4, 0),
('kado10', 8, 1, 0),
('kado10', 9, 4, 0),
('kado10', 10, 4, 0),
('kado10', 11, 3, 0),
('kado10', 12, 2, 0),
('kado10', 13, 1, 0),
('kado10', 14, 3, 0),
('kado10', 15, 4, 0),
('kado10', 16, 1, 0),
('kado10', 17, 3, 0),
('kado10', 18, 4, 0),
('kado10', 19, 2, 0),
('kado10', 20, 3, 0),
('kado10', 21, 2, 0),
('kado10', 22, 3, 0),
('kado10', 23, 2, 0),
('kado10', 24, 2, 0),
('kado10', 25, 4, 0),
('kado10', 26, 1, 0),
('kado10', 27, 3, 0),
('kado10', 28, 1, 0),
('kado10', 29, 3, 0),
('kado10', 30, 4, 0),
('kado10', 31, 3, 0),
('kado10', 32, 2, 0),
('kado10', 33, 4, 0),
('kado10', 34, 1, 0),
('kado10', 35, 2, 0),
('kado10', 36, 3, 0),
('Kher29', 1, 1, 0),
('Kher29', 2, 2, 0),
('Kher29', 3, 1, 0),
('Kher29', 4, 1, 0),
('Kher29', 5, 3, 0),
('Kher29', 6, 1, 0),
('Kher29', 7, 2, 0),
('Kher29', 8, 4, 0),
('Kher29', 9, 1, 0),
('Kher29', 10, 4, 0),
('Kher29', 11, 2, 0),
('Kher29', 12, 3, 0),
('Kher29', 13, 2, 0),
('Kher29', 14, 1, 0),
('Kher29', 15, 1, 0),
('Kher29', 16, 2, 0),
('Kher29', 17, 2, 0),
('Kher29', 18, 2, 0),
('Kher29', 19, 3, 0),
('Kher29', 20, 3, 0),
('Kher29', 21, 1, 0),
('Kher29', 22, 4, 0),
('Kher29', 23, 1, 0),
('Kher29', 24, 2, 0),
('Kher29', 25, 2, 0),
('Kher29', 26, 4, 0),
('Kher29', 27, 1, 0),
('Kher29', 28, 2, 0),
('Kher29', 29, 1, 0),
('Kher29', 30, 4, 0),
('Kher29', 31, 2, 0),
('Kher29', 32, 3, 0),
('Kher29', 33, 4, 0),
('Kher29', 34, 3, 0),
('Kher29', 35, 3, 0),
('Kher29', 36, 3, 0),
('maed13', 1, 2, 0),
('maed13', 2, 2, 0),
('maed13', 3, 2, 0),
('maed13', 4, 1, 0),
('maed13', 5, 3, 0),
('maed13', 6, 4, 0),
('maed13', 7, 2, 0),
('maed13', 8, 4, 0),
('maed13', 9, 1, 0),
('maed13', 10, 4, 0),
('maed13', 11, 4, 0),
('maed13', 12, 3, 0),
('maed13', 13, 3, 0),
('maed13', 14, 4, 0),
('maed13', 15, 2, 0),
('maed13', 16, 1, 0),
('maed13', 17, 4, 0),
('maed13', 18, 4, 0),
('maed13', 19, 2, 0),
('maed13', 20, 2, 0),
('maed13', 21, 2, 0),
('maed13', 22, 3, 0),
('maed13', 23, 2, 0),
('maed13', 24, 4, 0),
('maed13', 25, 3, 0),
('maed13', 26, 4, 0),
('maed13', 27, 4, 0),
('maed13', 28, 2, 0),
('maed13', 29, 2, 0),
('maed13', 30, 1, 0),
('maed13', 31, 4, 0),
('maed13', 32, 4, 0),
('maed13', 33, 1, 0),
('maed13', 34, 2, 0),
('maed13', 35, 2, 0),
('maed13', 36, 3, 0),
('MALD01', 1, 3, 0),
('MALD01', 2, 4, 0),
('MALD01', 3, 4, 0),
('MALD01', 4, 3, 0),
('MALD01', 5, 2, 0),
('MALD01', 6, 3, 0),
('MALD01', 7, 1, 0),
('MALD01', 8, 4, 0),
('MALD01', 9, 3, 0),
('MALD01', 10, 2, 0),
('MALD01', 11, 1, 0),
('MALD01', 12, 1, 0),
('MALD01', 13, 2, 0),
('MALD01', 14, 4, 0),
('MALD01', 15, 4, 0),
('MALD01', 16, 4, 0),
('MALD01', 17, 4, 0),
('MALD01', 18, 2, 0),
('MALD01', 19, 1, 0),
('MALD01', 20, 2, 0),
('MALD01', 21, 1, 0),
('MALD01', 22, 3, 0),
('MALD01', 23, 3, 0),
('MALD01', 24, 2, 0),
('MALD01', 25, 2, 0),
('MALD01', 26, 3, 0),
('MALD01', 27, 3, 0),
('MALD01', 28, 4, 0),
('MALD01', 29, 2, 0),
('MALD01', 30, 1, 0),
('MALD01', 31, 3, 0),
('MALD01', 32, 2, 0),
('MALD01', 33, 3, 0),
('MALD01', 34, 3, 0),
('MALD01', 35, 4, 0),
('MALD01', 36, 3, 0),
('Mark19', 1, 4, 0),
('Mark19', 2, 3, 0),
('Mark19', 3, 4, 0),
('Mark19', 4, 3, 0),
('Mark19', 5, 3, 0),
('Mark19', 6, 3, 0),
('Mark19', 7, 3, 0),
('Mark19', 8, 1, 0),
('Mark19', 9, 2, 0),
('Mark19', 10, 1, 0),
('Mark19', 11, 2, 0),
('Mark19', 12, 2, 0),
('Mark19', 13, 2, 0),
('Mark19', 14, 2, 0),
('Mark19', 15, 1, 0),
('Mark19', 16, 1, 0),
('Mark19', 17, 1, 0),
('Mark19', 18, 4, 0),
('Mark19', 19, 1, 0),
('Mark19', 20, 1, 0),
('Mark19', 21, 3, 0),
('Mark19', 22, 1, 0),
('Mark19', 23, 1, 0),
('Mark19', 24, 4, 0),
('Mark19', 25, 3, 0),
('Mark19', 26, 2, 0),
('Mark19', 27, 3, 0),
('Mark19', 28, 2, 0),
('Mark19', 29, 2, 0),
('Mark19', 30, 3, 0),
('Mark19', 31, 2, 0),
('Mark19', 32, 1, 0),
('Mark19', 33, 3, 0),
('Mark19', 34, 3, 0),
('Mark19', 35, 2, 0),
('Mark19', 36, 4, 0),
('meli11', 1, 2, 0),
('meli11', 2, 1, 0),
('meli11', 3, 4, 0),
('meli11', 4, 3, 0),
('meli11', 5, 3, 0),
('meli11', 6, 3, 0),
('meli11', 7, 1, 0),
('meli11', 8, 4, 0),
('meli11', 9, 3, 0),
('meli11', 10, 2, 0),
('meli11', 11, 4, 0),
('meli11', 12, 3, 0),
('meli11', 13, 1, 0),
('meli11', 14, 4, 0),
('meli11', 15, 2, 0),
('meli11', 16, 2, 0),
('meli11', 17, 4, 0),
('meli11', 18, 4, 0),
('meli11', 19, 1, 0),
('meli11', 20, 2, 0),
('meli11', 21, 2, 0),
('meli11', 22, 2, 0),
('meli11', 23, 2, 0),
('meli11', 24, 4, 0),
('meli11', 25, 2, 0),
('meli11', 26, 2, 0),
('meli11', 27, 3, 0),
('meli11', 28, 4, 0),
('meli11', 29, 2, 0),
('meli11', 30, 3, 0),
('meli11', 31, 4, 0),
('meli11', 32, 2, 0),
('meli11', 33, 3, 0),
('meli11', 34, 1, 0),
('meli11', 35, 3, 0),
('meli11', 36, 2, 0),
('olrd03', 1, 1, 0),
('olrd03', 2, 1, 0),
('olrd03', 3, 3, 0),
('olrd03', 4, 2, 0),
('olrd03', 5, 3, 0),
('olrd03', 6, 2, 0),
('olrd03', 7, 2, 0),
('olrd03', 8, 3, 0),
('olrd03', 9, 1, 0),
('olrd03', 10, 4, 0),
('olrd03', 11, 1, 0),
('olrd03', 12, 2, 0),
('olrd03', 13, 1, 0),
('olrd03', 14, 3, 0),
('olrd03', 15, 1, 0),
('olrd03', 16, 1, 0),
('olrd03', 17, 2, 0),
('olrd03', 18, 4, 0),
('olrd03', 19, 4, 0),
('olrd03', 20, 4, 0),
('olrd03', 21, 2, 0),
('olrd03', 22, 3, 0),
('olrd03', 23, 2, 0),
('olrd03', 24, 1, 0),
('olrd03', 25, 2, 0),
('olrd03', 26, 3, 0),
('olrd03', 27, 1, 0),
('olrd03', 28, 1, 0),
('olrd03', 29, 2, 0),
('olrd03', 30, 4, 0),
('olrd03', 31, 3, 0),
('olrd03', 32, 1, 0),
('olrd03', 33, 1, 0),
('olrd03', 34, 3, 0),
('olrd03', 35, 1, 0),
('olrd03', 36, 2, 0),
('peho13', 1, 2, 0),
('peho13', 2, 1, 0),
('peho13', 3, 2, 0),
('peho13', 4, 4, 0),
('peho13', 5, 4, 0),
('peho13', 6, 1, 0),
('peho13', 7, 1, 0),
('peho13', 8, 4, 0),
('peho13', 9, 1, 0),
('peho13', 10, 1, 0),
('peho13', 11, 3, 0),
('peho13', 12, 3, 0),
('peho13', 13, 1, 0),
('peho13', 14, 2, 0),
('peho13', 15, 4, 0),
('peho13', 16, 2, 0),
('peho13', 17, 4, 0),
('peho13', 18, 2, 0),
('peho13', 19, 3, 0),
('peho13', 20, 1, 0),
('peho13', 21, 1, 0),
('peho13', 22, 1, 0),
('peho13', 23, 2, 0),
('peho13', 24, 2, 0),
('peho13', 25, 2, 0),
('peho13', 26, 1, 0),
('peho13', 27, 3, 0),
('peho13', 28, 3, 0),
('peho13', 29, 2, 0),
('peho13', 30, 1, 0),
('peho13', 31, 1, 0),
('peho13', 32, 4, 0),
('peho13', 33, 4, 0),
('peho13', 34, 3, 0),
('peho13', 35, 4, 0),
('peho13', 36, 1, 0),
('Peld27', 1, 2, 0),
('Peld27', 2, 2, 0),
('Peld27', 3, 1, 0),
('Peld27', 4, 2, 0),
('Peld27', 5, 3, 0),
('Peld27', 6, 1, 0),
('Peld27', 7, 2, 0),
('Peld27', 8, 4, 0),
('Peld27', 9, 2, 0),
('Peld27', 10, 3, 0),
('Peld27', 11, 2, 0),
('Peld27', 12, 4, 0),
('Peld27', 13, 4, 0),
('Peld27', 14, 4, 0),
('Peld27', 15, 4, 0),
('Peld27', 16, 1, 0),
('Peld27', 17, 1, 0),
('Peld27', 18, 4, 0),
('Peld27', 19, 4, 0),
('Peld27', 20, 4, 0),
('Peld27', 21, 2, 0),
('Peld27', 22, 2, 0),
('Peld27', 23, 1, 0),
('Peld27', 24, 4, 0),
('Peld27', 25, 3, 0),
('Peld27', 26, 1, 0),
('Peld27', 27, 3, 0),
('Peld27', 28, 3, 0),
('Peld27', 29, 4, 0),
('Peld27', 30, 1, 0),
('Peld27', 31, 3, 0),
('Peld27', 32, 3, 0),
('Peld27', 33, 4, 0),
('Peld27', 34, 1, 0),
('Peld27', 35, 4, 0),
('Peld27', 36, 3, 0),
('peno25', 1, 1, 0),
('peno25', 2, 3, 0),
('peno25', 3, 4, 0),
('peno25', 4, 2, 0),
('peno25', 5, 2, 0),
('peno25', 6, 3, 0),
('peno25', 7, 3, 0),
('peno25', 8, 1, 0),
('peno25', 9, 3, 0),
('peno25', 10, 2, 0),
('peno25', 11, 2, 0),
('peno25', 12, 3, 0),
('peno25', 13, 1, 0),
('peno25', 14, 4, 0),
('peno25', 15, 3, 0),
('peno25', 16, 1, 0),
('peno25', 17, 1, 0),
('peno25', 18, 3, 0),
('peno25', 19, 1, 0),
('peno25', 20, 2, 0),
('peno25', 21, 1, 0),
('peno25', 22, 4, 0),
('peno25', 23, 3, 0),
('peno25', 24, 3, 0),
('peno25', 25, 3, 0),
('peno25', 26, 1, 0),
('peno25', 27, 4, 0),
('peno25', 28, 2, 0),
('peno25', 29, 4, 0),
('peno25', 30, 3, 0),
('peno25', 31, 1, 0),
('peno25', 32, 1, 0),
('peno25', 33, 2, 0),
('peno25', 34, 4, 0),
('peno25', 35, 1, 0),
('peno25', 36, 1, 0),
('reas07', 1, 1, 0),
('reas07', 2, 3, 0),
('reas07', 3, 2, 0),
('reas07', 4, 2, 0),
('reas07', 5, 4, 0),
('reas07', 6, 2, 0),
('reas07', 7, 4, 0),
('reas07', 8, 3, 0),
('reas07', 9, 2, 0),
('reas07', 10, 1, 0),
('reas07', 11, 2, 0),
('reas07', 12, 3, 0),
('reas07', 13, 3, 0),
('reas07', 14, 2, 0),
('reas07', 15, 3, 0),
('reas07', 16, 1, 0),
('reas07', 17, 3, 0),
('reas07', 18, 1, 0),
('reas07', 19, 2, 0),
('reas07', 20, 1, 0),
('reas07', 21, 3, 0),
('reas07', 22, 1, 0),
('reas07', 23, 3, 0),
('reas07', 24, 4, 0),
('reas07', 25, 1, 0),
('reas07', 26, 3, 0),
('reas07', 27, 4, 0),
('reas07', 28, 3, 0),
('reas07', 29, 1, 0),
('reas07', 30, 2, 0),
('reas07', 31, 3, 0),
('reas07', 32, 1, 0),
('reas07', 33, 2, 0),
('reas07', 34, 4, 0),
('reas07', 35, 1, 0),
('reas07', 36, 2, 0),
('roie27', 1, 1, 0),
('roie27', 2, 2, 0),
('roie27', 3, 3, 0),
('roie27', 4, 1, 0),
('roie27', 5, 3, 0),
('roie27', 6, 3, 0),
('roie27', 7, 2, 0),
('roie27', 8, 1, 0),
('roie27', 9, 3, 0),
('roie27', 10, 3, 0),
('roie27', 11, 4, 0),
('roie27', 12, 4, 0),
('roie27', 13, 1, 0),
('roie27', 14, 4, 0),
('roie27', 15, 2, 0),
('roie27', 16, 2, 0),
('roie27', 17, 4, 0),
('roie27', 18, 2, 0),
('roie27', 19, 2, 0),
('roie27', 20, 1, 0),
('roie27', 21, 4, 0),
('roie27', 22, 2, 0),
('roie27', 23, 2, 0),
('roie27', 24, 3, 0),
('roie27', 25, 1, 0),
('roie27', 26, 3, 0),
('roie27', 27, 4, 0),
('roie27', 28, 3, 0),
('roie27', 29, 1, 0),
('roie27', 30, 3, 0),
('roie27', 31, 2, 0),
('roie27', 32, 4, 0),
('roie27', 33, 4, 0),
('roie27', 34, 2, 0),
('roie27', 35, 3, 0),
('roie27', 36, 3, 0),
('saht28', 1, 4, 0),
('saht28', 2, 2, 0),
('saht28', 3, 3, 0),
('saht28', 4, 4, 0),
('saht28', 5, 2, 0),
('saht28', 6, 1, 0),
('saht28', 7, 3, 0),
('saht28', 8, 2, 0),
('saht28', 9, 2, 0),
('saht28', 10, 4, 0),
('saht28', 11, 2, 0),
('saht28', 12, 1, 0),
('saht28', 13, 3, 0),
('saht28', 14, 3, 0),
('saht28', 15, 1, 0),
('saht28', 16, 1, 0),
('saht28', 17, 3, 0),
('saht28', 18, 2, 0),
('saht28', 19, 3, 0),
('saht28', 20, 4, 0),
('saht28', 21, 3, 0),
('saht28', 22, 2, 0),
('saht28', 23, 3, 0),
('saht28', 24, 2, 0),
('saht28', 25, 1, 0),
('saht28', 26, 4, 0),
('saht28', 27, 4, 0),
('saht28', 28, 1, 0),
('saht28', 29, 2, 0),
('saht28', 30, 1, 0),
('saht28', 31, 3, 0),
('saht28', 32, 3, 0),
('saht28', 33, 2, 0),
('saht28', 34, 2, 0),
('saht28', 35, 2, 0),
('saht28', 36, 1, 0),
('Sico09', 1, 1, 0),
('Sico09', 2, 3, 0),
('Sico09', 3, 4, 0),
('Sico09', 4, 2, 0),
('Sico09', 5, 3, 0),
('Sico09', 6, 1, 0),
('Sico09', 7, 4, 0),
('Sico09', 8, 1, 0),
('Sico09', 9, 4, 0),
('Sico09', 10, 4, 0),
('Sico09', 11, 3, 0),
('Sico09', 12, 1, 0),
('Sico09', 13, 3, 0),
('Sico09', 14, 2, 0),
('Sico09', 15, 1, 0),
('Sico09', 16, 1, 0),
('Sico09', 17, 2, 0),
('Sico09', 18, 3, 0),
('Sico09', 19, 4, 0),
('Sico09', 20, 4, 0),
('Sico09', 21, 2, 0),
('Sico09', 22, 4, 0),
('Sico09', 23, 4, 0),
('Sico09', 24, 1, 0),
('Sico09', 25, 3, 0),
('Sico09', 26, 1, 0),
('Sico09', 27, 2, 0),
('Sico09', 28, 1, 0),
('Sico09', 29, 2, 0),
('Sico09', 30, 3, 0),
('Sico09', 31, 1, 0),
('Sico09', 32, 3, 0),
('Sico09', 33, 4, 0),
('Sico09', 34, 4, 0),
('Sico09', 35, 4, 0),
('Sico09', 36, 2, 0),
('test001', 1, 3, 0),
('test001', 2, 3, 0),
('test001', 3, 3, 0),
('test001', 4, 4, 0),
('test001', 5, 4, 0),
('test001', 6, 1, 0),
('test001', 7, 1, 0),
('test034', 1, 2, 0),
('test034', 2, 4, 0),
('test034', 3, 3, 0),
('test034', 4, 1, 0),
('test034', 5, 4, 0),
('test034', 6, 4, 0),
('test034', 7, 1, 0),
('test034', 8, 3, 0),
('test034', 9, 1, 0),
('test034', 10, 4, 0),
('test034', 11, 3, 0),
('test034', 12, 3, 0),
('test034', 13, 3, 0),
('test034', 14, 1, 0),
('test034', 15, 1, 0),
('test034', 16, 2, 0),
('test034', 17, 1, 0),
('test034', 18, 1, 0),
('test034', 19, 1, 0),
('test034', 20, 3, 0),
('test034', 21, 2, 0),
('test034', 22, 3, 0),
('test034', 23, 2, 0),
('test034', 24, 1, 0),
('test034', 25, 1, 0),
('test034', 26, 4, 0),
('test034', 27, 1, 0),
('test034', 28, 2, 0),
('test034', 29, 1, 0),
('test034', 30, 2, 0),
('test034', 31, 4, 0),
('test034', 32, 4, 0),
('test034', 33, 3, 0),
('test034', 34, 2, 0),
('test034', 35, 4, 0),
('test034', 36, 3, 0),
('TEst45432', 1, 2, 0),
('TEst45432', 2, 3, 0),
('TEst45432', 3, 1, 0),
('TEst45432', 4, 1, 0),
('TEst45432', 5, 2, 0),
('TEst45432', 6, 4, 0),
('TEst45432', 7, 1, 0),
('TEst45432', 8, 2, 0),
('TEst45432', 9, 4, 0),
('TEst45432', 10, 1, 0),
('TEst45432', 11, 1, 0),
('TEst45432', 12, 1, 0),
('TEst45432', 13, 1, 0),
('TEst45432', 14, 1, 0),
('TEst45432', 15, 1, 0),
('TEst45432', 16, 1, 0),
('TEst45432', 17, 1, 0),
('TEst45432', 18, 1, 0),
('TEst45432', 19, 1, 0),
('TEst45432', 20, 1, 0),
('TEst45432', 21, 1, 0),
('TEst45432', 22, 1, 0),
('TEst45432', 23, 1, 0),
('TEst45432', 24, 1, 0),
('TEst45432', 25, 1, 0),
('TEst45432', 26, 1, 0),
('TEst45432', 27, 1, 0),
('TEst45432', 28, 1, 0),
('TEst45432', 29, 1, 0),
('TEst45432', 30, 1, 0),
('TEst45432', 31, 1, 0),
('TEst45432', 32, 1, 0),
('TEst45432', 33, 1, 0),
('TEst45432', 34, 1, 0),
('TEst45432', 35, 1, 0),
('TEst45432', 36, 1, 0);

-- --------------------------------------------------------

--
-- Tabellenstruktur für Tabelle `scenarios`
--

CREATE TABLE IF NOT EXISTS `scenarios` (
  `scenID` int(3) unsigned NOT NULL AUTO_INCREMENT,
  `description` varchar(200) CHARACTER SET latin1 COLLATE latin1_german1_ci DEFAULT NULL,
  PRIMARY KEY (`scenID`)
) ENGINE=InnoDB  DEFAULT CHARSET=latin1 AUTO_INCREMENT=42 ;

--
-- Daten für Tabelle `scenarios`
--

INSERT INTO `scenarios` (`scenID`, `description`) VALUES
(6, '4 8'),
(7, '4 9'),
(8, '4 11'),
(9, '4 12'),
(10, '5 9'),
(11, '5 12'),
(12, '7 11'),
(13, '7 12'),
(14, '8 12'),
(15, '13 17'),
(16, '13 18'),
(17, '13 20'),
(18, '13 21'),
(19, '14 18'),
(20, '14 21'),
(21, '16 20'),
(22, '16 21'),
(23, '17 21'),
(24, '10 20'),
(25, '10 21'),
(26, '11 21'),
(27, '7 17'),
(28, '7 18'),
(29, '8 18'),
(30, '4 14'),
(31, '4 15'),
(32, '5 15'),
(33, '6 18'),
(34, '6 21'),
(35, '9 21'),
(36, '5 17'),
(37, '5 20'),
(38, '8 20'),
(39, '4 16'),
(40, '4 19'),
(41, '7 19');

-- --------------------------------------------------------

--
-- Tabellenstruktur für Tabelle `scen_levels`
--

CREATE TABLE IF NOT EXISTS `scen_levels` (
  `relID` int(3) unsigned NOT NULL AUTO_INCREMENT,
  `scenID` int(3) unsigned NOT NULL,
  `levelID` int(3) unsigned NOT NULL,
  PRIMARY KEY (`relID`),
  KEY `scenID` (`scenID`,`levelID`),
  KEY `levelID` (`levelID`)
) ENGINE=InnoDB  DEFAULT CHARSET=latin1 AUTO_INCREMENT=160 ;

--
-- Daten für Tabelle `scen_levels`
--

INSERT INTO `scen_levels` (`relID`, `scenID`, `levelID`) VALUES
(10, 6, 4),
(11, 6, 4),
(12, 6, 8),
(13, 6, 8),
(14, 7, 4),
(15, 7, 4),
(20, 7, 9),
(21, 7, 9),
(22, 8, 4),
(23, 8, 4),
(24, 8, 11),
(25, 8, 11),
(26, 9, 4),
(27, 9, 4),
(28, 9, 12),
(29, 9, 12),
(30, 10, 5),
(31, 10, 5),
(32, 10, 9),
(33, 10, 9),
(34, 11, 5),
(35, 11, 5),
(36, 11, 12),
(37, 11, 12),
(38, 12, 7),
(39, 12, 7),
(40, 12, 11),
(41, 12, 11),
(44, 13, 7),
(45, 13, 7),
(46, 13, 12),
(47, 13, 12),
(48, 14, 8),
(49, 14, 8),
(50, 14, 12),
(51, 14, 12),
(52, 15, 13),
(53, 15, 13),
(54, 15, 17),
(55, 15, 17),
(56, 16, 13),
(57, 16, 13),
(58, 16, 18),
(59, 16, 18),
(60, 17, 13),
(61, 17, 13),
(62, 17, 20),
(63, 17, 20),
(64, 18, 13),
(65, 18, 13),
(66, 18, 21),
(67, 18, 21),
(68, 19, 14),
(69, 19, 14),
(70, 19, 18),
(71, 19, 18),
(72, 20, 14),
(73, 20, 14),
(74, 20, 21),
(75, 20, 21),
(76, 21, 16),
(77, 21, 16),
(78, 21, 20),
(79, 21, 20),
(80, 22, 16),
(81, 22, 16),
(82, 22, 21),
(83, 22, 21),
(84, 23, 17),
(85, 23, 17),
(86, 23, 21),
(87, 23, 21),
(88, 24, 10),
(89, 24, 10),
(90, 24, 20),
(91, 24, 20),
(92, 25, 10),
(93, 25, 10),
(94, 25, 21),
(95, 25, 21),
(96, 26, 11),
(97, 26, 11),
(98, 26, 21),
(99, 26, 21),
(100, 27, 7),
(101, 27, 7),
(102, 27, 17),
(103, 27, 17),
(104, 28, 7),
(105, 28, 7),
(106, 28, 18),
(107, 28, 18),
(108, 29, 8),
(109, 29, 8),
(110, 29, 18),
(111, 29, 18),
(112, 30, 4),
(113, 30, 4),
(114, 30, 14),
(115, 30, 14),
(116, 31, 4),
(117, 31, 4),
(118, 31, 15),
(119, 31, 15),
(120, 32, 5),
(121, 32, 5),
(123, 32, 5),
(122, 32, 15),
(124, 33, 6),
(125, 33, 6),
(126, 33, 18),
(127, 33, 18),
(128, 34, 6),
(129, 34, 6),
(130, 34, 21),
(131, 34, 21),
(132, 35, 9),
(133, 35, 9),
(134, 35, 21),
(135, 35, 21),
(136, 36, 5),
(137, 36, 5),
(138, 36, 17),
(139, 36, 17),
(140, 37, 5),
(141, 37, 5),
(142, 37, 20),
(143, 37, 20),
(144, 38, 8),
(145, 38, 8),
(146, 38, 20),
(147, 38, 20),
(148, 39, 4),
(149, 39, 4),
(150, 39, 16),
(151, 39, 16),
(152, 40, 4),
(153, 40, 4),
(154, 40, 19),
(155, 40, 19),
(156, 41, 7),
(157, 41, 7),
(158, 41, 19),
(159, 41, 19);

-- --------------------------------------------------------

--
-- Tabellenstruktur für Tabelle `sets`
--

CREATE TABLE IF NOT EXISTS `sets` (
  `setID` int(3) unsigned NOT NULL AUTO_INCREMENT,
  `selected` bit(1) NOT NULL DEFAULT b'0',
  `description` varchar(200) CHARACTER SET latin1 COLLATE latin1_german1_ci DEFAULT NULL,
  PRIMARY KEY (`setID`)
) ENGINE=InnoDB  DEFAULT CHARSET=latin1 AUTO_INCREMENT=4 ;

--
-- Daten für Tabelle `sets`
--

INSERT INTO `sets` (`setID`, `selected`, `description`) VALUES
(1, b'0', 'bla'),
(2, b'0', 'ausgewählt'),
(3, b'1', 'Vortest');

-- --------------------------------------------------------

--
-- Tabellenstruktur für Tabelle `set_scens`
--

CREATE TABLE IF NOT EXISTS `set_scens` (
  `relID` int(3) NOT NULL AUTO_INCREMENT,
  `setID` int(3) unsigned NOT NULL,
  `scenID` int(3) unsigned NOT NULL,
  PRIMARY KEY (`relID`),
  KEY `setID` (`setID`,`scenID`),
  KEY `scenID` (`scenID`)
) ENGINE=InnoDB  DEFAULT CHARSET=latin1 AUTO_INCREMENT=68 ;

--
-- Daten für Tabelle `set_scens`
--

INSERT INTO `set_scens` (`relID`, `setID`, `scenID`) VALUES
(4, 3, 6),
(5, 3, 7),
(34, 3, 8),
(35, 3, 9),
(36, 3, 10),
(37, 3, 11),
(38, 3, 12),
(39, 3, 13),
(40, 3, 14),
(41, 3, 15),
(42, 3, 16),
(43, 3, 17),
(44, 3, 18),
(45, 3, 19),
(46, 3, 20),
(47, 3, 21),
(48, 3, 22),
(49, 3, 23),
(50, 3, 24),
(51, 3, 25),
(52, 3, 26),
(53, 3, 27),
(54, 3, 28),
(55, 3, 29),
(56, 3, 30),
(57, 3, 31),
(58, 3, 32),
(59, 3, 33),
(60, 3, 34),
(61, 3, 35),
(62, 3, 36),
(63, 3, 37),
(64, 3, 38),
(65, 3, 39),
(66, 3, 40),
(67, 3, 41);

-- --------------------------------------------------------

--
-- Tabellenstruktur für Tabelle `vps`
--

CREATE TABLE IF NOT EXISTS `vps` (
  `vpID` varchar(10) CHARACTER SET latin1 COLLATE latin1_german1_ci NOT NULL,
  `state` int(3) DEFAULT NULL,
  PRIMARY KEY (`vpID`)
) ENGINE=InnoDB DEFAULT CHARSET=latin1;

--
-- Daten für Tabelle `vps`
--

INSERT INTO `vps` (`vpID`, `state`) VALUES
('adwe19', NULL),
('Asns06', NULL),
('Bert27', NULL),
('BEUT31', NULL),
('biwe28', NULL),
('BRER14', NULL),
('brnk05', NULL),
('CLAO19', NULL),
('FAEF03', NULL),
('gawe05', NULL),
('giar26', NULL),
('Gier18', NULL),
('haan03', NULL),
('helm24', NULL),
('Henk15', NULL),
('hest06', NULL),
('irrk01', NULL),
('juan29', NULL),
('jurd09', NULL),
('kado10', NULL),
('Kher29', NULL),
('maed13', NULL),
('MALD01', NULL),
('Mark19', NULL),
('meli11', NULL),
('olrd03', NULL),
('peho13', NULL),
('Peld27', NULL),
('peno25', NULL),
('reas07', NULL),
('roie27', NULL),
('saht28', NULL),
('Sico09', NULL),
('test001', 8),
('test034', NULL),
('test24', 1),
('TEst45432', 100);

-- --------------------------------------------------------

--
-- Tabellenstruktur für Tabelle `vp_scen_order`
--

CREATE TABLE IF NOT EXISTS `vp_scen_order` (
  `vpID` varchar(10) CHARACTER SET latin1 COLLATE latin1_german1_ci NOT NULL,
  `tempPos` int(3) unsigned NOT NULL,
  `scenID` int(3) unsigned NOT NULL,
  `cityID` int(3) unsigned NOT NULL,
  `fieldID` int(3) unsigned NOT NULL,
  PRIMARY KEY (`vpID`,`tempPos`),
  KEY `vpID` (`vpID`),
  KEY `scenID` (`scenID`),
  KEY `cityID` (`cityID`),
  KEY `fieldID` (`fieldID`)
) ENGINE=InnoDB DEFAULT CHARSET=latin1;

--
-- Daten für Tabelle `vp_scen_order`
--

INSERT INTO `vp_scen_order` (`vpID`, `tempPos`, `scenID`, `cityID`, `fieldID`) VALUES
('adwe19', 1, 41, 3, 2),
('adwe19', 2, 16, 2, 3),
('adwe19', 3, 25, 1, 1),
('adwe19', 4, 11, 4, 5),
('adwe19', 5, 18, 4, 1),
('adwe19', 6, 23, 1, 4),
('adwe19', 7, 6, 2, 4),
('adwe19', 8, 24, 1, 2),
('adwe19', 9, 12, 1, 2),
('adwe19', 10, 36, 3, 2),
('adwe19', 11, 30, 4, 3),
('adwe19', 12, 10, 2, 4),
('adwe19', 13, 21, 2, 5),
('adwe19', 14, 29, 4, 3),
('adwe19', 15, 19, 2, 2),
('adwe19', 16, 26, 2, 1),
('adwe19', 17, 7, 2, 5),
('adwe19', 18, 13, 4, 2),
('adwe19', 19, 34, 3, 5),
('adwe19', 20, 35, 2, 5),
('adwe19', 21, 40, 1, 5),
('adwe19', 22, 38, 1, 1),
('adwe19', 23, 28, 4, 4),
('adwe19', 24, 17, 1, 1),
('adwe19', 25, 37, 4, 2),
('adwe19', 26, 14, 1, 1),
('adwe19', 27, 20, 1, 3),
('adwe19', 28, 33, 1, 2),
('adwe19', 29, 8, 1, 1),
('adwe19', 30, 9, 2, 5),
('adwe19', 31, 31, 4, 2),
('adwe19', 32, 32, 2, 2),
('adwe19', 33, 27, 3, 3),
('adwe19', 34, 15, 2, 3),
('adwe19', 35, 22, 1, 3),
('adwe19', 36, 39, 4, 3),
('Asns06', 1, 31, 3, 4),
('Asns06', 2, 39, 4, 2),
('Asns06', 3, 36, 1, 4),
('Asns06', 4, 12, 3, 3),
('Asns06', 5, 25, 3, 4),
('Asns06', 6, 40, 4, 1),
('Asns06', 7, 17, 1, 5),
('Asns06', 8, 6, 2, 1),
('Asns06', 9, 30, 4, 3),
('Asns06', 10, 23, 2, 2),
('Asns06', 11, 16, 3, 5),
('Asns06', 12, 10, 2, 1),
('Asns06', 13, 11, 4, 5),
('Asns06', 14, 13, 1, 5),
('Asns06', 15, 9, 4, 1),
('Asns06', 16, 33, 4, 4),
('Asns06', 17, 26, 2, 1),
('Asns06', 18, 27, 2, 4),
('Asns06', 19, 29, 3, 3),
('Asns06', 20, 24, 2, 4),
('Asns06', 21, 19, 4, 2),
('Asns06', 22, 15, 2, 2),
('Asns06', 23, 37, 2, 5),
('Asns06', 24, 22, 1, 1),
('Asns06', 25, 7, 2, 2),
('Asns06', 26, 32, 4, 2),
('Asns06', 27, 34, 2, 5),
('Asns06', 28, 38, 1, 5),
('Asns06', 29, 28, 3, 4),
('Asns06', 30, 20, 4, 1),
('Asns06', 31, 35, 2, 3),
('Asns06', 32, 18, 4, 3),
('Asns06', 33, 14, 4, 1),
('Asns06', 34, 41, 3, 3),
('Asns06', 35, 21, 3, 5),
('Asns06', 36, 8, 3, 5),
('Bert27', 1, 28, 3, 4),
('Bert27', 2, 8, 2, 3),
('Bert27', 3, 23, 3, 2),
('Bert27', 4, 34, 2, 2),
('Bert27', 5, 18, 3, 1),
('Bert27', 6, 7, 3, 5),
('Bert27', 7, 22, 1, 5),
('Bert27', 8, 12, 1, 3),
('Bert27', 9, 40, 2, 4),
('Bert27', 10, 37, 2, 5),
('Bert27', 11, 36, 1, 2),
('Bert27', 12, 38, 3, 1),
('Bert27', 13, 17, 3, 5),
('Bert27', 14, 19, 3, 5),
('Bert27', 15, 6, 2, 5),
('Bert27', 16, 31, 1, 4),
('Bert27', 17, 27, 4, 5),
('Bert27', 18, 33, 2, 5),
('Bert27', 19, 24, 4, 2),
('Bert27', 20, 11, 2, 3),
('Bert27', 21, 39, 2, 5),
('Bert27', 22, 41, 1, 3),
('Bert27', 23, 35, 1, 5),
('Bert27', 24, 21, 3, 5),
('Bert27', 25, 9, 4, 5),
('Bert27', 26, 32, 3, 3),
('Bert27', 27, 30, 2, 1),
('Bert27', 28, 25, 2, 1),
('Bert27', 29, 14, 4, 2),
('Bert27', 30, 16, 4, 5),
('Bert27', 31, 29, 2, 5),
('Bert27', 32, 26, 3, 1),
('Bert27', 33, 20, 1, 5),
('Bert27', 34, 13, 2, 2),
('Bert27', 35, 10, 2, 4),
('Bert27', 36, 15, 1, 4),
('BEUT31', 1, 6, 3, 5),
('BEUT31', 2, 16, 3, 2),
('BEUT31', 3, 26, 2, 5),
('BEUT31', 4, 11, 2, 1),
('BEUT31', 5, 27, 2, 1),
('BEUT31', 6, 33, 2, 5),
('BEUT31', 7, 35, 1, 3),
('BEUT31', 8, 38, 2, 4),
('BEUT31', 9, 9, 2, 4),
('BEUT31', 10, 41, 2, 1),
('BEUT31', 11, 24, 2, 4),
('BEUT31', 12, 23, 1, 4),
('BEUT31', 13, 40, 2, 4),
('BEUT31', 14, 39, 1, 2),
('BEUT31', 15, 14, 1, 2),
('BEUT31', 16, 22, 2, 2),
('BEUT31', 17, 13, 4, 4),
('BEUT31', 18, 37, 2, 4),
('BEUT31', 19, 12, 1, 2),
('BEUT31', 20, 15, 2, 1),
('BEUT31', 21, 20, 2, 1),
('BEUT31', 22, 10, 3, 2),
('BEUT31', 23, 17, 1, 5),
('BEUT31', 24, 7, 2, 3),
('BEUT31', 25, 29, 4, 3),
('BEUT31', 26, 21, 3, 2),
('BEUT31', 27, 8, 3, 3),
('BEUT31', 28, 32, 1, 4),
('BEUT31', 29, 28, 4, 5),
('BEUT31', 30, 18, 1, 4),
('BEUT31', 31, 34, 3, 1),
('BEUT31', 32, 36, 4, 2),
('BEUT31', 33, 30, 3, 3),
('BEUT31', 34, 25, 2, 5),
('BEUT31', 35, 19, 4, 2),
('BEUT31', 36, 31, 1, 3),
('biwe28', 1, 21, 4, 1),
('biwe28', 2, 37, 2, 5),
('biwe28', 3, 6, 2, 2),
('biwe28', 4, 25, 3, 2),
('biwe28', 5, 13, 2, 4),
('biwe28', 6, 29, 3, 2),
('biwe28', 7, 31, 1, 3),
('biwe28', 8, 22, 2, 2),
('biwe28', 9, 20, 2, 2),
('biwe28', 10, 15, 3, 1),
('biwe28', 11, 41, 4, 4),
('biwe28', 12, 26, 3, 5),
('biwe28', 13, 33, 2, 5),
('biwe28', 14, 16, 3, 4),
('biwe28', 15, 36, 2, 2),
('biwe28', 16, 10, 3, 4),
('biwe28', 17, 39, 1, 2),
('biwe28', 18, 27, 4, 1),
('biwe28', 19, 8, 4, 1),
('biwe28', 20, 23, 4, 1),
('biwe28', 21, 14, 1, 1),
('biwe28', 22, 19, 2, 1),
('biwe28', 23, 35, 3, 1),
('biwe28', 24, 24, 2, 1),
('biwe28', 25, 28, 4, 3),
('biwe28', 26, 38, 1, 1),
('biwe28', 27, 9, 2, 1),
('biwe28', 28, 11, 2, 2),
('biwe28', 29, 7, 3, 3),
('biwe28', 30, 40, 1, 4),
('biwe28', 31, 18, 1, 1),
('biwe28', 32, 34, 4, 1),
('biwe28', 33, 17, 4, 1),
('biwe28', 34, 30, 4, 1),
('biwe28', 35, 12, 3, 1),
('biwe28', 36, 32, 2, 1),
('BRER14', 1, 11, 1, 3),
('BRER14', 2, 30, 4, 3),
('BRER14', 3, 22, 3, 4),
('BRER14', 4, 40, 4, 1),
('BRER14', 5, 6, 2, 2),
('BRER14', 6, 23, 4, 1),
('BRER14', 7, 27, 3, 3),
('BRER14', 8, 35, 2, 4),
('BRER14', 9, 8, 3, 2),
('BRER14', 10, 7, 4, 3),
('BRER14', 11, 18, 1, 3),
('BRER14', 12, 38, 2, 4),
('BRER14', 13, 25, 2, 1),
('BRER14', 14, 15, 4, 2),
('BRER14', 15, 13, 4, 2),
('BRER14', 16, 36, 2, 2),
('BRER14', 17, 26, 1, 1),
('BRER14', 18, 29, 2, 1),
('BRER14', 19, 32, 1, 2),
('BRER14', 20, 12, 4, 2),
('BRER14', 21, 31, 4, 5),
('BRER14', 22, 39, 4, 5),
('BRER14', 23, 21, 1, 3),
('BRER14', 24, 16, 2, 3),
('BRER14', 25, 37, 2, 2),
('BRER14', 26, 20, 4, 5),
('BRER14', 27, 9, 3, 3),
('BRER14', 28, 19, 2, 5),
('BRER14', 29, 14, 2, 1),
('BRER14', 30, 34, 3, 5),
('BRER14', 31, 41, 3, 3),
('BRER14', 32, 28, 4, 2),
('BRER14', 33, 24, 1, 1),
('BRER14', 34, 10, 3, 2),
('BRER14', 35, 17, 3, 5),
('BRER14', 36, 33, 2, 5),
('brnk05', 1, 27, 3, 2),
('brnk05', 2, 17, 1, 4),
('brnk05', 3, 15, 1, 1),
('brnk05', 4, 10, 4, 1),
('brnk05', 5, 9, 2, 3),
('brnk05', 6, 14, 3, 1),
('brnk05', 7, 24, 1, 4),
('brnk05', 8, 6, 1, 5),
('brnk05', 9, 25, 3, 2),
('brnk05', 10, 33, 2, 3),
('brnk05', 11, 28, 4, 1),
('brnk05', 12, 38, 3, 3),
('brnk05', 13, 37, 1, 4),
('brnk05', 14, 16, 2, 3),
('brnk05', 15, 39, 4, 1),
('brnk05', 16, 30, 2, 1),
('brnk05', 17, 7, 1, 3),
('brnk05', 18, 13, 4, 5),
('brnk05', 19, 35, 1, 1),
('brnk05', 20, 31, 3, 1),
('brnk05', 21, 11, 3, 2),
('brnk05', 22, 36, 1, 4),
('brnk05', 23, 29, 4, 5),
('brnk05', 24, 41, 4, 4),
('brnk05', 25, 20, 3, 4),
('brnk05', 26, 40, 2, 3),
('brnk05', 27, 19, 2, 5),
('brnk05', 28, 12, 1, 5),
('brnk05', 29, 8, 4, 1),
('brnk05', 30, 34, 2, 4),
('brnk05', 31, 26, 3, 4),
('brnk05', 32, 18, 1, 3),
('brnk05', 33, 21, 2, 1),
('brnk05', 34, 23, 1, 4),
('brnk05', 35, 22, 3, 2),
('brnk05', 36, 32, 2, 4),
('CLAO19', 1, 19, 2, 1),
('CLAO19', 2, 26, 3, 3),
('CLAO19', 3, 13, 3, 2),
('CLAO19', 4, 8, 4, 2),
('CLAO19', 5, 39, 1, 3),
('CLAO19', 6, 28, 4, 4),
('CLAO19', 7, 23, 1, 3),
('CLAO19', 8, 9, 4, 4),
('CLAO19', 9, 17, 1, 1),
('CLAO19', 10, 12, 4, 1),
('CLAO19', 11, 25, 1, 3),
('CLAO19', 12, 33, 3, 5),
('CLAO19', 13, 6, 2, 4),
('CLAO19', 14, 16, 2, 2),
('CLAO19', 15, 22, 3, 4),
('CLAO19', 16, 30, 1, 3),
('CLAO19', 17, 27, 2, 2),
('CLAO19', 18, 34, 1, 4),
('CLAO19', 19, 14, 2, 3),
('CLAO19', 20, 11, 2, 3),
('CLAO19', 21, 21, 1, 1),
('CLAO19', 22, 40, 3, 3),
('CLAO19', 23, 32, 4, 5),
('CLAO19', 24, 37, 3, 1),
('CLAO19', 25, 18, 2, 5),
('CLAO19', 26, 24, 3, 2),
('CLAO19', 27, 10, 4, 4),
('CLAO19', 28, 38, 3, 1),
('CLAO19', 29, 41, 2, 4),
('CLAO19', 30, 7, 1, 4),
('CLAO19', 31, 15, 3, 2),
('CLAO19', 32, 31, 4, 1),
('CLAO19', 33, 29, 1, 3),
('CLAO19', 34, 36, 3, 2),
('CLAO19', 35, 20, 4, 4),
('CLAO19', 36, 35, 2, 4),
('FAEF03', 1, 7, 4, 5),
('FAEF03', 2, 8, 4, 5),
('FAEF03', 3, 35, 3, 1),
('FAEF03', 4, 18, 3, 1),
('FAEF03', 5, 32, 2, 4),
('FAEF03', 6, 11, 3, 1),
('FAEF03', 7, 9, 1, 4),
('FAEF03', 8, 40, 2, 4),
('FAEF03', 9, 34, 4, 2),
('FAEF03', 10, 19, 4, 3),
('FAEF03', 11, 23, 4, 4),
('FAEF03', 12, 41, 1, 3),
('FAEF03', 13, 38, 4, 3),
('FAEF03', 14, 33, 2, 4),
('FAEF03', 15, 27, 3, 5),
('FAEF03', 16, 24, 2, 2),
('FAEF03', 17, 36, 3, 1),
('FAEF03', 18, 21, 3, 2),
('FAEF03', 19, 12, 2, 3),
('FAEF03', 20, 25, 4, 5),
('FAEF03', 21, 28, 1, 1),
('FAEF03', 22, 6, 3, 1),
('FAEF03', 23, 26, 2, 2),
('FAEF03', 24, 16, 1, 3),
('FAEF03', 25, 15, 1, 5),
('FAEF03', 26, 29, 1, 1),
('FAEF03', 27, 30, 1, 4),
('FAEF03', 28, 20, 4, 3),
('FAEF03', 29, 31, 4, 5),
('FAEF03', 30, 13, 4, 4),
('FAEF03', 31, 37, 1, 2),
('FAEF03', 32, 10, 4, 1),
('FAEF03', 33, 39, 1, 3),
('FAEF03', 34, 14, 1, 1),
('FAEF03', 35, 17, 3, 4),
('FAEF03', 36, 22, 4, 5),
('gawe05', 1, 36, 2, 2),
('gawe05', 2, 11, 2, 1),
('gawe05', 3, 16, 4, 1),
('gawe05', 4, 37, 1, 2),
('gawe05', 5, 8, 2, 3),
('gawe05', 6, 39, 3, 3),
('gawe05', 7, 21, 4, 4),
('gawe05', 8, 13, 2, 3),
('gawe05', 9, 38, 1, 3),
('gawe05', 10, 23, 3, 4),
('gawe05', 11, 32, 3, 4),
('gawe05', 12, 12, 3, 3),
('gawe05', 13, 15, 4, 4),
('gawe05', 14, 28, 3, 4),
('gawe05', 15, 31, 2, 4),
('gawe05', 16, 9, 2, 5),
('gawe05', 17, 29, 4, 1),
('gawe05', 18, 18, 4, 4),
('gawe05', 19, 26, 3, 2),
('gawe05', 20, 17, 3, 2),
('gawe05', 21, 27, 2, 1),
('gawe05', 22, 20, 2, 2),
('gawe05', 23, 24, 4, 5),
('gawe05', 24, 33, 3, 1),
('gawe05', 25, 34, 3, 5),
('gawe05', 26, 25, 2, 4),
('gawe05', 27, 41, 1, 1),
('gawe05', 28, 6, 1, 4),
('gawe05', 29, 10, 2, 5),
('gawe05', 30, 40, 3, 1),
('gawe05', 31, 7, 1, 4),
('gawe05', 32, 19, 4, 5),
('gawe05', 33, 22, 4, 2),
('gawe05', 34, 35, 2, 1),
('gawe05', 35, 14, 3, 2),
('gawe05', 36, 30, 3, 2),
('giar26', 1, 29, 3, 4),
('giar26', 2, 9, 4, 1),
('giar26', 3, 35, 4, 3),
('giar26', 4, 26, 3, 1),
('giar26', 5, 10, 4, 2),
('giar26', 6, 40, 4, 3),
('giar26', 7, 24, 1, 4),
('giar26', 8, 17, 1, 1),
('giar26', 9, 12, 3, 1),
('giar26', 10, 11, 4, 3),
('giar26', 11, 27, 2, 5),
('giar26', 12, 13, 3, 2),
('giar26', 13, 23, 3, 1),
('giar26', 14, 18, 1, 3),
('giar26', 15, 22, 3, 5),
('giar26', 16, 34, 3, 5),
('giar26', 17, 32, 3, 1),
('giar26', 18, 8, 1, 3),
('giar26', 19, 36, 3, 3),
('giar26', 20, 30, 1, 1),
('giar26', 21, 15, 2, 2),
('giar26', 22, 19, 3, 1),
('giar26', 23, 33, 3, 2),
('giar26', 24, 25, 3, 5),
('giar26', 25, 28, 4, 2),
('giar26', 26, 16, 1, 5),
('giar26', 27, 14, 3, 5),
('giar26', 28, 31, 1, 2),
('giar26', 29, 7, 1, 2),
('giar26', 30, 20, 1, 5),
('giar26', 31, 37, 2, 4),
('giar26', 32, 6, 2, 1),
('giar26', 33, 41, 2, 5),
('giar26', 34, 38, 4, 2),
('giar26', 35, 21, 2, 2),
('giar26', 36, 39, 1, 1),
('Gier18', 1, 17, 2, 2),
('Gier18', 2, 32, 1, 1),
('Gier18', 3, 14, 2, 4),
('Gier18', 4, 41, 4, 4),
('Gier18', 5, 16, 4, 1),
('Gier18', 6, 38, 1, 3),
('Gier18', 7, 10, 2, 4),
('Gier18', 8, 40, 2, 3),
('Gier18', 9, 35, 2, 4),
('Gier18', 10, 37, 3, 1),
('Gier18', 11, 15, 3, 2),
('Gier18', 12, 36, 4, 3),
('Gier18', 13, 13, 1, 3),
('Gier18', 14, 11, 4, 4),
('Gier18', 15, 31, 1, 1),
('Gier18', 16, 19, 4, 3),
('Gier18', 17, 28, 1, 3),
('Gier18', 18, 20, 4, 2),
('Gier18', 19, 39, 4, 1),
('Gier18', 20, 34, 3, 1),
('Gier18', 21, 12, 2, 3),
('Gier18', 22, 23, 4, 4),
('Gier18', 23, 22, 1, 2),
('Gier18', 24, 18, 4, 3),
('Gier18', 25, 24, 4, 2),
('Gier18', 26, 21, 3, 4),
('Gier18', 27, 25, 3, 2),
('Gier18', 28, 7, 2, 4),
('Gier18', 29, 30, 1, 1),
('Gier18', 30, 33, 1, 5),
('Gier18', 31, 8, 3, 2),
('Gier18', 32, 27, 2, 3),
('Gier18', 33, 6, 2, 3),
('Gier18', 34, 26, 3, 4),
('Gier18', 35, 9, 3, 3),
('Gier18', 36, 29, 2, 3),
('haan03', 1, 17, 4, 3),
('haan03', 2, 21, 4, 2),
('haan03', 3, 30, 4, 4),
('haan03', 4, 23, 2, 2),
('haan03', 5, 9, 2, 5),
('haan03', 6, 29, 1, 2),
('haan03', 7, 10, 4, 4),
('haan03', 8, 24, 1, 5),
('haan03', 9, 6, 2, 4),
('haan03', 10, 28, 1, 4),
('haan03', 11, 18, 4, 4),
('haan03', 12, 32, 3, 4),
('haan03', 13, 27, 2, 2),
('haan03', 14, 31, 4, 1),
('haan03', 15, 14, 1, 1),
('haan03', 16, 11, 2, 4),
('haan03', 17, 19, 2, 5),
('haan03', 18, 37, 4, 5),
('haan03', 19, 7, 3, 3),
('haan03', 20, 15, 3, 2),
('haan03', 21, 36, 4, 2),
('haan03', 22, 12, 4, 4),
('haan03', 23, 33, 1, 5),
('haan03', 24, 22, 1, 2),
('haan03', 25, 20, 4, 2),
('haan03', 26, 38, 2, 4),
('haan03', 27, 41, 4, 3),
('haan03', 28, 16, 4, 4),
('haan03', 29, 40, 3, 1),
('haan03', 30, 8, 1, 4),
('haan03', 31, 39, 3, 3),
('haan03', 32, 25, 2, 2),
('haan03', 33, 34, 3, 2),
('haan03', 34, 35, 3, 1),
('haan03', 35, 13, 2, 1),
('haan03', 36, 26, 1, 4),
('helm24', 1, 17, 3, 4),
('helm24', 2, 18, 2, 3),
('helm24', 3, 30, 3, 2),
('helm24', 4, 6, 2, 1),
('helm24', 5, 28, 2, 1),
('helm24', 6, 33, 2, 2),
('helm24', 7, 40, 1, 4),
('helm24', 8, 22, 1, 1),
('helm24', 9, 35, 1, 5),
('helm24', 10, 31, 3, 3),
('helm24', 11, 41, 4, 5),
('helm24', 12, 20, 4, 3),
('helm24', 13, 34, 1, 3),
('helm24', 14, 27, 1, 5),
('helm24', 15, 13, 2, 3),
('helm24', 16, 39, 3, 3),
('helm24', 17, 16, 3, 1),
('helm24', 18, 8, 2, 1),
('helm24', 19, 15, 4, 2),
('helm24', 20, 14, 1, 1),
('helm24', 21, 11, 3, 3),
('helm24', 22, 24, 2, 2),
('helm24', 23, 32, 2, 3),
('helm24', 24, 12, 2, 5),
('helm24', 25, 38, 1, 3),
('helm24', 26, 7, 1, 5),
('helm24', 27, 23, 1, 2),
('helm24', 28, 37, 2, 3),
('helm24', 29, 9, 1, 3),
('helm24', 30, 10, 3, 4),
('helm24', 31, 29, 3, 5),
('helm24', 32, 26, 3, 4),
('helm24', 33, 21, 2, 4),
('helm24', 34, 36, 4, 5),
('helm24', 35, 25, 4, 5),
('helm24', 36, 19, 2, 2),
('Henk15', 1, 28, 4, 5),
('Henk15', 2, 27, 3, 1),
('Henk15', 3, 15, 4, 1),
('Henk15', 4, 36, 3, 3),
('Henk15', 5, 32, 4, 1),
('Henk15', 6, 26, 1, 1),
('Henk15', 7, 18, 4, 4),
('Henk15', 8, 37, 3, 2),
('Henk15', 9, 38, 4, 5),
('Henk15', 10, 17, 4, 5),
('Henk15', 11, 23, 2, 1),
('Henk15', 12, 31, 1, 4),
('Henk15', 13, 16, 3, 2),
('Henk15', 14, 30, 3, 2),
('Henk15', 15, 20, 4, 5),
('Henk15', 16, 40, 3, 2),
('Henk15', 17, 39, 1, 3),
('Henk15', 18, 6, 2, 4),
('Henk15', 19, 35, 1, 1),
('Henk15', 20, 21, 4, 5),
('Henk15', 21, 25, 4, 4),
('Henk15', 22, 19, 2, 4),
('Henk15', 23, 11, 3, 4),
('Henk15', 24, 29, 4, 2),
('Henk15', 25, 12, 1, 4),
('Henk15', 26, 9, 3, 3),
('Henk15', 27, 22, 4, 4),
('Henk15', 28, 14, 3, 2),
('Henk15', 29, 10, 3, 4),
('Henk15', 30, 34, 3, 1),
('Henk15', 31, 13, 2, 2),
('Henk15', 32, 33, 4, 3),
('Henk15', 33, 8, 1, 5),
('Henk15', 34, 7, 1, 5),
('Henk15', 35, 24, 3, 5),
('Henk15', 36, 41, 3, 5),
('hest06', 1, 27, 3, 3),
('hest06', 2, 28, 2, 3),
('hest06', 3, 40, 3, 3),
('hest06', 4, 33, 4, 5),
('hest06', 5, 29, 1, 1),
('hest06', 6, 41, 1, 5),
('hest06', 7, 37, 4, 1),
('hest06', 8, 24, 1, 2),
('hest06', 9, 10, 4, 4),
('hest06', 10, 25, 2, 5),
('hest06', 11, 32, 3, 2),
('hest06', 12, 16, 3, 5),
('hest06', 13, 34, 3, 3),
('hest06', 14, 17, 3, 4),
('hest06', 15, 31, 3, 4),
('hest06', 16, 20, 3, 1),
('hest06', 17, 36, 4, 1),
('hest06', 18, 26, 1, 4),
('hest06', 19, 21, 2, 4),
('hest06', 20, 30, 1, 3),
('hest06', 21, 38, 4, 5),
('hest06', 22, 7, 2, 4),
('hest06', 23, 8, 4, 2),
('hest06', 24, 6, 3, 3),
('hest06', 25, 12, 4, 2),
('hest06', 26, 22, 1, 4),
('hest06', 27, 18, 3, 3),
('hest06', 28, 35, 2, 5),
('hest06', 29, 19, 2, 4),
('hest06', 30, 9, 4, 4),
('hest06', 31, 15, 4, 1),
('hest06', 32, 23, 3, 3),
('hest06', 33, 39, 2, 3),
('hest06', 34, 11, 2, 4),
('hest06', 35, 14, 1, 3),
('hest06', 36, 13, 1, 5),
('irrk01', 1, 16, 4, 2),
('irrk01', 2, 11, 3, 2),
('irrk01', 3, 8, 1, 5),
('irrk01', 4, 29, 1, 3),
('irrk01', 5, 10, 2, 4),
('irrk01', 6, 17, 3, 1),
('irrk01', 7, 21, 2, 1),
('irrk01', 8, 39, 3, 4),
('irrk01', 9, 9, 3, 3),
('irrk01', 10, 25, 4, 5),
('irrk01', 11, 18, 2, 1),
('irrk01', 12, 28, 3, 4),
('irrk01', 13, 40, 2, 1),
('irrk01', 14, 32, 1, 2),
('irrk01', 15, 26, 1, 3),
('irrk01', 16, 23, 3, 3),
('irrk01', 17, 30, 3, 1),
('irrk01', 18, 7, 1, 1),
('irrk01', 19, 27, 2, 1),
('irrk01', 20, 15, 3, 1),
('irrk01', 21, 13, 3, 5),
('irrk01', 22, 38, 4, 4),
('irrk01', 23, 37, 4, 2),
('irrk01', 24, 35, 1, 2),
('irrk01', 25, 33, 2, 5),
('irrk01', 26, 14, 2, 2),
('irrk01', 27, 6, 2, 2),
('irrk01', 28, 12, 3, 2),
('irrk01', 29, 41, 4, 3),
('irrk01', 30, 24, 3, 2),
('irrk01', 31, 31, 4, 4),
('irrk01', 32, 19, 2, 3),
('irrk01', 33, 20, 3, 2),
('irrk01', 34, 36, 4, 2),
('irrk01', 35, 34, 2, 2),
('irrk01', 36, 22, 2, 3),
('juan29', 1, 26, 1, 2),
('juan29', 2, 24, 2, 3),
('juan29', 3, 30, 4, 2),
('juan29', 4, 33, 2, 5),
('juan29', 5, 31, 1, 5),
('juan29', 6, 37, 1, 2),
('juan29', 7, 39, 3, 5),
('juan29', 8, 10, 1, 5),
('juan29', 9, 6, 3, 2),
('juan29', 10, 18, 1, 3),
('juan29', 11, 9, 4, 2),
('juan29', 12, 8, 2, 2),
('juan29', 13, 21, 2, 1),
('juan29', 14, 17, 4, 4),
('juan29', 15, 23, 3, 5),
('juan29', 16, 11, 2, 5),
('juan29', 17, 25, 4, 5),
('juan29', 18, 27, 4, 4),
('juan29', 19, 12, 1, 5),
('juan29', 20, 32, 4, 1),
('juan29', 21, 40, 3, 3),
('juan29', 22, 29, 1, 2),
('juan29', 23, 28, 2, 3),
('juan29', 24, 22, 3, 1),
('juan29', 25, 13, 3, 4),
('juan29', 26, 41, 2, 4),
('juan29', 27, 15, 3, 5),
('juan29', 28, 38, 1, 1),
('juan29', 29, 14, 2, 3),
('juan29', 30, 20, 4, 4),
('juan29', 31, 19, 4, 1),
('juan29', 32, 35, 1, 3),
('juan29', 33, 7, 2, 2),
('juan29', 34, 34, 4, 5),
('juan29', 35, 16, 4, 4),
('juan29', 36, 36, 4, 5),
('jurd09', 1, 36, 1, 1),
('jurd09', 2, 37, 1, 1),
('jurd09', 3, 32, 1, 2),
('jurd09', 4, 23, 1, 5),
('jurd09', 5, 33, 3, 5),
('jurd09', 6, 21, 3, 1),
('jurd09', 7, 41, 2, 1),
('jurd09', 8, 19, 1, 3),
('jurd09', 9, 38, 3, 3),
('jurd09', 10, 15, 2, 1),
('jurd09', 11, 16, 1, 4),
('jurd09', 12, 31, 3, 3),
('jurd09', 13, 27, 2, 4),
('jurd09', 14, 30, 2, 4),
('jurd09', 15, 22, 4, 2),
('jurd09', 16, 17, 1, 1),
('jurd09', 17, 29, 4, 3),
('jurd09', 18, 18, 2, 5),
('jurd09', 19, 12, 1, 4),
('jurd09', 20, 25, 2, 2),
('jurd09', 21, 35, 2, 5),
('jurd09', 22, 39, 4, 1),
('jurd09', 23, 6, 1, 5),
('jurd09', 24, 24, 4, 5),
('jurd09', 25, 8, 1, 2),
('jurd09', 26, 28, 1, 5),
('jurd09', 27, 10, 3, 1),
('jurd09', 28, 40, 2, 2),
('jurd09', 29, 11, 1, 4),
('jurd09', 30, 20, 3, 5),
('jurd09', 31, 13, 1, 5),
('jurd09', 32, 7, 3, 2),
('jurd09', 33, 26, 3, 5),
('jurd09', 34, 9, 2, 5),
('jurd09', 35, 14, 3, 3),
('jurd09', 36, 34, 1, 4),
('kado10', 1, 17, 3, 1),
('kado10', 2, 11, 4, 1),
('kado10', 3, 10, 1, 3),
('kado10', 4, 22, 1, 3),
('kado10', 5, 6, 1, 2),
('kado10', 6, 27, 2, 4),
('kado10', 7, 16, 2, 1),
('kado10', 8, 18, 4, 5),
('kado10', 9, 33, 3, 3),
('kado10', 10, 21, 4, 4),
('kado10', 11, 40, 4, 5),
('kado10', 12, 37, 1, 5),
('kado10', 13, 9, 4, 3),
('kado10', 14, 36, 3, 4),
('kado10', 15, 31, 4, 5),
('kado10', 16, 23, 3, 5),
('kado10', 17, 38, 4, 1),
('kado10', 18, 15, 4, 4),
('kado10', 19, 29, 2, 4),
('kado10', 20, 32, 2, 4),
('kado10', 21, 30, 1, 2),
('kado10', 22, 41, 2, 2),
('kado10', 23, 12, 3, 5),
('kado10', 24, 14, 1, 3),
('kado10', 25, 20, 1, 1),
('kado10', 26, 13, 3, 5),
('kado10', 27, 19, 2, 5),
('kado10', 28, 8, 3, 2),
('kado10', 29, 7, 4, 1),
('kado10', 30, 34, 2, 4),
('kado10', 31, 39, 3, 3),
('kado10', 32, 24, 4, 4),
('kado10', 33, 26, 2, 3),
('kado10', 34, 35, 3, 2),
('kado10', 35, 25, 3, 5),
('kado10', 36, 28, 3, 1),
('Kher29', 1, 29, 2, 2),
('Kher29', 2, 15, 2, 5),
('Kher29', 3, 22, 3, 1),
('Kher29', 4, 16, 1, 1),
('Kher29', 5, 11, 4, 2),
('Kher29', 6, 40, 2, 4),
('Kher29', 7, 18, 2, 5),
('Kher29', 8, 23, 1, 3),
('Kher29', 9, 39, 4, 3),
('Kher29', 10, 32, 4, 5),
('Kher29', 11, 36, 2, 4),
('Kher29', 12, 12, 4, 3),
('Kher29', 13, 33, 3, 5),
('Kher29', 14, 34, 1, 2),
('Kher29', 15, 20, 2, 5),
('Kher29', 16, 26, 4, 4),
('Kher29', 17, 28, 4, 2),
('Kher29', 18, 31, 3, 5),
('Kher29', 19, 35, 2, 5),
('Kher29', 20, 10, 4, 5),
('Kher29', 21, 9, 3, 4),
('Kher29', 22, 25, 3, 5),
('Kher29', 23, 24, 2, 2),
('Kher29', 24, 17, 2, 3),
('Kher29', 25, 37, 1, 4),
('Kher29', 26, 19, 2, 1),
('Kher29', 27, 8, 3, 3),
('Kher29', 28, 41, 1, 5),
('Kher29', 29, 14, 2, 5),
('Kher29', 30, 38, 2, 3),
('Kher29', 31, 13, 1, 4),
('Kher29', 32, 27, 2, 4),
('Kher29', 33, 7, 1, 3),
('Kher29', 34, 6, 1, 2),
('Kher29', 35, 21, 4, 4),
('Kher29', 36, 30, 4, 5),
('maed13', 1, 23, 2, 2),
('maed13', 2, 34, 4, 4),
('maed13', 3, 38, 3, 2),
('maed13', 4, 10, 3, 5),
('maed13', 5, 35, 1, 5),
('maed13', 6, 16, 4, 5),
('maed13', 7, 41, 1, 5),
('maed13', 8, 28, 3, 3),
('maed13', 9, 40, 1, 4),
('maed13', 10, 15, 1, 1),
('maed13', 11, 33, 4, 5),
('maed13', 12, 30, 2, 4),
('maed13', 13, 31, 3, 3),
('maed13', 14, 27, 3, 3),
('maed13', 15, 6, 4, 2),
('maed13', 16, 24, 1, 2),
('maed13', 17, 18, 3, 5),
('maed13', 18, 21, 2, 4),
('maed13', 19, 22, 2, 5),
('maed13', 20, 7, 4, 4),
('maed13', 21, 12, 1, 4),
('maed13', 22, 37, 1, 4),
('maed13', 23, 25, 3, 5),
('maed13', 24, 14, 1, 3),
('maed13', 25, 11, 3, 2),
('maed13', 26, 36, 1, 2),
('maed13', 27, 17, 1, 2),
('maed13', 28, 32, 4, 1),
('maed13', 29, 8, 4, 4),
('maed13', 30, 20, 4, 5),
('maed13', 31, 9, 3, 5),
('maed13', 32, 26, 2, 3),
('maed13', 33, 29, 3, 2),
('maed13', 34, 19, 3, 1),
('maed13', 35, 13, 1, 4),
('maed13', 36, 39, 2, 1),
('MALD01', 1, 38, 2, 2),
('MALD01', 2, 30, 3, 5),
('MALD01', 3, 35, 1, 4),
('MALD01', 4, 41, 4, 5),
('MALD01', 5, 36, 2, 2),
('MALD01', 6, 19, 3, 1),
('MALD01', 7, 40, 3, 1),
('MALD01', 8, 37, 1, 5),
('MALD01', 9, 7, 3, 3),
('MALD01', 10, 26, 1, 4),
('MALD01', 11, 20, 4, 2),
('MALD01', 12, 29, 1, 4),
('MALD01', 13, 31, 1, 2),
('MALD01', 14, 11, 2, 2),
('MALD01', 15, 24, 4, 2),
('MALD01', 16, 14, 2, 5),
('MALD01', 17, 39, 4, 5),
('MALD01', 18, 22, 3, 4),
('MALD01', 19, 12, 3, 4),
('MALD01', 20, 10, 2, 5),
('MALD01', 21, 34, 3, 4),
('MALD01', 22, 33, 3, 1),
('MALD01', 23, 8, 4, 5),
('MALD01', 24, 32, 2, 4),
('MALD01', 25, 18, 1, 5),
('MALD01', 26, 25, 4, 5),
('MALD01', 27, 17, 2, 5),
('MALD01', 28, 13, 2, 1),
('MALD01', 29, 27, 4, 1),
('MALD01', 30, 15, 3, 4),
('MALD01', 31, 9, 4, 4),
('MALD01', 32, 28, 2, 5),
('MALD01', 33, 21, 1, 1),
('MALD01', 34, 6, 2, 5),
('MALD01', 35, 16, 3, 3),
('MALD01', 36, 23, 1, 4),
('Mark19', 1, 9, 2, 5),
('Mark19', 2, 14, 1, 4),
('Mark19', 3, 17, 1, 4),
('Mark19', 4, 6, 2, 2),
('Mark19', 5, 26, 4, 5),
('Mark19', 6, 39, 4, 3),
('Mark19', 7, 13, 3, 3),
('Mark19', 8, 37, 1, 4),
('Mark19', 9, 40, 3, 4),
('Mark19', 10, 33, 2, 4),
('Mark19', 11, 11, 3, 5),
('Mark19', 12, 35, 1, 2),
('Mark19', 13, 15, 3, 3),
('Mark19', 14, 19, 3, 4),
('Mark19', 15, 12, 3, 1),
('Mark19', 16, 32, 1, 5),
('Mark19', 17, 20, 3, 5),
('Mark19', 18, 24, 1, 5),
('Mark19', 19, 36, 1, 4),
('Mark19', 20, 31, 1, 2),
('Mark19', 21, 8, 2, 3),
('Mark19', 22, 29, 1, 4),
('Mark19', 23, 10, 1, 2),
('Mark19', 24, 27, 3, 4),
('Mark19', 25, 34, 1, 4),
('Mark19', 26, 22, 4, 4),
('Mark19', 27, 7, 3, 2),
('Mark19', 28, 21, 1, 2),
('Mark19', 29, 30, 1, 4),
('Mark19', 30, 28, 2, 5),
('Mark19', 31, 25, 4, 2),
('Mark19', 32, 41, 4, 5),
('Mark19', 33, 16, 1, 5),
('Mark19', 34, 23, 4, 1),
('Mark19', 35, 38, 3, 4),
('Mark19', 36, 18, 3, 1),
('meli11', 1, 40, 3, 3),
('meli11', 2, 33, 4, 5),
('meli11', 3, 32, 2, 4),
('meli11', 4, 35, 4, 2),
('meli11', 5, 22, 3, 3),
('meli11', 6, 39, 2, 4),
('meli11', 7, 14, 4, 1),
('meli11', 8, 20, 1, 1),
('meli11', 9, 17, 3, 1),
('meli11', 10, 6, 1, 4),
('meli11', 11, 30, 4, 3),
('meli11', 12, 24, 4, 1),
('meli11', 13, 27, 3, 2),
('meli11', 14, 26, 1, 5),
('meli11', 15, 34, 1, 3),
('meli11', 16, 38, 4, 2),
('meli11', 17, 28, 1, 5),
('meli11', 18, 25, 2, 4),
('meli11', 19, 21, 3, 2),
('meli11', 20, 9, 1, 1),
('meli11', 21, 7, 1, 2),
('meli11', 22, 31, 1, 4),
('meli11', 23, 10, 2, 5),
('meli11', 24, 18, 2, 4),
('meli11', 25, 15, 3, 1),
('meli11', 26, 41, 3, 5),
('meli11', 27, 19, 4, 1),
('meli11', 28, 16, 4, 1),
('meli11', 29, 29, 2, 4),
('meli11', 30, 11, 4, 4),
('meli11', 31, 8, 4, 4),
('meli11', 32, 37, 3, 2),
('meli11', 33, 13, 2, 3),
('meli11', 34, 36, 4, 2),
('meli11', 35, 12, 3, 1),
('meli11', 36, 23, 3, 5),
('olrd03', 1, 17, 4, 5),
('olrd03', 2, 35, 3, 4),
('olrd03', 3, 34, 1, 3),
('olrd03', 4, 31, 1, 3),
('olrd03', 5, 25, 2, 3),
('olrd03', 6, 22, 1, 4),
('olrd03', 7, 19, 1, 5),
('olrd03', 8, 40, 1, 5),
('olrd03', 9, 6, 2, 1),
('olrd03', 10, 14, 1, 4),
('olrd03', 11, 12, 3, 5),
('olrd03', 12, 39, 3, 5),
('olrd03', 13, 24, 4, 5),
('olrd03', 14, 33, 1, 4),
('olrd03', 15, 7, 3, 5),
('olrd03', 16, 8, 4, 5),
('olrd03', 17, 11, 1, 3),
('olrd03', 18, 15, 1, 2),
('olrd03', 19, 30, 4, 5),
('olrd03', 20, 16, 4, 1),
('olrd03', 21, 37, 3, 1),
('olrd03', 22, 9, 2, 4),
('olrd03', 23, 27, 3, 3),
('olrd03', 24, 13, 2, 1),
('olrd03', 25, 26, 2, 2),
('olrd03', 26, 20, 2, 4),
('olrd03', 27, 38, 3, 4),
('olrd03', 28, 29, 4, 2),
('olrd03', 29, 23, 4, 2),
('olrd03', 30, 36, 1, 2),
('olrd03', 31, 21, 4, 4),
('olrd03', 32, 28, 1, 4),
('olrd03', 33, 10, 1, 5),
('olrd03', 34, 41, 1, 4),
('olrd03', 35, 32, 4, 3),
('olrd03', 36, 18, 4, 1),
('peho13', 1, 32, 1, 5),
('peho13', 2, 19, 4, 1),
('peho13', 3, 40, 2, 5),
('peho13', 4, 17, 3, 4),
('peho13', 5, 41, 2, 2),
('peho13', 6, 33, 1, 2),
('peho13', 7, 12, 2, 3),
('peho13', 8, 25, 4, 1),
('peho13', 9, 26, 2, 5),
('peho13', 10, 28, 4, 4),
('peho13', 11, 29, 4, 5),
('peho13', 12, 24, 4, 4),
('peho13', 13, 20, 3, 4),
('peho13', 14, 39, 1, 1),
('peho13', 15, 23, 4, 3),
('peho13', 16, 27, 2, 2),
('peho13', 17, 37, 3, 3),
('peho13', 18, 9, 1, 1),
('peho13', 19, 14, 1, 3),
('peho13', 20, 7, 1, 1),
('peho13', 21, 35, 4, 5),
('peho13', 22, 30, 1, 2),
('peho13', 23, 36, 1, 3),
('peho13', 24, 22, 2, 3),
('peho13', 25, 10, 3, 4),
('peho13', 26, 15, 1, 5),
('peho13', 27, 11, 1, 5),
('peho13', 28, 21, 4, 3),
('peho13', 29, 34, 3, 2),
('peho13', 30, 16, 3, 5),
('peho13', 31, 31, 1, 4),
('peho13', 32, 18, 3, 3),
('peho13', 33, 38, 2, 3),
('peho13', 34, 6, 2, 4),
('peho13', 35, 8, 4, 2),
('peho13', 36, 13, 4, 3),
('Peld27', 1, 20, 1, 4),
('Peld27', 2, 8, 2, 1),
('Peld27', 3, 22, 4, 1),
('Peld27', 4, 33, 2, 1),
('Peld27', 5, 38, 4, 4),
('Peld27', 6, 27, 1, 5),
('Peld27', 7, 18, 4, 1),
('Peld27', 8, 29, 2, 1),
('Peld27', 9, 31, 1, 1),
('Peld27', 10, 15, 2, 3),
('Peld27', 11, 37, 3, 2),
('Peld27', 12, 23, 3, 3),
('Peld27', 13, 41, 3, 1),
('Peld27', 14, 32, 1, 1),
('Peld27', 15, 10, 4, 1),
('Peld27', 16, 24, 3, 5),
('Peld27', 17, 39, 3, 4),
('Peld27', 18, 17, 2, 4),
('Peld27', 19, 11, 4, 3),
('Peld27', 20, 36, 3, 5),
('Peld27', 21, 21, 4, 4),
('Peld27', 22, 28, 3, 1),
('Peld27', 23, 30, 4, 5),
('Peld27', 24, 14, 3, 4),
('Peld27', 25, 25, 4, 5),
('Peld27', 26, 6, 4, 4),
('Peld27', 27, 7, 3, 1),
('Peld27', 28, 40, 3, 2),
('Peld27', 29, 35, 1, 5),
('Peld27', 30, 12, 2, 4),
('Peld27', 31, 19, 3, 2),
('Peld27', 32, 34, 4, 2),
('Peld27', 33, 9, 3, 3),
('Peld27', 34, 16, 4, 3),
('Peld27', 35, 13, 1, 5),
('Peld27', 36, 26, 1, 2),
('peno25', 1, 22, 2, 4),
('peno25', 2, 27, 2, 1),
('peno25', 3, 35, 1, 5),
('peno25', 4, 28, 4, 5),
('peno25', 5, 17, 1, 2),
('peno25', 6, 7, 3, 1),
('peno25', 7, 29, 2, 4),
('peno25', 8, 6, 3, 1),
('peno25', 9, 10, 4, 5),
('peno25', 10, 33, 1, 3),
('peno25', 11, 39, 3, 2),
('peno25', 12, 37, 3, 4),
('peno25', 13, 19, 3, 3),
('peno25', 14, 36, 4, 1),
('peno25', 15, 31, 1, 4),
('peno25', 16, 24, 3, 1),
('peno25', 17, 30, 3, 3),
('peno25', 18, 34, 3, 1),
('peno25', 19, 20, 4, 2),
('peno25', 20, 32, 4, 1),
('peno25', 21, 21, 4, 1),
('peno25', 22, 41, 2, 3),
('peno25', 23, 14, 3, 2),
('peno25', 24, 13, 1, 1),
('peno25', 25, 38, 1, 3),
('peno25', 26, 15, 3, 4),
('peno25', 27, 26, 3, 2),
('peno25', 28, 16, 1, 5),
('peno25', 29, 25, 4, 5),
('peno25', 30, 40, 1, 2),
('peno25', 31, 12, 3, 1),
('peno25', 32, 18, 2, 4),
('peno25', 33, 11, 2, 2),
('peno25', 34, 23, 2, 4),
('peno25', 35, 8, 1, 4),
('peno25', 36, 9, 4, 1),
('reas07', 1, 13, 1, 4),
('reas07', 2, 35, 4, 5),
('reas07', 3, 28, 3, 2),
('reas07', 4, 26, 4, 2),
('reas07', 5, 12, 3, 5),
('reas07', 6, 40, 3, 1),
('reas07', 7, 11, 1, 1),
('reas07', 8, 24, 4, 3),
('reas07', 9, 9, 1, 3),
('reas07', 10, 30, 1, 4),
('reas07', 11, 16, 1, 4),
('reas07', 12, 22, 2, 1),
('reas07', 13, 27, 1, 2),
('reas07', 14, 34, 3, 5),
('reas07', 15, 7, 2, 5),
('reas07', 16, 31, 1, 5),
('reas07', 17, 29, 4, 1),
('reas07', 18, 21, 4, 4),
('reas07', 19, 36, 3, 5),
('reas07', 20, 25, 2, 5),
('reas07', 21, 38, 4, 1),
('reas07', 22, 37, 2, 4),
('reas07', 23, 18, 2, 4),
('reas07', 24, 20, 4, 4),
('reas07', 25, 23, 2, 2),
('reas07', 26, 19, 1, 5),
('reas07', 27, 17, 4, 3),
('reas07', 28, 15, 2, 5),
('reas07', 29, 8, 2, 5),
('reas07', 30, 14, 3, 3),
('reas07', 31, 10, 4, 5),
('reas07', 32, 6, 2, 3),
('reas07', 33, 39, 3, 4),
('reas07', 34, 33, 3, 5),
('reas07', 35, 41, 1, 1),
('reas07', 36, 32, 4, 1),
('roie27', 1, 16, 4, 3),
('roie27', 2, 32, 4, 2),
('roie27', 3, 30, 4, 2),
('roie27', 4, 6, 3, 1),
('roie27', 5, 11, 3, 3),
('roie27', 6, 37, 1, 3),
('roie27', 7, 14, 2, 3),
('roie27', 8, 13, 3, 1),
('roie27', 9, 10, 1, 4),
('roie27', 10, 38, 4, 5),
('roie27', 11, 27, 2, 3),
('roie27', 12, 12, 2, 1),
('roie27', 13, 31, 2, 3),
('roie27', 14, 19, 3, 2),
('roie27', 15, 39, 4, 2),
('roie27', 16, 21, 3, 1),
('roie27', 17, 9, 4, 4),
('roie27', 18, 36, 2, 3),
('roie27', 19, 33, 4, 1),
('roie27', 20, 7, 2, 1),
('roie27', 21, 29, 2, 3),
('roie27', 22, 18, 2, 2),
('roie27', 23, 26, 3, 4),
('roie27', 24, 40, 1, 1),
('roie27', 25, 22, 4, 1),
('roie27', 26, 24, 3, 2),
('roie27', 27, 34, 4, 2),
('roie27', 28, 28, 2, 4),
('roie27', 29, 15, 3, 2),
('roie27', 30, 35, 4, 3),
('roie27', 31, 41, 3, 5),
('roie27', 32, 17, 1, 4),
('roie27', 33, 25, 3, 5),
('roie27', 34, 20, 3, 3),
('roie27', 35, 23, 3, 4),
('roie27', 36, 8, 4, 4),
('saht28', 1, 10, 2, 4),
('saht28', 2, 6, 3, 4),
('saht28', 3, 8, 1, 5),
('saht28', 4, 31, 1, 4),
('saht28', 5, 26, 3, 5),
('saht28', 6, 25, 1, 1),
('saht28', 7, 41, 2, 3),
('saht28', 8, 28, 3, 3),
('saht28', 9, 21, 2, 4),
('saht28', 10, 9, 4, 4),
('saht28', 11, 20, 1, 3),
('saht28', 12, 12, 2, 5),
('saht28', 13, 11, 2, 4),
('saht28', 14, 23, 3, 3),
('saht28', 15, 13, 3, 1),
('saht28', 16, 16, 2, 2),
('saht28', 17, 34, 3, 3),
('saht28', 18, 29, 1, 1),
('saht28', 19, 7, 3, 5),
('saht28', 20, 38, 3, 5),
('saht28', 21, 32, 2, 5),
('saht28', 22, 18, 2, 5),
('saht28', 23, 40, 1, 3),
('saht28', 24, 15, 2, 4),
('saht28', 25, 39, 2, 4),
('saht28', 26, 14, 1, 5),
('saht28', 27, 33, 3, 3),
('saht28', 28, 24, 3, 5),
('saht28', 29, 22, 1, 3),
('saht28', 30, 27, 3, 2),
('saht28', 31, 35, 2, 3),
('saht28', 32, 30, 4, 5),
('saht28', 33, 37, 2, 2),
('saht28', 34, 36, 4, 4),
('saht28', 35, 17, 1, 2),
('saht28', 36, 19, 1, 5),
('Sico09', 1, 28, 2, 3),
('Sico09', 2, 9, 3, 3),
('Sico09', 3, 8, 1, 2),
('Sico09', 4, 19, 3, 1),
('Sico09', 5, 24, 3, 2),
('Sico09', 6, 13, 2, 1),
('Sico09', 7, 21, 4, 3),
('Sico09', 8, 38, 2, 2),
('Sico09', 9, 27, 4, 3),
('Sico09', 10, 20, 3, 2),
('Sico09', 11, 41, 3, 1),
('Sico09', 12, 25, 1, 1),
('Sico09', 13, 26, 1, 1),
('Sico09', 14, 6, 4, 3),
('Sico09', 15, 36, 1, 5),
('Sico09', 16, 7, 2, 2),
('Sico09', 17, 14, 1, 4),
('Sico09', 18, 22, 1, 1),
('Sico09', 19, 35, 1, 5),
('Sico09', 20, 33, 3, 5),
('Sico09', 21, 17, 2, 2),
('Sico09', 22, 10, 1, 5),
('Sico09', 23, 29, 4, 2),
('Sico09', 24, 12, 4, 1),
('Sico09', 25, 34, 3, 2),
('Sico09', 26, 31, 2, 5),
('Sico09', 27, 39, 4, 3),
('Sico09', 28, 15, 4, 3),
('Sico09', 29, 37, 1, 1),
('Sico09', 30, 18, 2, 3),
('Sico09', 31, 23, 1, 1),
('Sico09', 32, 30, 1, 5),
('Sico09', 33, 11, 2, 4),
('Sico09', 34, 32, 4, 5),
('Sico09', 35, 40, 4, 4),
('Sico09', 36, 16, 2, 2),
('test001', 1, 23, 4, 4),
('test001', 2, 14, 2, 3),
('test001', 3, 9, 2, 1),
('test001', 4, 37, 2, 1),
('test001', 5, 21, 2, 4),
('test001', 6, 31, 2, 1),
('test001', 7, 32, 2, 3),
('test001', 8, 36, 3, 1),
('test001', 9, 41, 2, 1),
('test001', 10, 20, 1, 1),
('test001', 11, 7, 1, 5),
('test001', 12, 15, 4, 5),
('test001', 13, 34, 1, 5),
('test001', 14, 16, 3, 4),
('test001', 15, 26, 1, 1),
('test001', 16, 28, 2, 3),
('test001', 17, 24, 3, 1),
('test001', 18, 12, 4, 2),
('test001', 19, 27, 1, 3),
('test001', 20, 19, 1, 1),
('test001', 21, 13, 3, 3),
('test001', 22, 29, 1, 5),
('test001', 23, 30, 1, 5),
('test001', 24, 18, 3, 3),
('test001', 25, 11, 1, 4),
('test001', 26, 38, 3, 5),
('test001', 27, 33, 4, 1),
('test001', 28, 6, 3, 2),
('test001', 29, 39, 2, 1),
('test001', 30, 17, 3, 4),
('test001', 31, 10, 4, 3),
('test001', 32, 8, 2, 5),
('test001', 33, 40, 4, 2),
('test001', 34, 25, 2, 2),
('test001', 35, 22, 4, 4),
('test001', 36, 35, 4, 5),
('test034', 1, 35, 1, 5),
('test034', 2, 40, 4, 5),
('test034', 3, 20, 2, 5),
('test034', 4, 22, 3, 5),
('test034', 5, 8, 1, 3),
('test034', 6, 13, 3, 1),
('test034', 7, 28, 2, 4),
('test034', 8, 26, 2, 4),
('test034', 9, 14, 1, 3),
('test034', 10, 11, 2, 3),
('test034', 11, 38, 4, 3),
('test034', 12, 21, 2, 1),
('test034', 13, 32, 1, 3),
('test034', 14, 6, 3, 4),
('test034', 15, 17, 4, 5),
('test034', 16, 19, 4, 3),
('test034', 17, 18, 1, 5),
('test034', 18, 29, 4, 4),
('test034', 19, 31, 3, 4),
('test034', 20, 27, 3, 5),
('test034', 21, 7, 3, 5),
('test034', 22, 36, 3, 1),
('test034', 23, 24, 3, 3),
('test034', 24, 34, 2, 4),
('test034', 25, 10, 2, 2),
('test034', 26, 23, 2, 1),
('test034', 27, 41, 1, 5),
('test034', 28, 37, 3, 3),
('test034', 29, 15, 2, 1),
('test034', 30, 12, 4, 2),
('test034', 31, 25, 4, 3),
('test034', 32, 9, 4, 5),
('test034', 33, 30, 1, 5),
('test034', 34, 39, 3, 2),
('test034', 35, 33, 3, 5),
('test034', 36, 16, 3, 1),
('test24', 1, 15, 2, 1),
('test24', 2, 31, 2, 1),
('test24', 3, 22, 3, 2),
('test24', 4, 11, 1, 4),
('test24', 5, 16, 2, 1),
('test24', 6, 20, 3, 2),
('test24', 7, 40, 3, 4),
('test24', 8, 33, 1, 5),
('test24', 9, 24, 4, 4),
('test24', 10, 25, 4, 2),
('test24', 11, 7, 4, 5),
('test24', 12, 9, 3, 3),
('test24', 13, 27, 3, 4),
('test24', 14, 35, 2, 1),
('test24', 15, 41, 4, 5),
('test24', 16, 34, 4, 5),
('test24', 17, 14, 3, 5),
('test24', 18, 17, 4, 2),
('test24', 19, 10, 3, 5),
('test24', 20, 32, 3, 5),
('test24', 21, 38, 1, 2),
('test24', 22, 23, 3, 3),
('test24', 23, 18, 4, 3),
('test24', 24, 28, 3, 3),
('test24', 25, 8, 4, 2),
('test24', 26, 21, 3, 2),
('test24', 27, 6, 4, 4),
('test24', 28, 29, 2, 1),
('test24', 29, 26, 4, 4),
('test24', 30, 30, 1, 1),
('test24', 31, 19, 4, 5),
('test24', 32, 37, 1, 3),
('test24', 33, 12, 4, 5),
('test24', 34, 39, 3, 1),
('test24', 35, 13, 4, 5),
('test24', 36, 36, 3, 1),
('TEst45432', 1, 36, 3, 3),
('TEst45432', 2, 39, 3, 2),
('TEst45432', 3, 32, 1, 4),
('TEst45432', 4, 10, 2, 5),
('TEst45432', 5, 24, 4, 2),
('TEst45432', 6, 22, 3, 2),
('TEst45432', 7, 29, 3, 4),
('TEst45432', 8, 33, 3, 4),
('TEst45432', 9, 8, 3, 5),
('TEst45432', 10, 41, 2, 3),
('TEst45432', 11, 12, 2, 2),
('TEst45432', 12, 27, 1, 5),
('TEst45432', 13, 15, 1, 3),
('TEst45432', 14, 31, 3, 1),
('TEst45432', 15, 28, 4, 1),
('TEst45432', 16, 25, 3, 1),
('TEst45432', 17, 16, 2, 1),
('TEst45432', 18, 30, 1, 4),
('TEst45432', 19, 21, 1, 5),
('TEst45432', 20, 11, 1, 5),
('TEst45432', 21, 26, 1, 3),
('TEst45432', 22, 18, 1, 5),
('TEst45432', 23, 38, 1, 3),
('TEst45432', 24, 14, 2, 3),
('TEst45432', 25, 23, 3, 5),
('TEst45432', 26, 37, 4, 3),
('TEst45432', 27, 19, 4, 1),
('TEst45432', 28, 9, 3, 1),
('TEst45432', 29, 35, 2, 1),
('TEst45432', 30, 13, 2, 2),
('TEst45432', 31, 7, 4, 4),
('TEst45432', 32, 20, 1, 3),
('TEst45432', 33, 34, 3, 4),
('TEst45432', 34, 40, 3, 3),
('TEst45432', 35, 17, 1, 2),
('TEst45432', 36, 6, 3, 1);

--
-- Constraints der exportierten Tabellen
--

--
-- Constraints der Tabelle `adresses`
--
ALTER TABLE `adresses`
  ADD CONSTRAINT `adresses_ibfk_1` FOREIGN KEY (`cityID`) REFERENCES `cities` (`cityID`);

--
-- Constraints der Tabelle `concretetasks`
--
ALTER TABLE `concretetasks`
  ADD CONSTRAINT `concretetasks_ibfk_1` FOREIGN KEY (`nameID`) REFERENCES `names` (`nameID`),
  ADD CONSTRAINT `concretetasks_ibfk_2` FOREIGN KEY (`photoID`) REFERENCES `photos` (`photoID`),
  ADD CONSTRAINT `concretetasks_ibfk_3` FOREIGN KEY (`adressID`) REFERENCES `adresses` (`adressID`),
  ADD CONSTRAINT `concretetasks_ibfk_5` FOREIGN KEY (`levelID`) REFERENCES `levels` (`levelID`),
  ADD CONSTRAINT `concretetasks_ibfk_6` FOREIGN KEY (`vpID`) REFERENCES `vps` (`vpID`);

--
-- Constraints der Tabelle `demographics`
--
ALTER TABLE `demographics`
  ADD CONSTRAINT `demographics_ibfk_1` FOREIGN KEY (`vpID`) REFERENCES `vps` (`vpID`);

--
-- Constraints der Tabelle `levels`
--
ALTER TABLE `levels`
  ADD CONSTRAINT `levels_ibfk_1` FOREIGN KEY (`noteID`) REFERENCES `noten` (`noteID`),
  ADD CONSTRAINT `levels_ibfk_2` FOREIGN KEY (`anzahlID`) REFERENCES `anzahlen` (`anzahlID`);

--
-- Constraints der Tabelle `responses`
--
ALTER TABLE `responses`
  ADD CONSTRAINT `responses_ibfk_2` FOREIGN KEY (`locPos`) REFERENCES `concretetasks` (`locPos`),
  ADD CONSTRAINT `responses_ibfk_3` FOREIGN KEY (`vpID`) REFERENCES `vps` (`vpID`);

--
-- Constraints der Tabelle `scen_levels`
--
ALTER TABLE `scen_levels`
  ADD CONSTRAINT `scen_levels_ibfk_1` FOREIGN KEY (`scenID`) REFERENCES `scenarios` (`scenID`),
  ADD CONSTRAINT `scen_levels_ibfk_2` FOREIGN KEY (`levelID`) REFERENCES `levels` (`levelID`);

--
-- Constraints der Tabelle `set_scens`
--
ALTER TABLE `set_scens`
  ADD CONSTRAINT `set_scens_ibfk_1` FOREIGN KEY (`scenID`) REFERENCES `scenarios` (`scenID`),
  ADD CONSTRAINT `set_scens_ibfk_2` FOREIGN KEY (`setID`) REFERENCES `sets` (`setID`);

--
-- Constraints der Tabelle `vp_scen_order`
--
ALTER TABLE `vp_scen_order`
  ADD CONSTRAINT `vp_scen_order_ibfk_2` FOREIGN KEY (`scenID`) REFERENCES `scenarios` (`scenID`),
  ADD CONSTRAINT `vp_scen_order_ibfk_3` FOREIGN KEY (`cityID`) REFERENCES `cities` (`cityID`),
  ADD CONSTRAINT `vp_scen_order_ibfk_4` FOREIGN KEY (`fieldID`) REFERENCES `medicalfields` (`fieldID`),
  ADD CONSTRAINT `vp_scen_order_ibfk_5` FOREIGN KEY (`vpID`) REFERENCES `vps` (`vpID`);

/*!40101 SET CHARACTER_SET_CLIENT=@OLD_CHARACTER_SET_CLIENT */;
/*!40101 SET CHARACTER_SET_RESULTS=@OLD_CHARACTER_SET_RESULTS */;
/*!40101 SET COLLATION_CONNECTION=@OLD_COLLATION_CONNECTION */;
